Order ID,Customer ID,Product Category,Sales Amount,Quantity,Order Date,State
1001,CUST_501,Electronics,3866,5,21-10-2025,Karnataka
1002,CUST_216,Electronics,4486,4,01-02-2025,Rajasthan
1003,CUST_164,Clothing,235,3,07-08-2025,Delhi
1004,CUST_284,Clothing,3431,2,06-11-2025,Mumbai
1005,CUST_171,Electronics,3165,2,25-11-2025,Rajasthan
1006,CUST_200,Home Decor,1513,4,18-06-2025,Delhi
1007,CUST_233,Electronics,4571,3,06-08-2025,Karnataka
1008,CUST_263,Electronics,2299,1,24-07-2025,UP
1009,CUST_140,Home Decor,4747,3,07-08-2025,Karnataka
1010,CUST_265,Electronics,2849,4,20-09-2025,Mumbai
1011,CUST_160,Books,4267,4,14-11-2025,Delhi
1012,CUST_127,Electronics,100,1,23-03-2025,Mumbai
1013,CUST_159,Clothing,3074,1,26-08-2025,Karnataka
1014,CUST_105,Electronics,3134,2,16-12-2025,Rajasthan
1015,CUST_124,Home Decor,4582,3,24-02-2025,UP
1016,CUST_217,Books,3395,2,16-09-2025,Mumbai
1017,CUST_101,Books,1438,1,23-08-2025,UP
1018,CUST_225,Electronics,2141,5,21-10-2025,Rajasthan
1019,CUST_142,Home Decor,4938,2,30-03-2025,Karnataka
1020,CUST_210,Books,2168,4,27-03-2025,Karnataka
1021,CUST_157,Books,3446,2,07-10-2025,Rajasthan
1022,CUST_199,Clothing,1442,3,04-08-2025,UP
1023,CUST_235,Clothing,644,2,25-06-2025,UP
1024,CUST_237,Books,3992,5,28-08-2025,Mumbai
1025,CUST_204,Clothing,3621,3,08-05-2025,UP
1026,CUST_241,Electronics,4113,3,07-12-2025,Karnataka
1027,CUST_230,Home Decor,1954,3,22-12-2025,Delhi
1028,CUST_150,Electronics,1141,1,18-12-2025,Delhi
1029,CUST_105,Electronics,1001,1,14-04-2025,Delhi
1030,CUST_299,Electronics,4100,3,10-05-2025,UP
1031,CUST_263,Home Decor,1612,1,15-12-2025,UP
1032,CUST_290,Electronics,113,5,04-06-2025,Karnataka
1033,CUST_130,Electronics,3111,5,13-05-2025,Delhi
1034,CUST_139,Books,532,3,11-08-2025,Karnataka
1035,CUST_187,Electronics,4354,3,21-03-2025,Mumbai
1036,CUST_199,Home Decor,123,3,27-09-2025,Karnataka
1037,CUST_236,Clothing,2375,4,09-11-2025,Rajasthan
1038,CUST_112,Clothing,578,1,21-04-2025,Rajasthan
1039,CUST_177,Home Decor,1766,1,19-06-2025,Mumbai
1040,CUST_264,Electronics,1013,2,15-09-2025,UP
1041,CUST_194,Books,2792,1,03-11-2025,Mumbai
1042,CUST_109,Home Decor,4982,3,27-07-2025,Delhi
1043,CUST_281,Clothing,2980,5,20-10-2025,Rajasthan
1044,CUST_232,Home Decor,125,1,22-01-2025,UP
1045,CUST_221,Clothing,1765,4,20-10-2025,Karnataka
1046,CUST_164,Clothing,4574,4,01-12-2025,UP
1047,CUST_158,Home Decor,1875,3,21-10-2025,Rajasthan
1048,CUST_300,Home Decor,485,2,01-10-2025,UP
1049,CUST_104,Books,4583,2,14-03-2025,Rajasthan
1050,CUST_137,Clothing,4617,4,04-09-2025,Delhi
1051,CUST_102,Electronics,1894,5,08-02-2025,Karnataka
1052,CUST_194,Books,273,2,16-11-2025,Delhi
1053,CUST_293,Home Decor,4581,1,30-10-2025,Rajasthan
1054,CUST_171,Clothing,2028,4,09-03-2025,Rajasthan
1055,CUST_183,Clothing,2841,1,19-03-2025,Karnataka
1056,CUST_193,Clothing,1155,2,09-02-2025,Delhi
1057,CUST_125,Electronics,2924,4,04-09-2025,Mumbai
1058,CUST_253,Home Decor,3567,3,14-04-2025,UP
1059,CUST_267,Electronics,3305,4,23-06-2025,Mumbai
1060,CUST_163,Clothing,2933,2,29-04-2025,Mumbai
1061,CUST_276,Books,4230,4,11-02-2025,Delhi
1062,CUST_258,Electronics,3536,1,17-01-2025,UP
1063,CUST_286,Home Decor,2457,2,02-08-2025,Rajasthan
1064,CUST_117,Clothing,4304,2,15-05-2025,Delhi
1065,CUST_237,Clothing,3985,1,11-05-2025,UP
1066,CUST_212,Clothing,2194,2,17-04-2025,Karnataka
1067,CUST_288,Books,2083,1,04-08-2025,Rajasthan
1068,CUST_281,Electronics,2582,3,03-08-2025,Delhi
1069,CUST_183,Books,4600,5,18-08-2025,Rajasthan
1070,CUST_116,Books,4464,3,24-02-2025,Delhi
1071,CUST_148,Home Decor,3121,3,27-12-2025,Rajasthan
1072,CUST_143,Electronics,3984,5,12-04-2025,UP
1073,CUST_123,Books,4399,5,03-01-2025,Mumbai
1074,CUST_247,Clothing,3968,4,24-09-2025,Karnataka
1075,CUST_107,Electronics,3597,1,02-10-2025,Rajasthan
1076,CUST_236,Books,638,3,25-08-2025,Rajasthan
1077,CUST_294,Electronics,2043,5,05-10-2025,Mumbai
1078,CUST_289,Books,1591,5,29-05-2025,Delhi
1079,CUST_212,Clothing,1613,4,09-05-2025,Delhi
1080,CUST_270,Electronics,2172,4,09-06-2025,Karnataka
1081,CUST_143,Books,3842,4,24-09-2025,UP
1082,CUST_290,Home Decor,4544,1,08-06-2025,Rajasthan
1083,CUST_250,Books,4425,1,02-12-2025,Rajasthan
1084,CUST_242,Books,4236,5,25-01-2025,Delhi
1085,CUST_232,Clothing,3777,1,25-09-2025,Karnataka
1086,CUST_180,Clothing,860,1,27-05-2025,UP
1087,CUST_205,Clothing,3858,2,08-05-2025,Delhi
1088,CUST_227,Clothing,634,3,25-03-2025,UP
1089,CUST_161,Electronics,2695,2,27-03-2025,UP
1090,CUST_140,Electronics,3303,3,18-08-2025,Karnataka
1091,CUST_239,Electronics,4237,1,27-03-2025,Mumbai
1092,CUST_150,Home Decor,4141,3,21-03-2025,UP
1093,CUST_209,Books,4979,1,03-10-2025,Delhi
1094,CUST_104,Home Decor,1688,5,04-12-2025,Karnataka
1095,CUST_139,Clothing,1273,5,09-03-2025,UP
1096,CUST_272,Books,172,3,20-02-2025,Rajasthan
1097,CUST_171,Home Decor,3787,4,11-02-2025,UP
1098,CUST_132,Home Decor,1482,1,06-08-2025,Rajasthan
1099,CUST_270,Home Decor,4219,1,26-03-2025,UP
1100,CUST_271,Clothing,4831,1,17-04-2025,Karnataka
1101,CUST_193,Electronics,3905,1,28-09-2025,Mumbai
1102,CUST_161,Home Decor,4404,3,01-04-2025,Delhi
1103,CUST_148,Clothing,4220,2,21-01-2025,Karnataka
1104,CUST_132,Books,1018,5,28-05-2025,Karnataka
1105,CUST_167,Home Decor,1757,3,05-05-2025,Rajasthan
1106,CUST_193,Home Decor,4209,3,16-09-2025,Mumbai
1107,CUST_206,Clothing,2031,4,21-06-2025,Mumbai
1108,CUST_245,Clothing,151,4,20-05-2025,Mumbai
1109,CUST_222,Home Decor,3209,1,20-02-2025,Mumbai
1110,CUST_273,Clothing,2902,3,24-06-2025,UP
1111,CUST_246,Home Decor,1204,3,09-12-2025,Karnataka
1112,CUST_204,Home Decor,4340,5,02-11-2025,Mumbai
1113,CUST_155,Home Decor,4465,3,19-11-2025,Mumbai
1114,CUST_141,Books,3562,5,27-01-2025,Karnataka
1115,CUST_236,Electronics,1337,2,27-03-2025,Mumbai
1116,CUST_239,Home Decor,442,2,09-01-2025,Rajasthan
1117,CUST_181,Clothing,4833,4,16-04-2025,Mumbai
1118,CUST_106,Home Decor,732,3,16-01-2025,Mumbai
1119,CUST_164,Clothing,4198,1,17-01-2025,UP
1120,CUST_255,Books,2676,3,29-12-2025,Delhi
1121,CUST_214,Clothing,431,4,16-02-2025,Rajasthan
1122,CUST_222,Home Decor,4961,3,16-07-2025,Delhi
1123,CUST_186,Home Decor,4771,2,30-01-2025,Mumbai
1124,CUST_153,Clothing,3817,1,14-02-2025,Karnataka
1125,CUST_237,Clothing,2707,3,07-04-2025,UP
1126,CUST_299,Books,2815,3,26-06-2025,Mumbai
1127,CUST_127,Clothing,4679,5,07-03-2025,Karnataka
1128,CUST_262,Clothing,3090,1,21-10-2025,Mumbai
1129,CUST_104,Home Decor,1577,2,14-04-2025,Rajasthan
1130,CUST_174,Home Decor,172,2,05-12-2025,Rajasthan
1131,CUST_139,Clothing,4589,5,31-12-2025,Karnataka
1132,CUST_245,Electronics,1839,4,14-04-2025,Rajasthan
1133,CUST_117,Books,1315,2,27-07-2025,Mumbai
1134,CUST_211,Electronics,3573,1,28-09-2025,Rajasthan
1135,CUST_160,Electronics,2215,4,13-10-2025,UP
1136,CUST_269,Clothing,2409,1,27-10-2025,Mumbai
1137,CUST_174,Clothing,4150,1,09-11-2025,Delhi
1138,CUST_149,Home Decor,2971,4,09-09-2025,Delhi
1139,CUST_155,Books,683,1,06-06-2025,Delhi
1140,CUST_165,Home Decor,2118,2,02-08-2025,Rajasthan
1141,CUST_275,Clothing,3308,4,21-05-2025,Delhi
1142,CUST_282,Home Decor,223,2,04-12-2025,UP
1143,CUST_104,Books,1612,4,14-05-2025,Delhi
1144,CUST_296,Electronics,1932,5,03-10-2025,Delhi
1145,CUST_273,Home Decor,4314,2,04-05-2025,Karnataka
1146,CUST_248,Electronics,197,5,06-03-2025,Mumbai
1147,CUST_145,Books,3008,5,04-03-2025,Delhi
1148,CUST_185,Home Decor,2142,1,15-05-2025,Karnataka
1149,CUST_258,Books,3004,4,18-03-2025,Mumbai
1150,CUST_145,Clothing,3219,4,07-09-2025,Delhi
1151,CUST_112,Home Decor,4200,4,27-08-2025,Mumbai
1152,CUST_231,Home Decor,368,2,25-03-2025,Rajasthan
1153,CUST_137,Electronics,2808,1,02-01-2025,Rajasthan
1154,CUST_190,Clothing,2568,2,05-12-2025,Mumbai
1155,CUST_260,Electronics,1915,4,05-08-2025,Rajasthan
1156,CUST_226,Clothing,746,2,23-05-2025,Karnataka
1157,CUST_195,Home Decor,1402,4,15-03-2025,Mumbai
1158,CUST_169,Clothing,764,3,22-04-2025,Delhi
1159,CUST_300,Home Decor,868,4,26-08-2025,Karnataka
1160,CUST_143,Clothing,2064,5,22-10-2025,Mumbai
1161,CUST_125,Books,2769,5,24-08-2025,Rajasthan
1162,CUST_179,Clothing,669,3,10-11-2025,Rajasthan
1163,CUST_106,Clothing,848,1,21-05-2025,Delhi
1164,CUST_231,Home Decor,3790,4,28-04-2025,UP
1165,CUST_241,Clothing,2237,5,02-07-2025,Karnataka
1166,CUST_144,Clothing,4771,4,01-08-2025,Delhi
1167,CUST_117,Electronics,1800,5,07-01-2025,Karnataka
1168,CUST_150,Home Decor,2591,3,20-03-2025,Mumbai
1169,CUST_233,Home Decor,3154,2,18-11-2025,Rajasthan
1170,CUST_200,Electronics,4835,5,23-12-2025,Mumbai
1171,CUST_247,Clothing,362,5,09-05-2025,Mumbai
1172,CUST_114,Home Decor,4206,5,02-04-2025,Rajasthan
1173,CUST_277,Electronics,1557,2,18-08-2025,Mumbai
1174,CUST_283,Electronics,3041,1,30-03-2025,UP
1175,CUST_206,Electronics,2401,5,21-01-2025,Delhi
1176,CUST_293,Clothing,4110,2,05-04-2025,UP
1177,CUST_181,Books,2943,5,23-07-2025,Delhi
1178,CUST_284,Electronics,1787,5,31-05-2025,Mumbai
1179,CUST_241,Electronics,2882,1,06-02-2025,Karnataka
1180,CUST_206,Electronics,2003,5,14-09-2025,Rajasthan
1181,CUST_287,Clothing,1181,3,20-01-2025,UP
1182,CUST_163,Books,756,4,05-12-2025,Rajasthan
1183,CUST_184,Books,1969,5,08-02-2025,Rajasthan
1184,CUST_278,Electronics,2939,3,14-11-2025,Rajasthan
1185,CUST_206,Books,4796,4,29-11-2025,Delhi
1186,CUST_167,Clothing,1591,1,28-05-2025,Rajasthan
1187,CUST_216,Books,1226,3,15-04-2025,Rajasthan
1188,CUST_243,Electronics,605,3,21-10-2025,Delhi
1189,CUST_131,Books,3995,5,30-04-2025,Mumbai
1190,CUST_110,Books,4546,4,11-11-2025,UP
1191,CUST_252,Home Decor,4340,1,04-09-2025,Rajasthan
1192,CUST_209,Home Decor,1811,4,10-05-2025,Karnataka
1193,CUST_204,Books,3526,2,02-04-2025,Karnataka
1194,CUST_271,Electronics,2496,3,10-12-2025,Karnataka
1195,CUST_158,Home Decor,3221,1,14-05-2025,UP
1196,CUST_240,Home Decor,4396,4,06-06-2025,UP
1197,CUST_291,Home Decor,4412,5,23-12-2025,Rajasthan
1198,CUST_288,Books,3608,1,06-01-2025,Karnataka
1199,CUST_151,Books,1226,3,17-05-2025,UP
1200,CUST_169,Books,2908,4,22-03-2025,Rajasthan
1201,CUST_105,Clothing,1638,1,16-12-2025,Rajasthan
1202,CUST_225,Electronics,2168,3,12-01-2025,UP
1203,CUST_148,Electronics,2568,2,25-02-2025,Rajasthan
1204,CUST_182,Books,3379,5,12-01-2025,UP
1205,CUST_281,Books,2743,5,02-12-2025,Rajasthan
1206,CUST_171,Clothing,3076,4,25-06-2025,Rajasthan
1207,CUST_279,Books,3581,5,21-06-2025,Karnataka
1208,CUST_104,Home Decor,843,2,10-10-2025,Delhi
1209,CUST_163,Electronics,1318,4,12-04-2025,UP
1210,CUST_153,Home Decor,2740,5,30-04-2025,UP
1211,CUST_129,Home Decor,767,3,14-12-2025,Rajasthan
1212,CUST_263,Electronics,3442,1,14-01-2025,Karnataka
1213,CUST_286,Clothing,842,1,24-06-2025,UP
1214,CUST_203,Home Decor,2131,4,25-03-2025,Rajasthan
1215,CUST_233,Books,731,2,18-09-2025,Rajasthan
1216,CUST_296,Home Decor,2613,1,05-01-2025,Karnataka
1217,CUST_210,Electronics,224,5,07-11-2025,Rajasthan
1218,CUST_153,Home Decor,4956,5,05-03-2025,Mumbai
1219,CUST_257,Electronics,3290,5,21-04-2025,Delhi
1220,CUST_243,Home Decor,1548,3,10-08-2025,Karnataka
1221,CUST_272,Clothing,4013,3,27-11-2025,Karnataka
1222,CUST_186,Books,4195,5,05-05-2025,Karnataka
1223,CUST_166,Home Decor,816,3,04-03-2025,Mumbai
1224,CUST_173,Electronics,3811,1,22-10-2025,Karnataka
1225,CUST_238,Home Decor,3028,5,09-10-2025,Mumbai
1226,CUST_233,Home Decor,4525,2,10-04-2025,Rajasthan
1227,CUST_163,Home Decor,1263,4,03-10-2025,Karnataka
1228,CUST_177,Clothing,4871,1,25-03-2025,UP
1229,CUST_143,Clothing,2087,4,12-11-2025,Mumbai
1230,CUST_297,Electronics,2989,4,26-02-2025,UP
1231,CUST_129,Home Decor,3509,4,18-06-2025,Delhi
1232,CUST_100,Clothing,2959,4,04-01-2025,Rajasthan
1233,CUST_261,Home Decor,777,3,16-05-2025,Karnataka
1234,CUST_150,Books,3769,4,11-07-2025,Rajasthan
1235,CUST_266,Clothing,4455,1,27-10-2025,Delhi
1236,CUST_121,Electronics,4908,1,13-05-2025,Rajasthan
1237,CUST_187,Clothing,1526,2,26-11-2025,Delhi
1238,CUST_142,Clothing,4611,5,01-12-2025,Mumbai
1239,CUST_175,Clothing,610,5,04-10-2025,Mumbai
1240,CUST_237,Home Decor,1694,2,11-01-2025,Mumbai
1241,CUST_284,Home Decor,4104,5,20-08-2025,Delhi
1242,CUST_255,Books,2093,4,12-08-2025,Delhi
1243,CUST_195,Electronics,1057,4,28-12-2025,UP
1244,CUST_144,Home Decor,365,1,18-01-2025,UP
1245,CUST_151,Electronics,2271,4,24-09-2025,Delhi
1246,CUST_232,Books,993,5,13-12-2025,UP
1247,CUST_191,Clothing,1151,4,08-12-2025,Mumbai
1248,CUST_195,Electronics,4443,3,07-07-2025,Mumbai
1249,CUST_146,Electronics,4942,2,20-06-2025,Delhi
1250,CUST_185,Electronics,3465,5,08-08-2025,UP
1251,CUST_176,Books,3467,2,12-10-2025,UP
1252,CUST_199,Home Decor,3996,2,12-07-2025,Rajasthan
1253,CUST_268,Clothing,3597,3,19-08-2025,Delhi
1254,CUST_103,Clothing,3020,1,03-11-2025,Karnataka
1255,CUST_211,Electronics,3167,3,21-10-2025,Karnataka
1256,CUST_115,Books,4203,3,02-07-2025,Rajasthan
1257,CUST_247,Electronics,3091,1,10-10-2025,Mumbai
1258,CUST_106,Electronics,1799,1,03-04-2025,Rajasthan
1259,CUST_164,Clothing,2566,5,04-11-2025,Delhi
1260,CUST_271,Home Decor,4052,3,15-06-2025,Rajasthan
1261,CUST_275,Home Decor,1598,5,25-10-2025,UP
1262,CUST_263,Electronics,3783,5,16-07-2025,Mumbai
1263,CUST_208,Home Decor,3329,4,02-11-2025,UP
1264,CUST_112,Electronics,3759,3,19-05-2025,Delhi
1265,CUST_128,Clothing,4697,3,13-12-2025,Delhi
1266,CUST_148,Clothing,2162,2,14-11-2025,Delhi
1267,CUST_163,Home Decor,1450,5,20-10-2025,Karnataka
1268,CUST_191,Home Decor,1519,2,25-01-2025,UP
1269,CUST_195,Home Decor,2864,3,01-07-2025,UP
1270,CUST_151,Books,2689,3,10-11-2025,Delhi
1271,CUST_140,Books,1620,4,12-12-2025,Karnataka
1272,CUST_182,Electronics,2405,1,27-02-2025,Delhi
1273,CUST_216,Electronics,2961,1,30-08-2025,UP
1274,CUST_158,Clothing,4435,2,08-03-2025,Delhi
1275,CUST_261,Clothing,1289,5,31-07-2025,Karnataka
1276,CUST_257,Books,2624,3,05-07-2025,Mumbai
1277,CUST_240,Books,2438,5,11-03-2025,Rajasthan
1278,CUST_297,Electronics,4765,2,03-06-2025,Delhi
1279,CUST_225,Books,4090,1,12-07-2025,UP
1280,CUST_147,Home Decor,693,1,22-09-2025,UP
1281,CUST_225,Clothing,4015,5,19-04-2025,Karnataka
1282,CUST_177,Clothing,309,5,15-06-2025,Karnataka
1283,CUST_150,Home Decor,2716,3,05-04-2025,UP
1284,CUST_129,Electronics,3164,4,23-06-2025,Rajasthan
1285,CUST_207,Home Decor,3308,5,03-04-2025,Mumbai
1286,CUST_248,Electronics,132,1,13-02-2025,Delhi
1287,CUST_104,Books,779,5,05-12-2025,UP
1288,CUST_175,Electronics,1170,4,13-08-2025,Mumbai
1289,CUST_266,Home Decor,4963,4,23-03-2025,Karnataka
1290,CUST_138,Clothing,408,4,11-12-2025,Delhi
1291,CUST_135,Books,4622,1,28-02-2025,Karnataka
1292,CUST_244,Clothing,2694,1,13-07-2025,Karnataka
1293,CUST_169,Electronics,3104,1,01-08-2025,Rajasthan
1294,CUST_197,Home Decor,2032,4,17-09-2025,Delhi
1295,CUST_283,Home Decor,1687,5,17-06-2025,Delhi
1296,CUST_178,Clothing,880,4,29-05-2025,UP
1297,CUST_299,Electronics,1104,2,14-04-2025,Rajasthan
1298,CUST_203,Books,143,1,02-05-2025,Rajasthan
1299,CUST_160,Books,3843,4,04-03-2025,UP
1300,CUST_128,Books,2214,2,08-08-2025,Delhi
1301,CUST_189,Electronics,4591,2,08-08-2025,Delhi
1302,CUST_214,Books,1123,5,27-02-2025,UP
1303,CUST_150,Electronics,2594,5,05-11-2025,Karnataka
1304,CUST_186,Books,4314,4,14-02-2025,Mumbai
1305,CUST_103,Electronics,4680,5,08-04-2025,Karnataka
1306,CUST_125,Clothing,1505,5,14-04-2025,Karnataka
1307,CUST_181,Clothing,2070,1,17-03-2025,Karnataka
1308,CUST_157,Books,4203,5,28-05-2025,Rajasthan
1309,CUST_269,Electronics,2746,5,22-04-2025,UP
1310,CUST_199,Clothing,3011,4,02-12-2025,Karnataka
1311,CUST_129,Home Decor,3413,4,04-09-2025,Rajasthan
1312,CUST_207,Books,3963,1,02-01-2025,Mumbai
1313,CUST_274,Books,4303,4,22-05-2025,UP
1314,CUST_236,Home Decor,661,1,10-06-2025,Delhi
1315,CUST_200,Books,4020,5,24-09-2025,Delhi
1316,CUST_298,Electronics,3491,4,01-04-2025,Mumbai
1317,CUST_261,Clothing,242,3,21-02-2025,Karnataka
1318,CUST_266,Clothing,3773,3,11-07-2025,UP
1319,CUST_215,Electronics,1021,5,27-07-2025,Delhi
1320,CUST_126,Electronics,4060,1,17-02-2025,Delhi
1321,CUST_170,Clothing,3358,3,02-12-2025,Delhi
1322,CUST_111,Clothing,4677,2,27-02-2025,Mumbai
1323,CUST_123,Clothing,770,4,23-04-2025,Karnataka
1324,CUST_166,Electronics,1729,3,19-10-2025,UP
1325,CUST_189,Home Decor,2065,2,28-05-2025,Mumbai
1326,CUST_230,Books,2243,3,20-04-2025,Mumbai
1327,CUST_162,Home Decor,181,1,05-11-2025,Karnataka
1328,CUST_216,Electronics,3788,3,27-08-2025,Karnataka
1329,CUST_232,Books,1925,2,05-03-2025,UP
1330,CUST_281,Home Decor,787,2,27-08-2025,Karnataka
1331,CUST_206,Clothing,1291,3,30-11-2025,Rajasthan
1332,CUST_290,Home Decor,3720,4,19-06-2025,Rajasthan
1333,CUST_193,Home Decor,3182,5,24-06-2025,UP
1334,CUST_165,Books,3438,3,29-11-2025,Rajasthan
1335,CUST_202,Home Decor,294,5,17-04-2025,Karnataka
1336,CUST_260,Home Decor,980,4,17-12-2025,Mumbai
1337,CUST_265,Clothing,919,4,07-11-2025,Delhi
1338,CUST_192,Books,4620,3,26-08-2025,Mumbai
1339,CUST_145,Clothing,2042,2,19-02-2025,UP
1340,CUST_289,Electronics,3441,4,24-10-2025,UP
1341,CUST_153,Home Decor,3912,3,11-02-2025,Delhi
1342,CUST_255,Electronics,1392,3,04-06-2025,Delhi
1343,CUST_162,Clothing,749,4,06-05-2025,Mumbai
1344,CUST_209,Books,517,5,25-09-2025,Delhi
1345,CUST_260,Books,4374,4,27-12-2025,Karnataka
1346,CUST_270,Electronics,2563,1,16-02-2025,UP
1347,CUST_252,Books,1087,3,01-07-2025,UP
1348,CUST_217,Electronics,4614,2,16-10-2025,Rajasthan
1349,CUST_124,Clothing,3520,4,14-02-2025,Delhi
1350,CUST_138,Home Decor,3551,2,06-12-2025,Rajasthan
1351,CUST_258,Electronics,1024,2,28-12-2025,Karnataka
1352,CUST_186,Electronics,338,2,30-07-2025,Karnataka
1353,CUST_173,Clothing,4415,3,13-09-2025,Mumbai
1354,CUST_249,Home Decor,1897,1,27-05-2025,Delhi
1355,CUST_202,Clothing,3427,2,31-12-2025,Mumbai
1356,CUST_241,Books,1363,1,02-02-2025,Rajasthan
1357,CUST_184,Books,3624,3,10-09-2025,Karnataka
1358,CUST_256,Home Decor,872,3,30-11-2025,Rajasthan
1359,CUST_189,Books,2586,3,28-05-2025,Delhi
1360,CUST_196,Electronics,1833,3,27-04-2025,Mumbai
1361,CUST_237,Books,849,5,09-12-2025,Karnataka
1362,CUST_150,Home Decor,1919,1,20-07-2025,Karnataka
1363,CUST_288,Home Decor,411,5,13-05-2025,Mumbai
1364,CUST_112,Electronics,2577,4,17-12-2025,Rajasthan
1365,CUST_240,Clothing,2810,4,27-01-2025,UP
1366,CUST_136,Electronics,1705,1,29-07-2025,Mumbai
1367,CUST_261,Electronics,829,1,03-01-2025,Mumbai
1368,CUST_167,Books,4727,2,19-07-2025,UP
1369,CUST_145,Home Decor,1765,4,02-03-2025,UP
1370,CUST_284,Home Decor,644,3,12-04-2025,Rajasthan
1371,CUST_121,Clothing,4760,2,19-10-2025,UP
1372,CUST_212,Home Decor,1524,2,08-11-2025,Rajasthan
1373,CUST_240,Home Decor,4123,1,16-03-2025,Mumbai
1374,CUST_237,Books,673,1,30-06-2025,Mumbai
1375,CUST_279,Books,3220,2,24-04-2025,Mumbai
1376,CUST_145,Home Decor,350,2,19-06-2025,UP
1377,CUST_133,Clothing,2136,3,27-07-2025,UP
1378,CUST_140,Electronics,4691,1,18-07-2025,Mumbai
1379,CUST_263,Electronics,271,2,07-12-2025,Mumbai
1380,CUST_219,Books,2932,2,28-01-2025,Rajasthan
1381,CUST_111,Books,2726,4,14-03-2025,Karnataka
1382,CUST_283,Clothing,3792,3,23-09-2025,UP
1383,CUST_151,Books,3237,1,03-02-2025,Rajasthan
1384,CUST_260,Clothing,1853,2,10-01-2025,UP
1385,CUST_262,Clothing,3713,2,13-06-2025,UP
1386,CUST_108,Clothing,1759,5,03-10-2025,Mumbai
1387,CUST_281,Clothing,4605,5,08-03-2025,Karnataka
1388,CUST_183,Clothing,4946,2,23-03-2025,UP
1389,CUST_106,Electronics,2848,4,15-05-2025,UP
1390,CUST_250,Home Decor,3706,3,30-03-2025,Karnataka
1391,CUST_119,Books,3484,5,12-07-2025,UP
1392,CUST_154,Books,4072,1,02-10-2025,Rajasthan
1393,CUST_241,Clothing,124,2,28-07-2025,Delhi
1394,CUST_198,Books,1691,4,11-06-2025,Karnataka
1395,CUST_215,Books,3799,4,22-06-2025,Karnataka
1396,CUST_264,Clothing,1545,5,02-01-2025,Mumbai
1397,CUST_156,Books,4289,4,20-05-2025,Mumbai
1398,CUST_299,Home Decor,3457,5,31-03-2025,Karnataka
1399,CUST_107,Books,844,5,27-10-2025,Rajasthan
1400,CUST_240,Home Decor,3873,3,26-12-2025,Delhi
1401,CUST_158,Books,778,5,26-04-2025,Mumbai
1402,CUST_197,Electronics,1337,1,06-10-2025,Rajasthan
1403,CUST_174,Books,4763,2,06-05-2025,Mumbai
1404,CUST_181,Home Decor,3501,5,02-04-2025,Karnataka
1405,CUST_129,Electronics,3303,3,07-10-2025,Delhi
1406,CUST_225,Home Decor,1303,4,20-04-2025,Karnataka
1407,CUST_146,Electronics,4075,3,13-12-2025,Delhi
1408,CUST_276,Clothing,666,2,18-09-2025,UP
1409,CUST_240,Clothing,2670,2,01-09-2025,Delhi
1410,CUST_133,Books,2021,5,26-10-2025,Rajasthan
1411,CUST_231,Home Decor,3558,5,20-06-2025,Karnataka
1412,CUST_172,Clothing,2280,2,24-11-2025,UP
1413,CUST_258,Home Decor,1636,1,05-02-2025,Delhi
1414,CUST_222,Books,2282,3,05-07-2025,Delhi
1415,CUST_151,Home Decor,1410,5,17-10-2025,Rajasthan
1416,CUST_243,Clothing,343,3,04-12-2025,Mumbai
1417,CUST_105,Electronics,965,3,12-06-2025,Karnataka
1418,CUST_173,Clothing,4713,2,23-11-2025,UP
1419,CUST_183,Electronics,3874,1,17-01-2025,Delhi
1420,CUST_116,Electronics,3908,2,12-12-2025,Delhi
1421,CUST_253,Clothing,1586,1,10-09-2025,Karnataka
1422,CUST_203,Books,167,4,27-05-2025,Delhi
1423,CUST_116,Books,4421,3,20-12-2025,Rajasthan
1424,CUST_237,Electronics,1331,2,26-12-2025,UP
1425,CUST_242,Clothing,3383,3,09-08-2025,UP
1426,CUST_167,Books,242,3,25-07-2025,UP
1427,CUST_124,Electronics,1695,5,15-06-2025,Delhi
1428,CUST_133,Clothing,1451,1,16-11-2025,Rajasthan
1429,CUST_300,Books,3315,3,10-10-2025,Rajasthan
1430,CUST_246,Electronics,1818,5,23-10-2025,Mumbai
1431,CUST_257,Clothing,1207,2,05-09-2025,Delhi
1432,CUST_114,Home Decor,3901,2,16-07-2025,Rajasthan
1433,CUST_255,Electronics,1015,5,21-02-2025,Karnataka
1434,CUST_188,Books,4598,2,25-03-2025,Karnataka
1435,CUST_281,Clothing,620,1,05-06-2025,Delhi
1436,CUST_147,Electronics,4369,5,17-10-2025,UP
1437,CUST_103,Home Decor,3166,5,29-10-2025,Rajasthan
1438,CUST_154,Books,1272,1,29-07-2025,Rajasthan
1439,CUST_167,Clothing,3185,5,19-10-2025,Rajasthan
1440,CUST_255,Home Decor,3360,3,05-04-2025,Rajasthan
1441,CUST_275,Electronics,308,2,20-01-2025,Mumbai
1442,CUST_280,Electronics,4387,4,28-03-2025,UP
1443,CUST_152,Clothing,3531,3,09-06-2025,Karnataka
1444,CUST_272,Clothing,1983,1,19-10-2025,Delhi
1445,CUST_241,Clothing,4979,1,12-06-2025,Karnataka
1446,CUST_279,Books,1323,3,12-06-2025,Mumbai
1447,CUST_266,Electronics,2020,2,25-12-2025,Karnataka
1448,CUST_229,Electronics,3622,5,18-02-2025,UP
1449,CUST_186,Books,3087,4,16-07-2025,Delhi
1450,CUST_270,Home Decor,195,4,28-03-2025,Rajasthan
1451,CUST_178,Home Decor,951,1,13-04-2025,Karnataka
1452,CUST_152,Clothing,2255,4,02-11-2025,Rajasthan
1453,CUST_153,Clothing,4562,5,01-03-2025,Mumbai
1454,CUST_218,Electronics,1059,2,07-05-2025,Delhi
1455,CUST_156,Books,1806,2,15-01-2025,Delhi
1456,CUST_230,Electronics,4127,2,06-11-2025,Rajasthan
1457,CUST_251,Books,4882,2,25-01-2025,Delhi
1458,CUST_115,Clothing,3023,3,09-07-2025,Mumbai
1459,CUST_188,Electronics,2643,2,22-06-2025,Karnataka
1460,CUST_101,Books,145,2,20-02-2025,Rajasthan
1461,CUST_190,Books,2247,3,03-01-2025,Karnataka
1462,CUST_238,Home Decor,4507,4,31-07-2025,Mumbai
1463,CUST_224,Clothing,2828,3,24-01-2025,Karnataka
1464,CUST_230,Books,429,3,02-03-2025,Karnataka
1465,CUST_235,Home Decor,2272,5,21-02-2025,UP
1466,CUST_141,Books,3009,2,30-11-2025,Rajasthan
1467,CUST_186,Electronics,4340,4,06-03-2025,Mumbai
1468,CUST_293,Clothing,3238,5,28-10-2025,Karnataka
1469,CUST_131,Books,2036,3,19-02-2025,Karnataka
1470,CUST_163,Home Decor,922,2,19-06-2025,Rajasthan
1471,CUST_244,Home Decor,3206,3,25-05-2025,Karnataka
1472,CUST_162,Home Decor,2085,2,21-12-2025,Rajasthan
1473,CUST_276,Electronics,2907,5,12-01-2025,Karnataka
1474,CUST_228,Electronics,3052,4,27-01-2025,Rajasthan
1475,CUST_159,Clothing,3210,1,23-02-2025,UP
1476,CUST_300,Books,990,3,04-08-2025,Mumbai
1477,CUST_176,Books,4830,2,14-11-2025,Rajasthan
1478,CUST_216,Clothing,2990,4,03-02-2025,Delhi
1479,CUST_147,Clothing,2917,5,01-11-2025,Delhi
1480,CUST_273,Electronics,896,5,18-01-2025,Rajasthan
1481,CUST_119,Clothing,2016,5,16-10-2025,UP
1482,CUST_138,Home Decor,2465,5,20-05-2025,UP
1483,CUST_184,Home Decor,421,2,06-01-2025,UP
1484,CUST_148,Books,4252,1,29-01-2025,Karnataka
1485,CUST_287,Home Decor,3324,2,21-04-2025,Karnataka
1486,CUST_204,Home Decor,4059,1,25-10-2025,Mumbai
1487,CUST_207,Electronics,2695,2,28-04-2025,Delhi
1488,CUST_223,Electronics,1934,5,04-09-2025,Delhi
1489,CUST_280,Books,1558,2,18-07-2025,Mumbai
1490,CUST_300,Home Decor,4770,1,06-08-2025,Karnataka
1491,CUST_180,Electronics,3837,3,26-12-2025,Karnataka
1492,CUST_177,Clothing,947,3,12-03-2025,Delhi
1493,CUST_267,Books,2530,3,28-04-2025,Rajasthan
1494,CUST_155,Home Decor,3240,5,03-01-2025,Karnataka
1495,CUST_298,Home Decor,387,2,17-01-2025,Delhi
1496,CUST_177,Clothing,1093,4,06-09-2025,UP
1497,CUST_143,Electronics,3645,4,11-12-2025,Karnataka
1498,CUST_118,Clothing,961,5,11-05-2025,Rajasthan
1499,CUST_295,Books,3284,5,07-07-2025,Mumbai
1500,CUST_263,Clothing,1959,2,23-05-2025,Delhi
1501,CUST_246,Books,1767,2,22-09-2025,UP
1502,CUST_265,Clothing,4753,4,26-05-2025,Mumbai
1503,CUST_217,Clothing,2579,1,13-09-2025,Rajasthan
1504,CUST_189,Clothing,4389,2,30-10-2025,Karnataka
1505,CUST_214,Clothing,1271,2,04-04-2025,Delhi
1506,CUST_127,Home Decor,4036,2,01-10-2025,Karnataka
1507,CUST_273,Clothing,4619,1,13-01-2025,Mumbai
1508,CUST_145,Clothing,3725,2,28-06-2025,Karnataka
1509,CUST_226,Electronics,1853,4,26-03-2025,Mumbai
1510,CUST_240,Clothing,1804,3,14-08-2025,Mumbai
1511,CUST_210,Electronics,3674,2,14-11-2025,Rajasthan
1512,CUST_115,Books,568,2,26-01-2025,Rajasthan
1513,CUST_271,Electronics,1825,2,30-09-2025,Mumbai
1514,CUST_129,Home Decor,4997,3,21-10-2025,Delhi
1515,CUST_292,Electronics,3515,2,17-05-2025,Mumbai
1516,CUST_243,Home Decor,4906,3,17-08-2025,Karnataka
1517,CUST_187,Clothing,3932,1,28-08-2025,UP
1518,CUST_206,Books,4700,1,16-10-2025,Delhi
1519,CUST_191,Books,972,2,01-12-2025,Mumbai
1520,CUST_148,Electronics,4994,4,26-04-2025,Karnataka
1521,CUST_133,Home Decor,3491,5,30-06-2025,Mumbai
1522,CUST_248,Home Decor,4211,3,28-02-2025,Karnataka
1523,CUST_237,Electronics,3228,1,21-02-2025,Rajasthan
1524,CUST_224,Books,2137,4,23-09-2025,Rajasthan
1525,CUST_155,Books,3673,1,14-08-2025,Rajasthan
1526,CUST_267,Books,1774,1,20-08-2025,Karnataka
1527,CUST_108,Clothing,746,2,11-05-2025,Delhi
1528,CUST_266,Home Decor,814,1,25-11-2025,UP
1529,CUST_172,Electronics,3832,4,17-06-2025,Rajasthan
1530,CUST_280,Books,2955,3,02-02-2025,Karnataka
1531,CUST_215,Electronics,4958,5,02-04-2025,Delhi
1532,CUST_261,Home Decor,2582,5,07-05-2025,Karnataka
1533,CUST_175,Books,3101,4,05-01-2025,Rajasthan
1534,CUST_197,Electronics,3889,3,19-08-2025,Delhi
1535,CUST_123,Clothing,660,5,16-07-2025,Mumbai
1536,CUST_244,Home Decor,3003,2,13-06-2025,Karnataka
1537,CUST_190,Clothing,4526,1,16-11-2025,Rajasthan
1538,CUST_259,Home Decor,322,5,27-05-2025,UP
1539,CUST_109,Clothing,4358,1,18-12-2025,Mumbai
1540,CUST_248,Home Decor,1510,3,08-09-2025,Delhi
1541,CUST_104,Books,2028,5,15-02-2025,Karnataka
1542,CUST_168,Clothing,2791,4,25-02-2025,Rajasthan
1543,CUST_272,Home Decor,3977,2,17-09-2025,Delhi
1544,CUST_164,Clothing,1993,4,05-11-2025,Mumbai
1545,CUST_108,Clothing,2431,2,01-09-2025,Karnataka
1546,CUST_238,Clothing,3511,3,25-04-2025,Karnataka
1547,CUST_263,Home Decor,135,3,16-02-2025,Mumbai
1548,CUST_189,Home Decor,1076,5,09-03-2025,UP
1549,CUST_248,Electronics,1140,3,06-06-2025,Mumbai
1550,CUST_105,Clothing,3794,3,03-08-2025,Delhi
1551,CUST_120,Electronics,2051,5,16-12-2025,Mumbai
1552,CUST_260,Clothing,4823,2,26-10-2025,Delhi
1553,CUST_245,Books,3831,1,20-01-2025,UP
1554,CUST_245,Electronics,1634,4,14-06-2025,Rajasthan
1555,CUST_209,Clothing,371,5,20-05-2025,Rajasthan
1556,CUST_227,Books,3161,2,05-11-2025,Rajasthan
1557,CUST_247,Clothing,980,3,25-08-2025,Delhi
1558,CUST_249,Home Decor,815,4,19-12-2025,Delhi
1559,CUST_177,Home Decor,961,3,15-06-2025,UP
1560,CUST_239,Electronics,4433,1,12-01-2025,Delhi
1561,CUST_196,Clothing,3220,5,31-05-2025,Delhi
1562,CUST_222,Clothing,4863,4,01-06-2025,Mumbai
1563,CUST_292,Home Decor,3095,4,21-12-2025,Delhi
1564,CUST_295,Electronics,2162,2,11-10-2025,Karnataka
1565,CUST_153,Books,4870,2,19-11-2025,Rajasthan
1566,CUST_153,Electronics,2735,3,03-01-2025,Karnataka
1567,CUST_176,Clothing,2831,3,30-08-2025,Karnataka
1568,CUST_154,Clothing,3426,5,25-02-2025,Rajasthan
1569,CUST_185,Books,2044,5,08-12-2025,Karnataka
1570,CUST_253,Books,4586,2,03-05-2025,Delhi
1571,CUST_236,Books,2296,1,14-10-2025,Karnataka
1572,CUST_224,Electronics,320,2,26-06-2025,UP
1573,CUST_300,Home Decor,1212,4,21-08-2025,UP
1574,CUST_269,Home Decor,2218,4,17-05-2025,Mumbai
1575,CUST_165,Clothing,2052,3,11-07-2025,Rajasthan
1576,CUST_214,Home Decor,4432,5,10-02-2025,UP
1577,CUST_211,Electronics,3688,5,22-03-2025,Delhi
1578,CUST_260,Home Decor,1530,3,28-10-2025,Delhi
1579,CUST_132,Clothing,480,5,25-11-2025,Rajasthan
1580,CUST_236,Books,4947,5,13-05-2025,Delhi
1581,CUST_132,Books,1300,2,27-12-2025,UP
1582,CUST_299,Clothing,4785,3,01-01-2025,Rajasthan
1583,CUST_244,Books,752,2,19-04-2025,Delhi
1584,CUST_274,Electronics,3539,1,01-07-2025,Karnataka
1585,CUST_141,Electronics,3284,2,03-01-2025,Delhi
1586,CUST_129,Clothing,647,5,14-05-2025,Delhi
1587,CUST_134,Home Decor,2286,4,10-02-2025,Rajasthan
1588,CUST_213,Home Decor,3251,3,10-05-2025,Mumbai
1589,CUST_118,Books,1155,5,14-04-2025,Karnataka
1590,CUST_252,Electronics,2918,1,25-03-2025,Karnataka
1591,CUST_144,Home Decor,1837,5,09-10-2025,Delhi
1592,CUST_105,Books,4303,5,06-12-2025,Delhi
1593,CUST_132,Home Decor,1086,1,29-11-2025,UP
1594,CUST_181,Clothing,4966,5,24-04-2025,Karnataka
1595,CUST_102,Clothing,719,5,25-01-2025,Karnataka
1596,CUST_273,Books,4068,5,21-05-2025,Delhi
1597,CUST_242,Clothing,4284,4,18-01-2025,Karnataka
1598,CUST_125,Home Decor,1531,5,02-10-2025,Delhi
1599,CUST_186,Books,2432,5,05-08-2025,Delhi
1600,CUST_290,Clothing,1106,1,27-02-2025,Delhi
1601,CUST_242,Electronics,3139,3,12-03-2025,Mumbai
1602,CUST_166,Home Decor,4733,4,30-07-2025,Karnataka
1603,CUST_195,Electronics,1952,5,23-11-2025,Rajasthan
1604,CUST_218,Clothing,3203,4,19-01-2025,Rajasthan
1605,CUST_297,Books,3836,4,13-02-2025,Mumbai
1606,CUST_205,Clothing,4072,4,16-10-2025,Delhi
1607,CUST_254,Home Decor,1614,2,09-02-2025,Rajasthan
1608,CUST_127,Books,958,1,13-11-2025,Rajasthan
1609,CUST_298,Books,1912,3,15-03-2025,Rajasthan
1610,CUST_223,Books,1299,5,15-04-2025,Mumbai
1611,CUST_251,Clothing,2174,2,29-01-2025,Karnataka
1612,CUST_108,Clothing,4568,1,23-01-2025,Rajasthan
1613,CUST_224,Books,3231,1,28-07-2025,Rajasthan
1614,CUST_234,Books,3593,3,29-09-2025,Rajasthan
1615,CUST_294,Clothing,4264,3,01-08-2025,Delhi
1616,CUST_118,Clothing,4144,2,25-09-2025,Karnataka
1617,CUST_127,Home Decor,3768,3,22-09-2025,UP
1618,CUST_106,Clothing,4227,4,09-05-2025,Mumbai
1619,CUST_117,Clothing,901,4,27-08-2025,Rajasthan
1620,CUST_172,Home Decor,1806,4,14-02-2025,UP
1621,CUST_206,Clothing,3825,1,23-12-2025,UP
1622,CUST_255,Books,1814,4,25-06-2025,Rajasthan
1623,CUST_161,Books,4810,1,30-08-2025,UP
1624,CUST_263,Electronics,161,1,12-09-2025,Delhi
1625,CUST_226,Clothing,1980,5,16-04-2025,Mumbai
1626,CUST_202,Books,3151,2,20-09-2025,UP
1627,CUST_132,Clothing,2734,3,29-11-2025,Delhi
1628,CUST_245,Books,3547,3,17-03-2025,Mumbai
1629,CUST_107,Electronics,2426,3,20-01-2025,Rajasthan
1630,CUST_201,Home Decor,1280,1,31-07-2025,Mumbai
1631,CUST_250,Books,4462,2,04-10-2025,UP
1632,CUST_293,Electronics,434,5,07-08-2025,Rajasthan
1633,CUST_239,Books,3835,3,10-07-2025,Mumbai
1634,CUST_258,Clothing,4090,2,22-03-2025,Mumbai
1635,CUST_143,Books,4345,3,25-03-2025,Mumbai
1636,CUST_188,Clothing,625,1,11-01-2025,Rajasthan
1637,CUST_188,Clothing,2406,2,17-03-2025,Mumbai
1638,CUST_267,Electronics,3928,3,06-02-2025,Karnataka
1639,CUST_114,Electronics,4102,2,29-10-2025,Karnataka
1640,CUST_164,Home Decor,1910,5,30-06-2025,Mumbai
1641,CUST_297,Books,1203,4,01-08-2025,UP
1642,CUST_196,Electronics,3032,5,04-07-2025,Karnataka
1643,CUST_153,Books,1584,4,20-04-2025,Rajasthan
1644,CUST_282,Home Decor,2964,1,13-03-2025,Karnataka
1645,CUST_278,Books,3193,1,12-09-2025,Mumbai
1646,CUST_108,Electronics,3280,2,02-06-2025,Rajasthan
1647,CUST_100,Home Decor,2901,3,27-08-2025,Mumbai
1648,CUST_132,Clothing,1079,2,26-04-2025,Mumbai
1649,CUST_209,Clothing,113,3,16-09-2025,Karnataka
1650,CUST_107,Home Decor,2605,5,13-03-2025,Rajasthan
1651,CUST_247,Electronics,3416,2,29-08-2025,UP
1652,CUST_148,Books,3251,5,19-06-2025,Karnataka
1653,CUST_129,Books,3414,2,29-07-2025,Mumbai
1654,CUST_294,Books,1650,2,08-07-2025,Delhi
1655,CUST_258,Clothing,3412,2,04-01-2025,Rajasthan
1656,CUST_263,Clothing,1690,1,20-03-2025,Mumbai
1657,CUST_222,Books,3732,4,23-09-2025,Mumbai
1658,CUST_171,Home Decor,3054,1,26-10-2025,Rajasthan
1659,CUST_245,Electronics,2412,4,31-01-2025,Mumbai
1660,CUST_156,Electronics,3167,4,19-07-2025,Karnataka
1661,CUST_129,Home Decor,423,2,21-11-2025,UP
1662,CUST_106,Home Decor,4133,1,08-12-2025,UP
1663,CUST_220,Clothing,2239,5,06-06-2025,Rajasthan
1664,CUST_261,Books,3488,2,03-10-2025,UP
1665,CUST_258,Clothing,3349,1,07-04-2025,Karnataka
1666,CUST_176,Books,835,3,19-05-2025,Delhi
1667,CUST_170,Books,651,4,19-11-2025,Karnataka
1668,CUST_169,Home Decor,2106,3,17-12-2025,UP
1669,CUST_149,Books,2045,3,27-07-2025,Karnataka
1670,CUST_268,Electronics,1169,3,21-12-2025,Mumbai
1671,CUST_143,Home Decor,3759,4,10-08-2025,Delhi
1672,CUST_115,Clothing,2165,3,10-12-2025,Delhi
1673,CUST_167,Clothing,2049,3,27-12-2025,Rajasthan
1674,CUST_299,Clothing,4569,2,24-04-2025,Karnataka
1675,CUST_112,Books,3615,4,16-10-2025,Rajasthan
1676,CUST_124,Books,1522,5,02-08-2025,Karnataka
1677,CUST_137,Home Decor,1386,5,28-02-2025,Delhi
1678,CUST_144,Clothing,2710,4,21-12-2025,Mumbai
1679,CUST_252,Home Decor,1552,3,27-01-2025,Karnataka
1680,CUST_229,Clothing,2732,4,05-07-2025,Delhi
1681,CUST_190,Electronics,2215,1,16-02-2025,Mumbai
1682,CUST_228,Home Decor,1446,5,13-10-2025,UP
1683,CUST_230,Clothing,389,3,04-02-2025,UP
1684,CUST_177,Electronics,4239,4,26-10-2025,Karnataka
1685,CUST_207,Clothing,2806,2,21-05-2025,UP
1686,CUST_163,Clothing,127,1,22-05-2025,Karnataka
1687,CUST_286,Clothing,3690,5,19-12-2025,UP
1688,CUST_192,Books,374,2,18-07-2025,Karnataka
1689,CUST_105,Books,1704,1,09-10-2025,UP
1690,CUST_113,Electronics,3313,2,02-11-2025,Rajasthan
1691,CUST_227,Home Decor,2850,5,17-05-2025,Mumbai
1692,CUST_228,Clothing,2504,3,12-02-2025,Rajasthan
1693,CUST_268,Home Decor,1187,4,02-12-2025,Mumbai
1694,CUST_190,Electronics,461,5,02-11-2025,Mumbai
1695,CUST_279,Books,4277,4,06-04-2025,Mumbai
1696,CUST_207,Clothing,745,5,31-10-2025,Mumbai
1697,CUST_207,Books,1514,1,31-05-2025,Mumbai
1698,CUST_118,Home Decor,447,5,12-04-2025,Delhi
1699,CUST_270,Home Decor,3867,4,27-07-2025,Rajasthan
1700,CUST_282,Clothing,4848,2,14-03-2025,Mumbai
1701,CUST_205,Books,1475,1,05-07-2025,Mumbai
1702,CUST_245,Clothing,2150,1,24-07-2025,Karnataka
1703,CUST_146,Clothing,1625,1,20-06-2025,UP
1704,CUST_252,Home Decor,1572,3,28-06-2025,Mumbai
1705,CUST_202,Electronics,2135,1,17-02-2025,Rajasthan
1706,CUST_239,Books,2209,4,17-10-2025,UP
1707,CUST_255,Clothing,4596,1,10-01-2025,Rajasthan
1708,CUST_106,Home Decor,3225,4,22-11-2025,Rajasthan
1709,CUST_208,Home Decor,4857,5,13-08-2025,Rajasthan
1710,CUST_280,Clothing,4431,2,12-03-2025,UP
1711,CUST_269,Books,4532,2,16-08-2025,UP
1712,CUST_264,Books,3202,5,03-05-2025,Delhi
1713,CUST_178,Electronics,478,4,27-08-2025,Rajasthan
1714,CUST_288,Electronics,2778,1,17-01-2025,Karnataka
1715,CUST_216,Home Decor,3069,3,10-10-2025,Mumbai
1716,CUST_236,Electronics,272,1,05-01-2025,UP
1717,CUST_159,Home Decor,3672,2,16-02-2025,Rajasthan
1718,CUST_146,Books,2639,2,28-12-2025,Rajasthan
1719,CUST_174,Electronics,4554,1,20-09-2025,Rajasthan
1720,CUST_149,Electronics,3663,4,13-03-2025,Mumbai
1721,CUST_171,Clothing,1500,3,19-01-2025,Karnataka
1722,CUST_142,Electronics,1213,2,22-10-2025,Delhi
1723,CUST_242,Clothing,3979,2,15-06-2025,Delhi
1724,CUST_190,Books,2260,5,25-06-2025,UP
1725,CUST_193,Clothing,2664,1,21-06-2025,Mumbai
1726,CUST_219,Home Decor,4788,1,29-06-2025,Rajasthan
1727,CUST_234,Books,4572,3,21-09-2025,UP
1728,CUST_206,Books,3257,2,27-07-2025,Delhi
1729,CUST_100,Home Decor,3150,3,07-11-2025,Karnataka
1730,CUST_226,Home Decor,3046,5,22-08-2025,Karnataka
1731,CUST_282,Home Decor,4038,4,16-08-2025,UP
1732,CUST_299,Electronics,2426,1,01-08-2025,Rajasthan
1733,CUST_205,Home Decor,3866,4,07-10-2025,Delhi
1734,CUST_276,Books,406,1,02-10-2025,UP
1735,CUST_256,Clothing,3701,2,25-04-2025,Rajasthan
1736,CUST_228,Clothing,3102,3,11-01-2025,Delhi
1737,CUST_199,Clothing,3378,3,01-05-2025,Rajasthan
1738,CUST_115,Home Decor,3346,1,06-11-2025,Mumbai
1739,CUST_111,Clothing,3989,2,08-06-2025,UP
1740,CUST_152,Home Decor,4988,2,05-11-2025,Rajasthan
1741,CUST_289,Clothing,1999,1,30-04-2025,Rajasthan
1742,CUST_294,Books,4467,2,05-05-2025,Rajasthan
1743,CUST_248,Books,2713,2,18-02-2025,Mumbai
1744,CUST_130,Books,4707,3,25-12-2025,Rajasthan
1745,CUST_262,Electronics,764,3,29-07-2025,Mumbai
1746,CUST_203,Clothing,447,1,27-07-2025,Mumbai
1747,CUST_262,Electronics,2279,4,22-08-2025,Delhi
1748,CUST_154,Electronics,3072,5,19-11-2025,Mumbai
1749,CUST_278,Home Decor,1048,4,10-07-2025,UP
1750,CUST_288,Home Decor,274,2,30-04-2025,Delhi
1751,CUST_207,Electronics,2750,2,10-04-2025,Karnataka
1752,CUST_242,Books,1780,4,02-02-2025,UP
1753,CUST_122,Home Decor,4961,2,31-01-2025,Karnataka
1754,CUST_177,Electronics,2883,1,12-12-2025,UP
1755,CUST_256,Clothing,1995,2,20-04-2025,Delhi
1756,CUST_251,Clothing,1111,2,27-06-2025,Delhi
1757,CUST_167,Clothing,836,1,03-12-2025,Mumbai
1758,CUST_102,Electronics,147,3,26-01-2025,UP
1759,CUST_117,Electronics,4334,5,13-08-2025,UP
1760,CUST_127,Electronics,2690,2,15-06-2025,Rajasthan
1761,CUST_161,Books,3336,3,14-03-2025,Mumbai
1762,CUST_140,Home Decor,2871,1,12-02-2025,Karnataka
1763,CUST_127,Electronics,1668,4,11-05-2025,Karnataka
1764,CUST_293,Home Decor,216,5,09-08-2025,UP
1765,CUST_288,Electronics,1249,5,13-10-2025,Mumbai
1766,CUST_224,Home Decor,901,4,15-09-2025,Karnataka
1767,CUST_122,Home Decor,4087,1,19-11-2025,Rajasthan
1768,CUST_251,Clothing,2266,5,08-08-2025,Delhi
1769,CUST_295,Books,3655,5,15-03-2025,Karnataka
1770,CUST_241,Clothing,3797,1,23-01-2025,Karnataka
1771,CUST_239,Home Decor,379,4,02-02-2025,UP
1772,CUST_227,Electronics,1704,3,11-07-2025,Karnataka
1773,CUST_179,Books,4756,5,09-08-2025,Mumbai
1774,CUST_266,Clothing,4775,4,04-11-2025,Delhi
1775,CUST_117,Clothing,3522,1,02-09-2025,UP
1776,CUST_286,Books,2087,3,22-12-2025,Rajasthan
1777,CUST_212,Clothing,1588,5,25-06-2025,Rajasthan
1778,CUST_155,Electronics,4561,5,14-09-2025,Delhi
1779,CUST_208,Books,4738,2,19-09-2025,Delhi
1780,CUST_180,Books,1255,3,23-12-2025,UP
1781,CUST_213,Books,3481,2,27-06-2025,Rajasthan
1782,CUST_298,Home Decor,911,3,25-07-2025,Rajasthan
1783,CUST_196,Electronics,812,3,25-10-2025,Karnataka
1784,CUST_103,Books,2593,4,15-11-2025,Rajasthan
1785,CUST_252,Electronics,3080,4,16-09-2025,Karnataka
1786,CUST_112,Electronics,2728,1,04-10-2025,Rajasthan
1787,CUST_213,Home Decor,709,5,06-01-2025,UP
1788,CUST_133,Electronics,4583,1,01-07-2025,UP
1789,CUST_280,Clothing,4517,3,04-04-2025,Delhi
1790,CUST_126,Books,3557,2,18-08-2025,Rajasthan
1791,CUST_183,Books,4641,3,21-12-2025,UP
1792,CUST_191,Electronics,4398,4,04-07-2025,Mumbai
1793,CUST_289,Clothing,2501,5,09-04-2025,Mumbai
1794,CUST_216,Home Decor,4021,1,30-07-2025,Rajasthan
1795,CUST_179,Books,3484,4,02-09-2025,Mumbai
1796,CUST_249,Home Decor,1503,4,08-01-2025,Karnataka
1797,CUST_110,Clothing,1254,3,20-09-2025,Rajasthan
1798,CUST_279,Electronics,2997,4,05-03-2025,Delhi
1799,CUST_201,Home Decor,1820,1,10-03-2025,Delhi
1800,CUST_127,Books,3179,1,22-02-2025,Rajasthan
1801,CUST_244,Clothing,2136,5,09-07-2025,Mumbai
1802,CUST_280,Electronics,2775,5,15-03-2025,Mumbai
1803,CUST_206,Home Decor,4171,5,01-01-2025,Mumbai
1804,CUST_128,Home Decor,3115,4,07-01-2025,Karnataka
1805,CUST_291,Books,3070,5,18-06-2025,Rajasthan
1806,CUST_146,Home Decor,2472,5,12-10-2025,Rajasthan
1807,CUST_173,Books,1976,2,02-02-2025,Karnataka
1808,CUST_178,Books,1616,1,14-05-2025,Mumbai
1809,CUST_192,Clothing,2285,5,04-03-2025,Karnataka
1810,CUST_257,Electronics,2710,1,21-10-2025,Rajasthan
1811,CUST_105,Books,886,4,28-05-2025,Karnataka
1812,CUST_206,Clothing,1349,4,28-08-2025,Rajasthan
1813,CUST_112,Electronics,2899,2,25-10-2025,Mumbai
1814,CUST_232,Home Decor,555,5,26-08-2025,Karnataka
1815,CUST_198,Home Decor,3399,5,26-04-2025,Mumbai
1816,CUST_130,Home Decor,2382,5,23-12-2025,UP
1817,CUST_128,Electronics,1526,5,25-04-2025,Delhi
1818,CUST_166,Books,3391,1,03-10-2025,Mumbai
1819,CUST_150,Electronics,3804,1,15-07-2025,UP
1820,CUST_273,Home Decor,1323,3,17-06-2025,Mumbai
1821,CUST_171,Books,4025,4,16-01-2025,UP
1822,CUST_240,Home Decor,1238,4,12-01-2025,Rajasthan
1823,CUST_157,Books,1193,4,27-11-2025,Mumbai
1824,CUST_187,Electronics,248,2,26-03-2025,Mumbai
1825,CUST_113,Home Decor,4275,3,13-08-2025,Karnataka
1826,CUST_155,Clothing,2466,3,10-03-2025,Mumbai
1827,CUST_185,Clothing,1960,5,29-04-2025,Mumbai
1828,CUST_236,Home Decor,144,4,13-11-2025,Delhi
1829,CUST_296,Clothing,449,1,22-09-2025,Delhi
1830,CUST_149,Clothing,2528,4,21-03-2025,Rajasthan
1831,CUST_253,Clothing,2212,2,05-08-2025,Delhi
1832,CUST_162,Electronics,4103,2,13-05-2025,UP
1833,CUST_224,Clothing,4214,4,19-04-2025,Delhi
1834,CUST_177,Home Decor,1770,3,07-11-2025,Rajasthan
1835,CUST_131,Home Decor,4908,2,04-12-2025,Mumbai
1836,CUST_233,Clothing,495,2,29-04-2025,UP
1837,CUST_103,Home Decor,1688,4,21-02-2025,Karnataka
1838,CUST_141,Electronics,2645,4,29-10-2025,Karnataka
1839,CUST_184,Books,335,2,05-10-2025,Rajasthan
1840,CUST_221,Home Decor,1204,4,20-07-2025,Karnataka
1841,CUST_160,Clothing,4775,2,01-09-2025,Mumbai
1842,CUST_200,Clothing,393,2,05-05-2025,Rajasthan
1843,CUST_205,Books,492,4,25-09-2025,Rajasthan
1844,CUST_293,Electronics,3355,3,14-02-2025,Rajasthan
1845,CUST_172,Home Decor,2408,5,22-09-2025,Rajasthan
1846,CUST_271,Electronics,2703,2,06-04-2025,Delhi
1847,CUST_246,Home Decor,3401,5,18-02-2025,Rajasthan
1848,CUST_183,Home Decor,2185,4,22-02-2025,UP
1849,CUST_260,Clothing,3343,2,21-05-2025,Rajasthan
1850,CUST_147,Books,565,3,10-02-2025,Mumbai
1851,CUST_112,Electronics,4191,1,05-10-2025,Delhi
1852,CUST_176,Electronics,3536,5,08-07-2025,Karnataka
1853,CUST_248,Clothing,495,3,11-10-2025,Karnataka
1854,CUST_186,Books,4401,2,09-02-2025,Rajasthan
1855,CUST_281,Electronics,4990,3,14-03-2025,Rajasthan
1856,CUST_213,Electronics,631,1,25-10-2025,Rajasthan
1857,CUST_123,Home Decor,3266,3,11-04-2025,Mumbai
1858,CUST_102,Books,3716,4,22-11-2025,Karnataka
1859,CUST_111,Clothing,2656,2,25-01-2025,Karnataka
1860,CUST_176,Electronics,2398,1,25-04-2025,Rajasthan
1861,CUST_286,Electronics,4830,5,18-07-2025,UP
1862,CUST_290,Home Decor,2290,1,22-03-2025,Rajasthan
1863,CUST_107,Home Decor,120,1,08-01-2025,Delhi
1864,CUST_119,Electronics,3325,2,25-12-2025,Delhi
1865,CUST_154,Electronics,2645,4,21-07-2025,Delhi
1866,CUST_192,Clothing,3772,2,18-09-2025,Karnataka
1867,CUST_263,Electronics,680,5,02-04-2025,Mumbai
1868,CUST_228,Electronics,3163,1,05-03-2025,Mumbai
1869,CUST_120,Electronics,3815,4,30-08-2025,Rajasthan
1870,CUST_299,Home Decor,3550,5,06-03-2025,Mumbai
1871,CUST_171,Clothing,4684,1,25-10-2025,Delhi
1872,CUST_151,Books,1812,4,06-12-2025,UP
1873,CUST_253,Clothing,260,2,21-09-2025,Delhi
1874,CUST_294,Electronics,2200,4,16-02-2025,Karnataka
1875,CUST_136,Clothing,1341,4,10-05-2025,UP
1876,CUST_224,Clothing,4184,4,26-02-2025,Rajasthan
1877,CUST_152,Home Decor,1131,5,04-02-2025,Mumbai
1878,CUST_221,Home Decor,1809,3,09-02-2025,Delhi
1879,CUST_230,Clothing,4329,1,01-01-2025,Rajasthan
1880,CUST_126,Books,1381,5,08-02-2025,UP
1881,CUST_179,Electronics,873,1,04-11-2025,Delhi
1882,CUST_107,Clothing,1563,1,28-06-2025,UP
1883,CUST_190,Books,4573,1,11-11-2025,Delhi
1884,CUST_137,Clothing,4694,2,28-09-2025,Rajasthan
1885,CUST_169,Electronics,2641,1,26-04-2025,Karnataka
1886,CUST_287,Home Decor,3443,2,25-12-2025,Mumbai
1887,CUST_260,Home Decor,4685,5,18-11-2025,Karnataka
1888,CUST_116,Electronics,1940,2,01-03-2025,Karnataka
1889,CUST_113,Home Decor,1461,2,19-07-2025,Mumbai
1890,CUST_261,Clothing,409,3,15-08-2025,UP
1891,CUST_284,Clothing,2087,5,16-07-2025,Rajasthan
1892,CUST_152,Home Decor,1147,5,10-04-2025,Mumbai
1893,CUST_246,Electronics,4444,4,03-04-2025,Karnataka
1894,CUST_157,Clothing,1445,5,21-07-2025,Mumbai
1895,CUST_156,Clothing,4363,5,08-07-2025,Rajasthan
1896,CUST_238,Clothing,3365,3,09-08-2025,Rajasthan
1897,CUST_207,Books,273,3,03-11-2025,Mumbai
1898,CUST_214,Books,4682,2,08-06-2025,Mumbai
1899,CUST_156,Clothing,2296,1,20-09-2025,Karnataka
1900,CUST_190,Books,1012,2,10-12-2025,Rajasthan
1901,CUST_116,Electronics,1516,4,23-02-2025,UP
1902,CUST_296,Electronics,4217,4,16-12-2025,UP
1903,CUST_290,Clothing,4598,5,29-12-2025,Karnataka
1904,CUST_280,Home Decor,4771,1,19-08-2025,Mumbai
1905,CUST_206,Home Decor,942,1,14-08-2025,UP
1906,CUST_131,Books,4494,5,01-12-2025,Karnataka
1907,CUST_128,Electronics,1597,4,21-12-2025,UP
1908,CUST_226,Books,3226,5,24-07-2025,UP
1909,CUST_191,Clothing,3834,5,28-10-2025,Rajasthan
1910,CUST_204,Electronics,1159,1,09-06-2025,Rajasthan
1911,CUST_228,Electronics,470,2,31-07-2025,Delhi
1912,CUST_207,Books,1803,1,21-02-2025,Mumbai
1913,CUST_102,Home Decor,2213,3,21-10-2025,UP
1914,CUST_261,Electronics,200,2,17-01-2025,Rajasthan
1915,CUST_185,Electronics,540,4,25-09-2025,UP
1916,CUST_292,Clothing,3718,4,12-01-2025,Delhi
1917,CUST_120,Books,2978,1,22-02-2025,Delhi
1918,CUST_159,Clothing,4812,4,16-01-2025,Karnataka
1919,CUST_290,Clothing,4852,2,08-06-2025,Delhi
1920,CUST_294,Books,2695,3,08-04-2025,Mumbai
1921,CUST_213,Clothing,4508,5,15-08-2025,Karnataka
1922,CUST_120,Home Decor,1441,1,11-02-2025,Mumbai
1923,CUST_103,Books,2852,3,26-04-2025,UP
1924,CUST_216,Home Decor,336,1,04-09-2025,Mumbai
1925,CUST_274,Electronics,3920,2,30-09-2025,Rajasthan
1926,CUST_283,Electronics,1318,2,07-01-2025,Mumbai
1927,CUST_130,Electronics,3914,5,07-05-2025,Karnataka
1928,CUST_105,Clothing,3785,4,23-08-2025,Karnataka
1929,CUST_104,Books,1493,1,05-02-2025,Delhi
1930,CUST_249,Books,1958,1,12-10-2025,Delhi
1931,CUST_300,Home Decor,4615,4,27-01-2025,Karnataka
1932,CUST_203,Books,4312,1,11-04-2025,Mumbai
1933,CUST_210,Books,4982,3,22-05-2025,Delhi
1934,CUST_208,Home Decor,4545,1,03-01-2025,UP
1935,CUST_213,Books,4879,4,27-02-2025,UP
1936,CUST_144,Electronics,4040,2,23-12-2025,Mumbai
1937,CUST_101,Clothing,3209,3,02-04-2025,UP
1938,CUST_106,Clothing,2440,5,23-06-2025,Rajasthan
1939,CUST_162,Electronics,3468,3,17-04-2025,Delhi
1940,CUST_192,Clothing,687,5,28-09-2025,Karnataka
1941,CUST_205,Clothing,728,1,04-05-2025,Karnataka
1942,CUST_185,Electronics,3721,1,29-04-2025,Mumbai
1943,CUST_202,Clothing,2075,4,06-04-2025,Mumbai
1944,CUST_115,Books,4352,1,03-03-2025,UP
1945,CUST_111,Books,2666,2,23-09-2025,Mumbai
1946,CUST_231,Books,3334,1,20-10-2025,Rajasthan
1947,CUST_123,Electronics,914,3,21-07-2025,UP
1948,CUST_209,Electronics,3949,4,24-02-2025,Delhi
1949,CUST_183,Electronics,468,4,13-11-2025,Mumbai
1950,CUST_190,Home Decor,436,1,05-05-2025,UP
1951,CUST_217,Books,3692,1,06-12-2025,Rajasthan
1952,CUST_268,Electronics,2094,4,28-12-2025,Rajasthan
1953,CUST_197,Books,1536,4,11-11-2025,Mumbai
1954,CUST_298,Home Decor,3670,5,06-11-2025,UP
1955,CUST_196,Electronics,4680,1,01-03-2025,Rajasthan
1956,CUST_191,Electronics,2514,5,15-09-2025,Rajasthan
1957,CUST_213,Clothing,3756,5,23-06-2025,Rajasthan
1958,CUST_152,Books,859,4,16-08-2025,Delhi
1959,CUST_121,Home Decor,568,4,25-05-2025,Mumbai
1960,CUST_161,Books,367,5,16-05-2025,Karnataka
1961,CUST_202,Books,4001,3,03-06-2025,Karnataka
1962,CUST_183,Clothing,3558,5,22-11-2025,Delhi
1963,CUST_212,Home Decor,3357,1,17-12-2025,Rajasthan
1964,CUST_272,Books,3898,4,26-09-2025,UP
1965,CUST_171,Books,1399,4,13-05-2025,Rajasthan
1966,CUST_169,Electronics,701,1,14-12-2025,Mumbai
1967,CUST_258,Electronics,4422,1,24-03-2025,Rajasthan
1968,CUST_270,Clothing,449,1,01-10-2025,Karnataka
1969,CUST_160,Home Decor,3606,5,16-05-2025,UP
1970,CUST_102,Home Decor,502,3,06-04-2025,Rajasthan
1971,CUST_249,Books,2419,2,15-01-2025,Delhi
1972,CUST_137,Books,1206,5,01-05-2025,Delhi
1973,CUST_219,Electronics,3121,2,12-08-2025,Mumbai
1974,CUST_252,Electronics,3795,3,31-08-2025,Delhi
1975,CUST_219,Electronics,3400,1,22-07-2025,Delhi
1976,CUST_113,Electronics,3739,1,25-03-2025,Karnataka
1977,CUST_220,Electronics,2038,3,26-10-2025,UP
1978,CUST_238,Books,2903,2,01-07-2025,Delhi
1979,CUST_253,Home Decor,3302,2,17-11-2025,UP
1980,CUST_141,Clothing,273,5,14-08-2025,Rajasthan
1981,CUST_184,Clothing,1266,1,12-12-2025,Karnataka
1982,CUST_248,Books,4502,3,16-08-2025,Rajasthan
1983,CUST_176,Home Decor,467,4,07-12-2025,UP
1984,CUST_292,Clothing,4613,2,28-04-2025,UP
1985,CUST_156,Electronics,2481,4,06-01-2025,Delhi
1986,CUST_249,Electronics,3841,4,06-03-2025,Karnataka
1987,CUST_238,Books,3786,2,02-01-2025,Rajasthan
1988,CUST_238,Electronics,3470,4,20-04-2025,Delhi
1989,CUST_167,Clothing,3443,2,22-07-2025,Delhi
1990,CUST_148,Clothing,436,3,06-06-2025,Karnataka
1991,CUST_157,Home Decor,1554,5,19-04-2025,Delhi
1992,CUST_188,Books,2078,3,18-03-2025,Delhi
1993,CUST_142,Clothing,1025,4,14-09-2025,UP
1994,CUST_108,Clothing,503,2,31-01-2025,Karnataka
1995,CUST_162,Home Decor,3752,5,06-12-2025,Rajasthan
1996,CUST_252,Home Decor,2080,4,22-09-2025,Mumbai
1997,CUST_190,Electronics,750,1,31-07-2025,UP
1998,CUST_201,Electronics,4341,5,19-01-2025,Delhi
1999,CUST_185,Clothing,1944,1,04-04-2025,Delhi
2000,CUST_177,Home Decor,4997,3,21-07-2025,UP
2001,CUST_193,Clothing,1973,3,27-11-2025,Mumbai
2002,CUST_194,Clothing,2941,1,13-10-2025,Rajasthan
2003,CUST_211,Books,1750,5,30-09-2025,Rajasthan
2004,CUST_118,Electronics,2782,1,10-03-2025,Rajasthan
2005,CUST_235,Books,518,4,03-10-2025,Mumbai
2006,CUST_104,Electronics,635,5,16-05-2025,Rajasthan
2007,CUST_252,Clothing,1723,2,31-03-2025,Delhi
2008,CUST_292,Electronics,1514,4,31-07-2025,Rajasthan
2009,CUST_163,Home Decor,4403,4,08-10-2025,Mumbai
2010,CUST_196,Books,2120,2,24-02-2025,UP
2011,CUST_280,Books,1982,4,21-08-2025,UP
2012,CUST_116,Home Decor,617,5,26-12-2025,Mumbai
2013,CUST_269,Clothing,3085,3,28-03-2025,Rajasthan
2014,CUST_184,Electronics,3229,4,12-11-2025,Delhi
2015,CUST_204,Books,4446,3,20-09-2025,UP
2016,CUST_259,Electronics,968,1,27-09-2025,Karnataka
2017,CUST_166,Books,587,3,25-12-2025,Delhi
2018,CUST_214,Clothing,167,3,26-07-2025,Delhi
2019,CUST_287,Clothing,1261,2,30-08-2025,Karnataka
2020,CUST_147,Books,1532,5,06-05-2025,Rajasthan
2021,CUST_110,Home Decor,2549,2,31-03-2025,Rajasthan
2022,CUST_183,Home Decor,1908,1,19-04-2025,Karnataka
2023,CUST_188,Clothing,3793,4,13-10-2025,UP
2024,CUST_242,Books,2789,3,14-07-2025,Karnataka
2025,CUST_238,Books,3585,4,01-11-2025,Rajasthan
2026,CUST_196,Electronics,1881,1,11-07-2025,Delhi
2027,CUST_249,Clothing,3769,5,26-05-2025,Karnataka
2028,CUST_205,Home Decor,2199,1,15-02-2025,UP
2029,CUST_263,Clothing,1947,4,21-12-2025,Mumbai
2030,CUST_179,Home Decor,2093,2,28-08-2025,Delhi
2031,CUST_239,Home Decor,4168,3,13-12-2025,UP
2032,CUST_284,Clothing,2177,4,26-05-2025,Mumbai
2033,CUST_189,Home Decor,2032,1,02-11-2025,Delhi
2034,CUST_209,Books,2956,5,25-07-2025,Karnataka
2035,CUST_255,Electronics,223,4,05-01-2025,UP
2036,CUST_290,Clothing,1238,5,15-09-2025,Mumbai
2037,CUST_278,Clothing,1100,2,06-01-2025,Rajasthan
2038,CUST_101,Electronics,1663,1,13-09-2025,Rajasthan
2039,CUST_220,Clothing,1518,4,15-08-2025,Karnataka
2040,CUST_165,Electronics,2709,1,15-12-2025,Rajasthan
2041,CUST_298,Home Decor,4815,3,06-02-2025,Karnataka
2042,CUST_109,Books,1589,5,02-08-2025,Mumbai
2043,CUST_123,Home Decor,3902,4,04-07-2025,Delhi
2044,CUST_298,Home Decor,3402,4,17-08-2025,Rajasthan
2045,CUST_172,Home Decor,2127,1,07-06-2025,UP
2046,CUST_240,Books,3598,3,26-08-2025,Mumbai
2047,CUST_261,Clothing,1761,1,02-01-2025,Karnataka
2048,CUST_220,Electronics,250,4,30-08-2025,Mumbai
2049,CUST_206,Home Decor,1358,4,24-12-2025,Rajasthan
2050,CUST_164,Home Decor,2219,4,21-10-2025,Mumbai
2051,CUST_226,Books,1348,4,22-01-2025,UP
2052,CUST_276,Books,2062,3,25-01-2025,Delhi
2053,CUST_267,Home Decor,1268,5,06-06-2025,UP
2054,CUST_194,Books,3547,3,31-10-2025,Karnataka
2055,CUST_194,Clothing,3556,1,16-05-2025,Karnataka
2056,CUST_185,Books,2471,3,18-09-2025,Mumbai
2057,CUST_124,Electronics,374,4,07-02-2025,Rajasthan
2058,CUST_148,Clothing,2339,5,24-10-2025,Rajasthan
2059,CUST_144,Electronics,4594,1,01-03-2025,Mumbai
2060,CUST_292,Clothing,4793,2,29-09-2025,Rajasthan
2061,CUST_111,Books,2218,5,07-12-2025,Delhi
2062,CUST_204,Books,479,1,26-09-2025,Delhi
2063,CUST_202,Electronics,841,5,13-07-2025,Karnataka
2064,CUST_177,Electronics,1520,3,18-03-2025,Mumbai
2065,CUST_149,Clothing,4075,2,02-03-2025,Rajasthan
2066,CUST_265,Home Decor,3796,2,09-09-2025,Karnataka
2067,CUST_202,Electronics,4163,2,22-04-2025,Karnataka
2068,CUST_228,Electronics,2686,2,30-10-2025,Rajasthan
2069,CUST_156,Electronics,245,5,30-10-2025,Rajasthan
2070,CUST_293,Home Decor,3757,5,22-12-2025,Delhi
2071,CUST_236,Books,340,2,09-06-2025,UP
2072,CUST_274,Home Decor,3285,3,11-06-2025,Mumbai
2073,CUST_207,Home Decor,4991,2,23-04-2025,Karnataka
2074,CUST_147,Electronics,4195,2,27-11-2025,Delhi
2075,CUST_299,Clothing,1102,3,05-01-2025,Karnataka
2076,CUST_159,Clothing,4980,2,14-03-2025,Mumbai
2077,CUST_135,Clothing,3893,3,14-09-2025,Karnataka
2078,CUST_140,Home Decor,2288,5,06-11-2025,Rajasthan
2079,CUST_219,Books,4135,1,12-10-2025,Rajasthan
2080,CUST_192,Clothing,1207,4,11-01-2025,Rajasthan
2081,CUST_229,Clothing,343,5,22-08-2025,Delhi
2082,CUST_201,Electronics,1697,5,05-10-2025,Delhi
2083,CUST_150,Home Decor,1215,2,22-04-2025,UP
2084,CUST_287,Electronics,1753,4,18-07-2025,UP
2085,CUST_111,Books,2919,1,08-10-2025,UP
2086,CUST_119,Home Decor,576,5,03-05-2025,Karnataka
2087,CUST_296,Electronics,155,4,17-09-2025,UP
2088,CUST_293,Books,2758,4,06-12-2025,Karnataka
2089,CUST_224,Books,1599,3,05-12-2025,Karnataka
2090,CUST_270,Electronics,3303,3,18-06-2025,Mumbai
2091,CUST_237,Books,2676,3,13-02-2025,Mumbai
2092,CUST_285,Clothing,3816,3,08-09-2025,Mumbai
2093,CUST_214,Home Decor,453,1,26-10-2025,Karnataka
2094,CUST_221,Books,1635,5,21-01-2025,Karnataka
2095,CUST_162,Electronics,1063,1,24-04-2025,Karnataka
2096,CUST_111,Electronics,2739,3,24-01-2025,Karnataka
2097,CUST_220,Home Decor,2761,3,24-02-2025,Karnataka
2098,CUST_266,Clothing,3677,1,27-05-2025,Rajasthan
2099,CUST_192,Home Decor,2619,1,21-10-2025,Mumbai
2100,CUST_246,Home Decor,3920,4,29-09-2025,Rajasthan
2101,CUST_113,Home Decor,1431,1,10-01-2025,UP
2102,CUST_155,Books,3427,1,03-11-2025,Rajasthan
2103,CUST_163,Books,4349,3,19-01-2025,Karnataka
2104,CUST_101,Clothing,3636,1,27-07-2025,Mumbai
2105,CUST_236,Home Decor,1285,5,27-04-2025,Mumbai
2106,CUST_147,Electronics,2433,3,08-09-2025,UP
2107,CUST_108,Clothing,1101,5,10-03-2025,UP
2108,CUST_130,Home Decor,4005,5,28-04-2025,UP
2109,CUST_169,Electronics,4379,4,29-10-2025,UP
2110,CUST_225,Books,2439,5,06-12-2025,Rajasthan
2111,CUST_282,Electronics,2597,2,07-02-2025,Karnataka
2112,CUST_139,Electronics,4389,3,06-09-2025,Karnataka
2113,CUST_218,Home Decor,2318,1,23-03-2025,Mumbai
2114,CUST_114,Clothing,2356,5,17-06-2025,Rajasthan
2115,CUST_155,Books,2898,3,02-05-2025,Mumbai
2116,CUST_152,Home Decor,4957,4,30-11-2025,Delhi
2117,CUST_104,Clothing,216,5,27-02-2025,UP
2118,CUST_170,Electronics,423,1,12-08-2025,Mumbai
2119,CUST_213,Home Decor,348,2,21-04-2025,Delhi
2120,CUST_299,Home Decor,3932,2,06-03-2025,Mumbai
2121,CUST_278,Electronics,1759,3,14-04-2025,Mumbai
2122,CUST_256,Electronics,4874,5,12-01-2025,UP
2123,CUST_214,Home Decor,3185,4,21-01-2025,Karnataka
2124,CUST_112,Home Decor,4404,3,21-04-2025,Mumbai
2125,CUST_103,Home Decor,4619,5,09-11-2025,Karnataka
2126,CUST_192,Home Decor,1271,2,07-04-2025,UP
2127,CUST_187,Electronics,4496,4,20-06-2025,Delhi
2128,CUST_170,Books,383,1,19-01-2025,Karnataka
2129,CUST_256,Electronics,3417,4,05-03-2025,Delhi
2130,CUST_250,Books,732,4,10-06-2025,Karnataka
2131,CUST_123,Books,2854,2,25-09-2025,Delhi
2132,CUST_292,Home Decor,2232,1,25-08-2025,Karnataka
2133,CUST_177,Books,4978,5,08-11-2025,UP
2134,CUST_165,Home Decor,2688,3,10-05-2025,Karnataka
2135,CUST_294,Home Decor,2859,5,06-04-2025,Delhi
2136,CUST_188,Home Decor,3770,1,16-09-2025,Mumbai
2137,CUST_135,Electronics,3097,4,19-08-2025,Karnataka
2138,CUST_135,Electronics,949,3,15-02-2025,Karnataka
2139,CUST_135,Home Decor,4029,3,09-01-2025,UP
2140,CUST_275,Electronics,2446,5,08-09-2025,Mumbai
2141,CUST_200,Books,1922,5,07-01-2025,UP
2142,CUST_156,Clothing,850,4,03-05-2025,Mumbai
2143,CUST_138,Home Decor,2697,3,18-01-2025,Karnataka
2144,CUST_225,Clothing,3783,4,15-12-2025,Rajasthan
2145,CUST_219,Books,4899,4,16-12-2025,Rajasthan
2146,CUST_271,Home Decor,1522,1,17-12-2025,Rajasthan
2147,CUST_155,Electronics,3161,4,05-05-2025,UP
2148,CUST_156,Electronics,309,2,29-05-2025,Delhi
2149,CUST_256,Books,2157,1,01-03-2025,Delhi
2150,CUST_129,Books,3056,2,11-12-2025,Rajasthan
2151,CUST_261,Clothing,2313,3,12-11-2025,Karnataka
2152,CUST_114,Clothing,4655,4,01-07-2025,Rajasthan
2153,CUST_108,Books,4740,5,14-11-2025,Karnataka
2154,CUST_241,Books,4224,5,28-03-2025,Karnataka
2155,CUST_173,Books,4432,2,17-03-2025,Delhi
2156,CUST_243,Home Decor,1468,5,17-06-2025,UP
2157,CUST_156,Electronics,179,2,19-07-2025,Rajasthan
2158,CUST_287,Clothing,3031,2,10-07-2025,Rajasthan
2159,CUST_171,Home Decor,4975,1,15-08-2025,Mumbai
2160,CUST_239,Home Decor,1784,3,13-09-2025,UP
2161,CUST_258,Books,2438,5,04-05-2025,Delhi
2162,CUST_249,Home Decor,2257,3,07-04-2025,Delhi
2163,CUST_207,Books,2309,5,17-12-2025,Karnataka
2164,CUST_212,Electronics,1128,5,17-12-2025,Rajasthan
2165,CUST_186,Electronics,221,1,31-10-2025,Delhi
2166,CUST_179,Home Decor,4011,1,09-07-2025,Mumbai
2167,CUST_249,Home Decor,3126,2,02-08-2025,UP
2168,CUST_105,Electronics,2700,2,12-07-2025,Delhi
2169,CUST_184,Books,3280,5,29-07-2025,Delhi
2170,CUST_178,Electronics,3420,4,18-04-2025,Delhi
2171,CUST_173,Home Decor,2921,5,15-06-2025,Karnataka
2172,CUST_197,Books,2559,1,15-06-2025,Karnataka
2173,CUST_221,Books,715,2,26-06-2025,Rajasthan
2174,CUST_149,Home Decor,388,2,04-06-2025,Rajasthan
2175,CUST_219,Clothing,1508,5,10-08-2025,Rajasthan
2176,CUST_252,Clothing,2985,4,31-12-2025,Delhi
2177,CUST_281,Books,4453,3,19-07-2025,Rajasthan
2178,CUST_175,Books,352,5,01-04-2025,UP
2179,CUST_128,Books,573,3,08-04-2025,Mumbai
2180,CUST_129,Electronics,2031,2,30-12-2025,UP
2181,CUST_281,Electronics,2265,5,27-05-2025,Karnataka
2182,CUST_291,Electronics,1889,3,13-02-2025,Mumbai
2183,CUST_127,Home Decor,3410,4,08-07-2025,Rajasthan
2184,CUST_242,Clothing,1937,4,05-12-2025,Mumbai
2185,CUST_250,Books,2532,4,03-04-2025,Karnataka
2186,CUST_238,Clothing,342,2,16-12-2025,Karnataka
2187,CUST_228,Books,1300,5,13-07-2025,Karnataka
2188,CUST_225,Books,3155,5,30-12-2025,Mumbai
2189,CUST_196,Electronics,1577,3,14-09-2025,Delhi
2190,CUST_156,Clothing,848,5,27-04-2025,Karnataka
2191,CUST_200,Clothing,134,2,01-01-2025,Mumbai
2192,CUST_115,Books,1360,1,18-12-2025,Delhi
2193,CUST_150,Clothing,2722,3,22-12-2025,Karnataka
2194,CUST_208,Clothing,2159,3,19-05-2025,UP
2195,CUST_174,Clothing,4731,5,09-09-2025,Delhi
2196,CUST_193,Clothing,519,4,16-07-2025,Mumbai
2197,CUST_228,Home Decor,198,3,24-02-2025,Delhi
2198,CUST_264,Clothing,1801,5,18-07-2025,UP
2199,CUST_275,Clothing,4190,4,05-08-2025,UP
2200,CUST_186,Electronics,854,4,25-11-2025,Delhi
2201,CUST_270,Home Decor,3380,4,19-04-2025,Karnataka
2202,CUST_233,Electronics,3700,3,13-09-2025,UP
2203,CUST_155,Home Decor,166,2,27-01-2025,Rajasthan
2204,CUST_231,Electronics,2590,5,06-07-2025,Delhi
2205,CUST_297,Books,1345,4,08-01-2025,Mumbai
2206,CUST_159,Clothing,4901,3,14-08-2025,UP
2207,CUST_117,Electronics,1203,1,15-05-2025,UP
2208,CUST_229,Electronics,1803,2,23-08-2025,Mumbai
2209,CUST_114,Books,973,4,18-12-2025,Rajasthan
2210,CUST_150,Clothing,3957,4,09-08-2025,UP
2211,CUST_299,Clothing,3291,2,17-02-2025,Delhi
2212,CUST_106,Electronics,715,5,17-11-2025,Rajasthan
2213,CUST_167,Home Decor,1774,1,05-04-2025,Karnataka
2214,CUST_256,Electronics,643,3,24-05-2025,Delhi
2215,CUST_183,Electronics,711,2,30-10-2025,UP
2216,CUST_173,Electronics,3694,4,28-02-2025,Rajasthan
2217,CUST_134,Home Decor,229,5,29-05-2025,Rajasthan
2218,CUST_164,Home Decor,2481,5,07-09-2025,Mumbai
2219,CUST_161,Books,914,4,13-10-2025,Delhi
2220,CUST_116,Books,3370,1,19-05-2025,UP
2221,CUST_255,Electronics,3914,3,03-05-2025,Delhi
2222,CUST_177,Clothing,652,5,30-11-2025,Mumbai
2223,CUST_242,Books,1691,3,18-08-2025,UP
2224,CUST_223,Electronics,4966,1,16-06-2025,Karnataka
2225,CUST_230,Clothing,798,4,24-03-2025,Delhi
2226,CUST_209,Home Decor,1733,2,31-08-2025,Rajasthan
2227,CUST_136,Home Decor,1956,5,24-02-2025,Karnataka
2228,CUST_103,Electronics,1029,3,25-05-2025,UP
2229,CUST_130,Home Decor,317,2,23-12-2025,Karnataka
2230,CUST_262,Electronics,4072,4,28-09-2025,Rajasthan
2231,CUST_205,Books,1388,1,24-09-2025,Rajasthan
2232,CUST_163,Clothing,4899,3,19-08-2025,Rajasthan
2233,CUST_253,Books,1732,1,11-02-2025,UP
2234,CUST_151,Home Decor,1053,5,29-03-2025,Delhi
2235,CUST_171,Books,571,3,12-12-2025,Rajasthan
2236,CUST_168,Home Decor,1698,5,06-01-2025,Mumbai
2237,CUST_294,Clothing,4319,3,01-01-2025,Karnataka
2238,CUST_282,Clothing,2333,3,23-04-2025,Mumbai
2239,CUST_263,Books,2911,1,15-09-2025,Mumbai
2240,CUST_179,Home Decor,1825,5,21-02-2025,Karnataka
2241,CUST_137,Clothing,3834,5,10-08-2025,UP
2242,CUST_147,Home Decor,3804,3,10-02-2025,Karnataka
2243,CUST_189,Clothing,525,3,01-07-2025,Mumbai
2244,CUST_106,Books,3946,5,17-10-2025,Mumbai
2245,CUST_143,Clothing,4258,5,19-04-2025,Rajasthan
2246,CUST_272,Home Decor,3388,3,27-10-2025,UP
2247,CUST_287,Electronics,4779,1,20-05-2025,Delhi
2248,CUST_263,Electronics,4295,4,29-07-2025,UP
2249,CUST_156,Books,3675,3,05-08-2025,UP
2250,CUST_180,Home Decor,2765,1,09-12-2025,Rajasthan
2251,CUST_118,Clothing,495,2,08-03-2025,Rajasthan
2252,CUST_214,Books,913,4,28-02-2025,UP
2253,CUST_152,Home Decor,1791,2,16-10-2025,Delhi
2254,CUST_126,Books,3104,4,18-08-2025,Karnataka
2255,CUST_165,Electronics,3305,4,14-06-2025,Karnataka
2256,CUST_198,Books,4626,3,03-09-2025,Karnataka
2257,CUST_287,Books,4226,4,17-08-2025,Mumbai
2258,CUST_300,Books,2581,5,19-11-2025,Mumbai
2259,CUST_248,Home Decor,2495,1,06-06-2025,UP
2260,CUST_269,Electronics,2739,5,04-12-2025,Delhi
2261,CUST_156,Electronics,2095,4,23-06-2025,UP
2262,CUST_155,Books,3751,3,29-05-2025,Mumbai
2263,CUST_250,Clothing,4077,5,21-07-2025,Delhi
2264,CUST_172,Electronics,745,3,06-04-2025,Rajasthan
2265,CUST_141,Electronics,4374,1,09-11-2025,Karnataka
2266,CUST_274,Clothing,2192,2,01-05-2025,Karnataka
2267,CUST_276,Electronics,3774,2,11-03-2025,Rajasthan
2268,CUST_148,Clothing,2364,5,11-09-2025,Mumbai
2269,CUST_245,Clothing,3540,2,19-06-2025,Delhi
2270,CUST_281,Home Decor,372,5,23-03-2025,Rajasthan
2271,CUST_181,Clothing,4839,4,02-02-2025,UP
2272,CUST_112,Electronics,3203,3,11-08-2025,Karnataka
2273,CUST_264,Clothing,674,2,03-12-2025,Karnataka
2274,CUST_237,Books,2008,5,22-08-2025,Mumbai
2275,CUST_133,Books,260,4,06-01-2025,Mumbai
2276,CUST_205,Clothing,1421,3,17-02-2025,Rajasthan
2277,CUST_147,Home Decor,644,1,20-05-2025,Mumbai
2278,CUST_248,Electronics,1053,1,12-10-2025,Karnataka
2279,CUST_186,Books,1971,2,09-10-2025,Delhi
2280,CUST_281,Clothing,2024,3,12-06-2025,Rajasthan
2281,CUST_124,Clothing,984,4,18-05-2025,Rajasthan
2282,CUST_216,Books,3707,1,11-02-2025,UP
2283,CUST_193,Home Decor,2455,3,17-10-2025,UP
2284,CUST_153,Books,1594,5,20-11-2025,Karnataka
2285,CUST_123,Clothing,1249,5,20-03-2025,UP
2286,CUST_200,Electronics,4988,4,17-04-2025,Mumbai
2287,CUST_245,Books,3619,2,07-06-2025,Mumbai
2288,CUST_141,Books,201,2,19-01-2025,Rajasthan
2289,CUST_110,Electronics,4965,2,27-04-2025,Delhi
2290,CUST_125,Books,3148,4,23-01-2025,UP
2291,CUST_140,Books,3646,4,31-01-2025,Rajasthan
2292,CUST_201,Clothing,2292,2,03-02-2025,Delhi
2293,CUST_116,Electronics,4017,2,01-12-2025,UP
2294,CUST_175,Electronics,3274,5,30-10-2025,Rajasthan
2295,CUST_188,Clothing,511,1,20-12-2025,Delhi
2296,CUST_104,Home Decor,2541,5,23-09-2025,Rajasthan
2297,CUST_285,Clothing,2069,1,04-05-2025,UP
2298,CUST_109,Electronics,2366,2,07-12-2025,UP
2299,CUST_124,Home Decor,847,5,05-07-2025,Rajasthan
2300,CUST_140,Electronics,3938,2,12-02-2025,UP
2301,CUST_234,Clothing,2959,1,28-12-2025,Rajasthan
2302,CUST_261,Books,1449,2,17-01-2025,Mumbai
2303,CUST_190,Electronics,3063,1,15-07-2025,Delhi
2304,CUST_202,Books,4176,2,24-03-2025,Delhi
2305,CUST_297,Books,1476,4,04-06-2025,Delhi
2306,CUST_183,Electronics,1461,4,05-05-2025,Karnataka
2307,CUST_277,Books,879,2,20-08-2025,Rajasthan
2308,CUST_131,Home Decor,3450,3,06-03-2025,Mumbai
2309,CUST_258,Clothing,488,4,31-01-2025,UP
2310,CUST_232,Clothing,1218,1,13-08-2025,UP
2311,CUST_261,Clothing,1465,1,09-07-2025,Rajasthan
2312,CUST_164,Home Decor,1208,2,02-01-2025,Delhi
2313,CUST_235,Clothing,1543,4,25-05-2025,Karnataka
2314,CUST_149,Electronics,1794,3,16-02-2025,Mumbai
2315,CUST_248,Clothing,851,5,13-03-2025,Rajasthan
2316,CUST_123,Home Decor,2002,2,12-10-2025,Delhi
2317,CUST_268,Electronics,121,3,17-09-2025,UP
2318,CUST_151,Electronics,1840,5,06-10-2025,Rajasthan
2319,CUST_243,Clothing,4920,2,06-01-2025,Delhi
2320,CUST_209,Electronics,1864,2,05-01-2025,Karnataka
2321,CUST_294,Home Decor,1758,5,29-12-2025,Mumbai
2322,CUST_118,Clothing,4421,4,01-10-2025,Delhi
2323,CUST_205,Books,338,2,01-05-2025,Rajasthan
2324,CUST_211,Home Decor,1545,2,16-09-2025,Mumbai
2325,CUST_240,Home Decor,1445,1,30-12-2025,Rajasthan
2326,CUST_229,Books,4099,3,06-01-2025,Delhi
2327,CUST_148,Electronics,3681,3,01-06-2025,Karnataka
2328,CUST_245,Home Decor,3617,4,11-09-2025,UP
2329,CUST_186,Electronics,457,4,17-01-2025,Rajasthan
2330,CUST_242,Electronics,673,2,11-11-2025,Karnataka
2331,CUST_112,Home Decor,4023,2,31-07-2025,Delhi
2332,CUST_162,Books,755,5,13-03-2025,Mumbai
2333,CUST_184,Home Decor,4027,5,16-03-2025,UP
2334,CUST_242,Electronics,4030,4,16-04-2025,Karnataka
2335,CUST_173,Clothing,880,4,02-09-2025,Delhi
2336,CUST_211,Home Decor,2277,1,12-04-2025,Rajasthan
2337,CUST_166,Clothing,3871,3,08-10-2025,Delhi
2338,CUST_203,Books,483,3,14-12-2025,Rajasthan
2339,CUST_165,Books,3014,2,24-08-2025,Karnataka
2340,CUST_284,Electronics,3345,2,02-02-2025,Mumbai
2341,CUST_243,Books,173,1,30-05-2025,Delhi
2342,CUST_207,Home Decor,1130,5,23-09-2025,UP
2343,CUST_200,Clothing,2482,1,16-10-2025,Mumbai
2344,CUST_102,Books,3530,1,15-12-2025,Rajasthan
2345,CUST_142,Electronics,4304,3,01-01-2025,Rajasthan
2346,CUST_293,Home Decor,4866,4,21-08-2025,Delhi
2347,CUST_237,Books,3400,5,15-02-2025,UP
2348,CUST_195,Electronics,2648,2,23-08-2025,Delhi
2349,CUST_273,Electronics,604,2,29-07-2025,Karnataka
2350,CUST_257,Books,2873,5,24-02-2025,Karnataka
2351,CUST_116,Electronics,1308,2,19-01-2025,Rajasthan
2352,CUST_159,Books,1942,4,24-09-2025,Mumbai
2353,CUST_277,Home Decor,3955,3,28-02-2025,UP
2354,CUST_233,Electronics,205,1,04-09-2025,Delhi
2355,CUST_145,Clothing,2294,3,12-01-2025,UP
2356,CUST_158,Clothing,100,5,02-06-2025,Delhi
2357,CUST_136,Home Decor,280,5,08-08-2025,Mumbai
2358,CUST_114,Books,3688,5,23-06-2025,Delhi
2359,CUST_155,Books,3906,1,12-06-2025,Rajasthan
2360,CUST_296,Clothing,4615,2,05-09-2025,Delhi
2361,CUST_256,Books,3491,4,03-05-2025,UP
2362,CUST_256,Clothing,386,2,03-04-2025,Mumbai
2363,CUST_249,Clothing,116,2,04-12-2025,UP
2364,CUST_277,Electronics,3411,2,26-12-2025,Karnataka
2365,CUST_218,Books,2420,2,09-01-2025,Karnataka
2366,CUST_118,Home Decor,3519,2,27-07-2025,Rajasthan
2367,CUST_129,Clothing,318,4,06-08-2025,Rajasthan
2368,CUST_228,Books,3266,3,28-07-2025,UP
2369,CUST_190,Electronics,4222,5,07-03-2025,UP
2370,CUST_200,Electronics,3818,5,28-10-2025,UP
2371,CUST_210,Books,2024,4,13-02-2025,UP
2372,CUST_300,Home Decor,3410,3,04-03-2025,Karnataka
2373,CUST_197,Clothing,3902,1,11-09-2025,Karnataka
2374,CUST_132,Electronics,4584,5,26-05-2025,Mumbai
2375,CUST_251,Electronics,1546,5,01-11-2025,Rajasthan
2376,CUST_180,Electronics,3303,1,10-04-2025,UP
2377,CUST_282,Electronics,2104,4,31-01-2025,Karnataka
2378,CUST_222,Clothing,1051,2,09-06-2025,Rajasthan
2379,CUST_193,Books,4182,2,09-06-2025,Delhi
2380,CUST_106,Electronics,3139,2,19-07-2025,Mumbai
2381,CUST_102,Home Decor,1924,4,04-10-2025,Mumbai
2382,CUST_159,Clothing,4092,4,01-06-2025,Karnataka
2383,CUST_149,Clothing,1985,4,03-11-2025,Karnataka
2384,CUST_185,Home Decor,1015,4,18-08-2025,UP
2385,CUST_248,Books,4017,4,30-12-2025,Delhi
2386,CUST_120,Home Decor,3630,3,09-03-2025,Karnataka
2387,CUST_141,Home Decor,1871,5,16-11-2025,Mumbai
2388,CUST_202,Books,617,4,22-12-2025,Delhi
2389,CUST_289,Home Decor,4770,5,19-03-2025,Karnataka
2390,CUST_285,Home Decor,4122,5,21-08-2025,UP
2391,CUST_166,Books,2020,4,12-04-2025,Mumbai
2392,CUST_215,Clothing,4172,2,20-02-2025,UP
2393,CUST_129,Home Decor,1941,4,21-04-2025,Rajasthan
2394,CUST_268,Electronics,1163,3,11-03-2025,UP
2395,CUST_163,Electronics,183,2,21-07-2025,Rajasthan
2396,CUST_140,Books,4624,1,11-07-2025,UP
2397,CUST_255,Books,3545,3,18-07-2025,Rajasthan
2398,CUST_115,Clothing,3052,5,30-05-2025,Delhi
2399,CUST_194,Clothing,2371,2,15-11-2025,Rajasthan
2400,CUST_186,Clothing,466,5,26-01-2025,Karnataka
2401,CUST_235,Electronics,355,3,02-11-2025,Rajasthan
2402,CUST_122,Clothing,2404,4,22-01-2025,UP
2403,CUST_197,Clothing,3452,2,15-11-2025,Delhi
2404,CUST_186,Clothing,4330,5,30-08-2025,Delhi
2405,CUST_267,Clothing,1268,5,22-09-2025,Delhi
2406,CUST_295,Clothing,3917,3,05-02-2025,Delhi
2407,CUST_297,Clothing,810,5,07-03-2025,Mumbai
2408,CUST_258,Books,3521,1,01-08-2025,Delhi
2409,CUST_288,Clothing,305,1,18-01-2025,Mumbai
2410,CUST_169,Home Decor,1507,1,02-07-2025,Karnataka
2411,CUST_143,Clothing,4004,3,08-04-2025,Rajasthan
2412,CUST_122,Electronics,4290,1,16-04-2025,Rajasthan
2413,CUST_242,Electronics,471,2,08-07-2025,Karnataka
2414,CUST_219,Clothing,883,2,21-09-2025,Mumbai
2415,CUST_147,Books,2049,2,04-07-2025,Mumbai
2416,CUST_168,Books,468,3,01-04-2025,Rajasthan
2417,CUST_175,Electronics,1421,2,05-01-2025,Mumbai
2418,CUST_184,Clothing,2618,5,25-06-2025,Karnataka
2419,CUST_240,Books,673,1,11-01-2025,Delhi
2420,CUST_244,Clothing,2573,4,13-12-2025,Karnataka
2421,CUST_200,Books,1117,4,27-10-2025,UP
2422,CUST_248,Electronics,3009,3,11-08-2025,Karnataka
2423,CUST_137,Home Decor,281,1,16-06-2025,Rajasthan
2424,CUST_242,Home Decor,1358,3,14-07-2025,Rajasthan
2425,CUST_211,Electronics,2852,4,26-08-2025,Karnataka
2426,CUST_175,Electronics,4283,1,04-08-2025,Mumbai
2427,CUST_138,Clothing,1868,3,03-05-2025,UP
2428,CUST_116,Electronics,1526,5,10-12-2025,Delhi
2429,CUST_280,Electronics,4424,3,03-11-2025,Delhi
2430,CUST_165,Home Decor,1185,4,12-02-2025,Karnataka
2431,CUST_237,Books,1245,4,27-07-2025,UP
2432,CUST_131,Clothing,918,3,17-04-2025,UP
2433,CUST_271,Electronics,3294,4,01-10-2025,Mumbai
2434,CUST_243,Books,891,4,25-07-2025,UP
2435,CUST_278,Electronics,3398,4,10-04-2025,Rajasthan
2436,CUST_130,Books,4270,5,31-01-2025,Delhi
2437,CUST_139,Electronics,3500,5,02-10-2025,Delhi
2438,CUST_296,Clothing,1849,4,20-04-2025,UP
2439,CUST_161,Clothing,4243,5,01-08-2025,UP
2440,CUST_177,Books,753,3,18-02-2025,Mumbai
2441,CUST_220,Clothing,3871,5,22-10-2025,UP
2442,CUST_201,Home Decor,1389,3,22-08-2025,Delhi
2443,CUST_193,Home Decor,4264,3,29-08-2025,Mumbai
2444,CUST_278,Clothing,1629,2,16-03-2025,Rajasthan
2445,CUST_273,Books,1515,4,03-11-2025,Rajasthan
2446,CUST_103,Home Decor,3508,3,17-05-2025,Karnataka
2447,CUST_268,Home Decor,1836,1,29-06-2025,Mumbai
2448,CUST_171,Books,2365,4,01-02-2025,Delhi
2449,CUST_168,Home Decor,2672,5,17-07-2025,Karnataka
2450,CUST_139,Clothing,2376,4,18-11-2025,Mumbai
2451,CUST_229,Books,383,5,03-02-2025,Mumbai
2452,CUST_266,Clothing,4283,2,04-07-2025,Mumbai
2453,CUST_267,Books,4987,3,05-06-2025,Rajasthan
2454,CUST_130,Clothing,4132,5,23-07-2025,Karnataka
2455,CUST_168,Clothing,3826,4,20-08-2025,Rajasthan
2456,CUST_104,Electronics,3058,4,14-10-2025,Rajasthan
2457,CUST_198,Electronics,4509,3,15-06-2025,Rajasthan
2458,CUST_219,Clothing,4211,5,12-07-2025,Rajasthan
2459,CUST_190,Electronics,3172,5,25-05-2025,Rajasthan
2460,CUST_295,Clothing,4308,2,02-12-2025,Karnataka
2461,CUST_187,Clothing,3743,1,13-09-2025,Rajasthan
2462,CUST_273,Electronics,3183,3,21-05-2025,Mumbai
2463,CUST_172,Home Decor,1514,1,17-11-2025,UP
2464,CUST_230,Home Decor,128,1,14-07-2025,UP
2465,CUST_113,Home Decor,3989,2,16-07-2025,Rajasthan
2466,CUST_245,Home Decor,3880,3,12-01-2025,Mumbai
2467,CUST_293,Clothing,347,5,25-11-2025,Delhi
2468,CUST_273,Electronics,4596,1,03-04-2025,Mumbai
2469,CUST_198,Clothing,102,5,04-01-2025,Rajasthan
2470,CUST_172,Electronics,1739,3,19-02-2025,Karnataka
2471,CUST_166,Clothing,4500,3,29-01-2025,Mumbai
2472,CUST_259,Books,4785,1,17-06-2025,Mumbai
2473,CUST_271,Home Decor,2022,1,03-07-2025,Mumbai
2474,CUST_246,Books,2618,1,25-05-2025,Karnataka
2475,CUST_231,Clothing,4281,4,10-01-2025,Delhi
2476,CUST_264,Books,4522,3,15-01-2025,Rajasthan
2477,CUST_274,Books,855,2,31-01-2025,Karnataka
2478,CUST_107,Books,3081,4,28-06-2025,UP
2479,CUST_289,Clothing,4146,2,27-08-2025,Mumbai
2480,CUST_242,Home Decor,1511,1,14-06-2025,Delhi
2481,CUST_127,Clothing,4293,2,13-09-2025,Mumbai
2482,CUST_288,Electronics,2233,2,17-09-2025,Karnataka
2483,CUST_248,Clothing,889,4,29-07-2025,UP
2484,CUST_273,Books,3533,4,17-04-2025,Karnataka
2485,CUST_100,Electronics,4209,3,05-12-2025,UP
2486,CUST_293,Home Decor,4599,3,20-01-2025,UP
2487,CUST_288,Clothing,4250,3,19-11-2025,Mumbai
2488,CUST_134,Electronics,4852,4,02-06-2025,Karnataka
2489,CUST_218,Books,2815,2,03-12-2025,UP
2490,CUST_231,Books,2334,3,29-12-2025,UP
2491,CUST_137,Home Decor,915,4,10-07-2025,UP
2492,CUST_178,Books,3179,1,18-12-2025,UP
2493,CUST_262,Electronics,1569,1,04-05-2025,Karnataka
2494,CUST_191,Clothing,1094,2,18-08-2025,Mumbai
2495,CUST_135,Books,313,2,25-11-2025,Karnataka
2496,CUST_265,Clothing,1044,5,06-02-2025,Karnataka
2497,CUST_133,Clothing,3961,3,12-02-2025,Delhi
2498,CUST_223,Electronics,3520,4,20-04-2025,Karnataka
2499,CUST_269,Electronics,1095,3,02-07-2025,UP
2500,CUST_191,Clothing,534,2,28-10-2025,Mumbai
2501,CUST_263,Books,2100,5,19-06-2025,Mumbai
2502,CUST_266,Home Decor,1628,3,27-10-2025,Rajasthan
2503,CUST_167,Clothing,408,4,27-08-2025,UP
2504,CUST_278,Electronics,580,3,23-09-2025,Mumbai
2505,CUST_200,Clothing,2412,5,13-12-2025,Mumbai
2506,CUST_226,Clothing,444,2,09-12-2025,Rajasthan
2507,CUST_141,Books,3958,1,01-11-2025,Mumbai
2508,CUST_267,Electronics,4851,4,17-08-2025,UP
2509,CUST_125,Books,4215,1,25-09-2025,Mumbai
2510,CUST_157,Electronics,647,3,13-11-2025,Rajasthan
2511,CUST_203,Electronics,2870,3,25-05-2025,UP
2512,CUST_116,Electronics,1544,3,29-07-2025,Delhi
2513,CUST_149,Electronics,1477,4,25-08-2025,UP
2514,CUST_190,Home Decor,4536,3,13-01-2025,Mumbai
2515,CUST_147,Home Decor,271,4,12-06-2025,UP
2516,CUST_220,Clothing,1505,5,11-10-2025,Karnataka
2517,CUST_250,Electronics,2967,5,17-03-2025,UP
2518,CUST_210,Electronics,3107,5,28-03-2025,UP
2519,CUST_294,Electronics,3912,1,17-09-2025,Delhi
2520,CUST_132,Electronics,4555,2,18-07-2025,Rajasthan
2521,CUST_215,Electronics,2645,4,20-04-2025,Rajasthan
2522,CUST_300,Clothing,1273,1,04-10-2025,Delhi
2523,CUST_108,Home Decor,2168,2,23-08-2025,Rajasthan
2524,CUST_198,Electronics,3044,1,10-01-2025,Rajasthan
2525,CUST_113,Books,791,1,29-01-2025,Mumbai
2526,CUST_143,Clothing,3930,1,08-10-2025,UP
2527,CUST_297,Clothing,3359,5,11-05-2025,Rajasthan
2528,CUST_197,Books,4688,4,26-07-2025,UP
2529,CUST_221,Home Decor,3428,5,29-04-2025,Rajasthan
2530,CUST_208,Clothing,1447,4,29-03-2025,Delhi
2531,CUST_233,Clothing,4084,2,05-07-2025,Rajasthan
2532,CUST_185,Electronics,1308,5,01-08-2025,Karnataka
2533,CUST_106,Clothing,1340,2,17-06-2025,Rajasthan
2534,CUST_271,Clothing,577,5,27-01-2025,Karnataka
2535,CUST_260,Electronics,3824,2,16-05-2025,Rajasthan
2536,CUST_203,Home Decor,3593,4,09-02-2025,Delhi
2537,CUST_226,Clothing,4613,3,15-07-2025,Mumbai
2538,CUST_132,Clothing,2816,4,18-06-2025,Mumbai
2539,CUST_116,Home Decor,767,3,20-09-2025,Karnataka
2540,CUST_219,Books,1826,1,09-08-2025,Mumbai
2541,CUST_183,Electronics,3868,2,29-11-2025,Delhi
2542,CUST_177,Home Decor,786,3,29-08-2025,Delhi
2543,CUST_220,Home Decor,4771,1,21-07-2025,Rajasthan
2544,CUST_175,Home Decor,3240,2,28-11-2025,Karnataka
2545,CUST_143,Books,3036,1,01-06-2025,Delhi
2546,CUST_173,Home Decor,2518,5,15-07-2025,Mumbai
2547,CUST_121,Home Decor,2867,3,09-04-2025,Mumbai
2548,CUST_114,Home Decor,703,5,11-03-2025,Mumbai
2549,CUST_198,Electronics,4423,4,20-10-2025,Delhi
2550,CUST_144,Home Decor,322,4,01-01-2025,Rajasthan
2551,CUST_159,Clothing,4190,2,15-04-2025,Mumbai
2552,CUST_294,Clothing,4292,5,22-10-2025,Mumbai
2553,CUST_152,Books,4699,1,26-09-2025,Mumbai
2554,CUST_176,Clothing,3501,5,08-03-2025,Rajasthan
2555,CUST_167,Clothing,2941,5,30-06-2025,UP
2556,CUST_203,Clothing,4244,4,06-05-2025,Rajasthan
2557,CUST_189,Electronics,2730,4,20-07-2025,Rajasthan
2558,CUST_201,Home Decor,1769,1,23-01-2025,Rajasthan
2559,CUST_111,Clothing,4481,1,12-11-2025,Rajasthan
2560,CUST_126,Home Decor,3751,4,22-04-2025,Rajasthan
2561,CUST_202,Books,949,4,22-07-2025,Rajasthan
2562,CUST_125,Clothing,3150,2,04-11-2025,Mumbai
2563,CUST_198,Home Decor,2039,3,07-07-2025,UP
2564,CUST_299,Home Decor,1146,2,03-10-2025,Karnataka
2565,CUST_142,Books,4123,1,04-02-2025,Rajasthan
2566,CUST_135,Books,982,5,14-12-2025,UP
2567,CUST_192,Clothing,3251,1,28-11-2025,Karnataka
2568,CUST_104,Books,4934,4,30-09-2025,Mumbai
2569,CUST_272,Electronics,1810,3,15-11-2025,Delhi
2570,CUST_123,Books,2520,5,11-06-2025,Mumbai
2571,CUST_280,Electronics,2743,3,24-04-2025,Rajasthan
2572,CUST_146,Clothing,1374,5,15-08-2025,Mumbai
2573,CUST_276,Electronics,1935,2,21-11-2025,Delhi
2574,CUST_245,Books,976,1,19-08-2025,UP
2575,CUST_145,Home Decor,2279,3,29-01-2025,Mumbai
2576,CUST_274,Electronics,1368,3,05-05-2025,Karnataka
2577,CUST_122,Books,3385,3,27-06-2025,Mumbai
2578,CUST_142,Books,2978,4,04-10-2025,Karnataka
2579,CUST_193,Electronics,3612,5,27-06-2025,Delhi
2580,CUST_100,Home Decor,3683,3,23-02-2025,UP
2581,CUST_197,Clothing,2267,3,10-08-2025,Karnataka
2582,CUST_291,Clothing,1040,5,01-12-2025,Karnataka
2583,CUST_274,Home Decor,4604,4,26-06-2025,Karnataka
2584,CUST_240,Clothing,4601,2,29-01-2025,Rajasthan
2585,CUST_297,Clothing,3486,5,02-11-2025,Mumbai
2586,CUST_146,Home Decor,3723,1,31-07-2025,Delhi
2587,CUST_117,Electronics,2596,1,24-09-2025,Rajasthan
2588,CUST_152,Clothing,3692,3,22-05-2025,Delhi
2589,CUST_242,Clothing,414,1,09-11-2025,Rajasthan
2590,CUST_227,Clothing,3072,3,05-12-2025,UP
2591,CUST_103,Home Decor,4672,2,25-08-2025,Mumbai
2592,CUST_149,Home Decor,1781,1,21-07-2025,Rajasthan
2593,CUST_210,Electronics,3073,1,13-04-2025,Delhi
2594,CUST_253,Books,2732,5,22-11-2025,Delhi
2595,CUST_189,Books,1744,2,29-04-2025,Delhi
2596,CUST_275,Electronics,3764,3,04-12-2025,Karnataka
2597,CUST_141,Electronics,3788,3,09-02-2025,Mumbai
2598,CUST_285,Books,4952,3,30-08-2025,Mumbai
2599,CUST_144,Clothing,497,5,20-08-2025,UP
2600,CUST_150,Clothing,4650,3,09-04-2025,UP
2601,CUST_168,Clothing,1577,4,07-05-2025,Rajasthan
2602,CUST_114,Books,1830,3,28-06-2025,Mumbai
2603,CUST_151,Clothing,818,4,30-03-2025,Rajasthan
2604,CUST_299,Home Decor,2526,2,31-07-2025,Delhi
2605,CUST_107,Clothing,165,2,29-05-2025,UP
2606,CUST_210,Electronics,4269,4,13-05-2025,Rajasthan
2607,CUST_188,Electronics,301,1,09-03-2025,Karnataka
2608,CUST_280,Clothing,1622,4,18-06-2025,UP
2609,CUST_222,Home Decor,4904,1,19-04-2025,Rajasthan
2610,CUST_206,Home Decor,4456,3,28-01-2025,Delhi
2611,CUST_297,Electronics,3667,2,13-11-2025,Karnataka
2612,CUST_133,Books,3394,1,01-12-2025,Delhi
2613,CUST_117,Electronics,3114,4,09-07-2025,Rajasthan
2614,CUST_231,Electronics,3693,5,03-08-2025,Delhi
2615,CUST_122,Clothing,2381,4,16-08-2025,Rajasthan
2616,CUST_281,Clothing,3041,1,10-10-2025,Mumbai
2617,CUST_152,Home Decor,3325,2,26-04-2025,Karnataka
2618,CUST_154,Electronics,827,1,01-12-2025,UP
2619,CUST_139,Home Decor,4652,4,13-09-2025,UP
2620,CUST_211,Home Decor,1319,5,16-12-2025,Rajasthan
2621,CUST_209,Books,205,5,21-07-2025,Mumbai
2622,CUST_143,Books,3084,5,24-11-2025,Mumbai
2623,CUST_144,Clothing,4942,5,14-05-2025,UP
2624,CUST_199,Books,1136,2,20-12-2025,Mumbai
2625,CUST_192,Electronics,3308,5,01-08-2025,UP
2626,CUST_111,Clothing,1518,3,20-01-2025,Delhi
2627,CUST_156,Clothing,1658,2,18-10-2025,UP
2628,CUST_166,Home Decor,4729,3,07-08-2025,Rajasthan
2629,CUST_104,Clothing,3184,3,18-02-2025,UP
2630,CUST_277,Clothing,2193,2,29-12-2025,Karnataka
2631,CUST_245,Clothing,1364,4,28-11-2025,Karnataka
2632,CUST_145,Electronics,3627,2,20-01-2025,UP
2633,CUST_244,Books,873,2,05-01-2025,Mumbai
2634,CUST_245,Books,4309,4,01-11-2025,UP
2635,CUST_290,Books,4759,5,14-04-2025,Karnataka
2636,CUST_288,Clothing,1483,4,19-08-2025,UP
2637,CUST_159,Clothing,4791,2,12-03-2025,Karnataka
2638,CUST_140,Clothing,228,4,22-09-2025,Rajasthan
2639,CUST_280,Clothing,372,3,02-10-2025,Karnataka
2640,CUST_129,Clothing,2744,4,07-10-2025,Mumbai
2641,CUST_163,Home Decor,4575,1,13-02-2025,Delhi
2642,CUST_259,Clothing,4277,4,18-06-2025,Mumbai
2643,CUST_215,Home Decor,2100,1,19-07-2025,Delhi
2644,CUST_297,Home Decor,4578,4,17-08-2025,Mumbai
2645,CUST_275,Clothing,4018,1,13-06-2025,Rajasthan
2646,CUST_179,Electronics,2870,1,12-06-2025,Delhi
2647,CUST_149,Books,3837,4,17-04-2025,Mumbai
2648,CUST_231,Electronics,3436,4,17-08-2025,Karnataka
2649,CUST_113,Home Decor,862,3,20-10-2025,Rajasthan
2650,CUST_289,Clothing,3095,5,24-02-2025,Mumbai
2651,CUST_254,Books,1494,1,25-07-2025,Mumbai
2652,CUST_144,Electronics,4077,5,30-11-2025,Delhi
2653,CUST_135,Clothing,4922,4,08-01-2025,Rajasthan
2654,CUST_282,Books,174,2,17-04-2025,Delhi
2655,CUST_260,Electronics,2675,1,18-05-2025,UP
2656,CUST_158,Electronics,3127,5,23-11-2025,Karnataka
2657,CUST_220,Clothing,1734,5,25-03-2025,Karnataka
2658,CUST_146,Electronics,2852,3,19-12-2025,Delhi
2659,CUST_116,Home Decor,1426,4,10-11-2025,Delhi
2660,CUST_149,Electronics,1288,5,08-05-2025,Mumbai
2661,CUST_100,Home Decor,1508,5,04-08-2025,Delhi
2662,CUST_104,Electronics,738,1,07-12-2025,Mumbai
2663,CUST_194,Electronics,523,4,20-05-2025,Rajasthan
2664,CUST_195,Electronics,907,2,19-02-2025,Mumbai
2665,CUST_165,Home Decor,3057,4,01-07-2025,UP
2666,CUST_224,Electronics,4022,2,19-07-2025,Mumbai
2667,CUST_270,Clothing,1553,4,26-11-2025,Karnataka
2668,CUST_257,Electronics,3319,5,23-03-2025,Delhi
2669,CUST_131,Electronics,2511,4,23-02-2025,UP
2670,CUST_289,Home Decor,2396,5,03-09-2025,UP
2671,CUST_288,Home Decor,2838,5,22-02-2025,Mumbai
2672,CUST_245,Electronics,363,4,02-09-2025,Rajasthan
2673,CUST_244,Clothing,2646,5,21-09-2025,Mumbai
2674,CUST_153,Home Decor,2029,2,05-10-2025,Karnataka
2675,CUST_176,Electronics,1011,3,15-11-2025,Karnataka
2676,CUST_203,Clothing,3661,1,06-12-2025,UP
2677,CUST_149,Electronics,774,5,27-10-2025,Karnataka
2678,CUST_145,Books,3739,1,09-10-2025,Karnataka
2679,CUST_261,Clothing,2430,1,08-06-2025,Rajasthan
2680,CUST_168,Books,529,4,12-09-2025,Rajasthan
2681,CUST_176,Clothing,2465,5,28-11-2025,Rajasthan
2682,CUST_224,Home Decor,1097,1,20-07-2025,Delhi
2683,CUST_163,Clothing,1523,2,02-01-2025,Rajasthan
2684,CUST_127,Electronics,1593,3,05-09-2025,Mumbai
2685,CUST_248,Electronics,2912,5,02-11-2025,UP
2686,CUST_272,Home Decor,291,5,03-04-2025,Delhi
2687,CUST_261,Home Decor,4183,5,08-04-2025,Mumbai
2688,CUST_267,Home Decor,2998,3,27-01-2025,Rajasthan
2689,CUST_207,Clothing,3717,4,06-01-2025,Karnataka
2690,CUST_149,Clothing,699,3,13-07-2025,Mumbai
2691,CUST_228,Electronics,2782,4,15-09-2025,Karnataka
2692,CUST_142,Clothing,1124,2,03-01-2025,Delhi
2693,CUST_261,Electronics,2740,3,19-09-2025,Mumbai
2694,CUST_143,Electronics,1057,1,11-01-2025,Karnataka
2695,CUST_149,Books,4274,5,18-09-2025,Rajasthan
2696,CUST_116,Electronics,272,2,03-11-2025,Mumbai
2697,CUST_268,Clothing,3650,2,01-06-2025,Mumbai
2698,CUST_297,Electronics,923,2,09-09-2025,Karnataka
2699,CUST_116,Electronics,2074,4,07-11-2025,Rajasthan
2700,CUST_225,Clothing,1073,4,10-07-2025,Rajasthan
2701,CUST_221,Electronics,2853,2,16-10-2025,Rajasthan
2702,CUST_235,Books,225,2,22-05-2025,UP
2703,CUST_262,Electronics,2803,2,14-07-2025,Karnataka
2704,CUST_292,Books,4496,4,15-10-2025,Delhi
2705,CUST_207,Books,3736,3,23-04-2025,Karnataka
2706,CUST_166,Clothing,4639,4,04-07-2025,UP
2707,CUST_174,Electronics,4117,2,08-08-2025,Karnataka
2708,CUST_124,Electronics,1390,5,18-12-2025,Karnataka
2709,CUST_269,Clothing,3493,2,26-07-2025,Karnataka
2710,CUST_133,Books,1481,4,28-04-2025,Mumbai
2711,CUST_300,Books,4382,1,20-03-2025,UP
2712,CUST_278,Clothing,4511,3,23-03-2025,Delhi
2713,CUST_174,Clothing,2243,5,20-10-2025,Karnataka
2714,CUST_258,Home Decor,3259,4,30-04-2025,Karnataka
2715,CUST_175,Electronics,2022,5,02-09-2025,Delhi
2716,CUST_210,Home Decor,2173,3,03-03-2025,Karnataka
2717,CUST_265,Books,4035,1,21-04-2025,Karnataka
2718,CUST_274,Clothing,2579,3,05-03-2025,UP
2719,CUST_178,Clothing,3225,5,11-02-2025,Karnataka
2720,CUST_221,Electronics,4955,1,20-11-2025,Mumbai
2721,CUST_224,Clothing,4071,4,30-04-2025,Mumbai
2722,CUST_132,Books,4248,4,27-10-2025,Rajasthan
2723,CUST_210,Electronics,910,2,02-02-2025,Delhi
2724,CUST_100,Clothing,827,1,08-10-2025,Delhi
2725,CUST_126,Home Decor,1030,3,02-05-2025,Mumbai
2726,CUST_254,Home Decor,4826,1,08-04-2025,Mumbai
2727,CUST_125,Books,3617,5,24-10-2025,Karnataka
2728,CUST_240,Home Decor,1466,3,19-09-2025,Karnataka
2729,CUST_257,Clothing,1005,1,21-12-2025,Karnataka
2730,CUST_184,Home Decor,808,1,03-08-2025,Delhi
2731,CUST_296,Electronics,3294,5,30-06-2025,UP
2732,CUST_151,Home Decor,4118,1,03-01-2025,Delhi
2733,CUST_127,Clothing,705,3,19-12-2025,Rajasthan
2734,CUST_232,Electronics,2900,3,29-03-2025,Mumbai
2735,CUST_202,Books,4122,1,14-09-2025,Rajasthan
2736,CUST_244,Electronics,324,4,21-09-2025,Mumbai
2737,CUST_177,Clothing,1552,4,28-11-2025,UP
2738,CUST_228,Clothing,4359,4,06-11-2025,Delhi
2739,CUST_172,Clothing,3716,2,17-09-2025,Delhi
2740,CUST_249,Electronics,2673,1,24-08-2025,UP
2741,CUST_274,Books,3785,2,14-08-2025,Delhi
2742,CUST_231,Electronics,4902,3,01-05-2025,Rajasthan
2743,CUST_179,Electronics,3454,2,28-06-2025,Rajasthan
2744,CUST_217,Electronics,4458,1,25-07-2025,Delhi
2745,CUST_140,Books,4362,5,17-03-2025,Rajasthan
2746,CUST_220,Home Decor,2928,2,29-09-2025,Mumbai
2747,CUST_213,Books,1522,2,19-05-2025,Karnataka
2748,CUST_142,Books,3790,3,25-07-2025,Karnataka
2749,CUST_199,Home Decor,3755,1,13-04-2025,Delhi
2750,CUST_292,Home Decor,3187,4,27-12-2025,UP
2751,CUST_282,Home Decor,3805,2,20-06-2025,Delhi
2752,CUST_106,Home Decor,1196,1,05-05-2025,UP
2753,CUST_119,Clothing,738,4,04-03-2025,UP
2754,CUST_143,Clothing,3999,4,02-08-2025,Mumbai
2755,CUST_233,Clothing,3740,3,28-08-2025,Delhi
2756,CUST_151,Electronics,783,5,18-04-2025,Rajasthan
2757,CUST_186,Books,4154,2,05-01-2025,Mumbai
2758,CUST_189,Home Decor,1214,1,21-01-2025,Mumbai
2759,CUST_167,Electronics,2944,2,03-07-2025,UP
2760,CUST_224,Books,4247,2,29-06-2025,Rajasthan
2761,CUST_176,Electronics,205,2,26-10-2025,Mumbai
2762,CUST_222,Books,4164,1,05-11-2025,Delhi
2763,CUST_127,Books,861,2,05-04-2025,Mumbai
2764,CUST_260,Home Decor,4880,4,19-06-2025,Delhi
2765,CUST_274,Clothing,3096,2,05-09-2025,Delhi
2766,CUST_279,Clothing,1635,2,03-07-2025,Mumbai
2767,CUST_251,Clothing,3574,2,14-09-2025,Mumbai
2768,CUST_272,Electronics,1075,4,19-10-2025,Rajasthan
2769,CUST_193,Clothing,2627,3,08-04-2025,Karnataka
2770,CUST_178,Clothing,2081,4,30-01-2025,Rajasthan
2771,CUST_167,Home Decor,3168,2,09-02-2025,Rajasthan
2772,CUST_112,Books,3712,4,11-12-2025,Delhi
2773,CUST_189,Home Decor,4894,2,19-09-2025,Delhi
2774,CUST_151,Books,622,1,12-01-2025,Delhi
2775,CUST_149,Clothing,2710,1,25-04-2025,UP
2776,CUST_223,Clothing,2098,4,21-01-2025,Karnataka
2777,CUST_143,Clothing,4826,5,30-01-2025,UP
2778,CUST_174,Books,3437,2,27-02-2025,Delhi
2779,CUST_262,Books,1782,3,30-06-2025,Karnataka
2780,CUST_261,Books,4924,4,18-04-2025,Delhi
2781,CUST_143,Books,1171,2,09-09-2025,Rajasthan
2782,CUST_195,Books,1063,1,25-07-2025,Mumbai
2783,CUST_284,Home Decor,3494,3,16-11-2025,UP
2784,CUST_175,Electronics,2466,5,21-11-2025,UP
2785,CUST_190,Home Decor,3944,2,25-03-2025,Rajasthan
2786,CUST_227,Books,840,1,16-03-2025,Karnataka
2787,CUST_274,Electronics,2540,4,14-01-2025,UP
2788,CUST_246,Home Decor,462,5,17-09-2025,Karnataka
2789,CUST_180,Home Decor,4365,1,29-09-2025,Rajasthan
2790,CUST_191,Electronics,895,2,27-01-2025,Mumbai
2791,CUST_120,Home Decor,2621,3,19-03-2025,UP
2792,CUST_214,Books,1953,5,12-12-2025,UP
2793,CUST_127,Books,4747,3,13-05-2025,UP
2794,CUST_273,Home Decor,2015,2,02-12-2025,UP
2795,CUST_204,Electronics,3271,3,11-03-2025,Karnataka
2796,CUST_158,Home Decor,4065,3,09-02-2025,Mumbai
2797,CUST_145,Electronics,2217,3,29-11-2025,Karnataka
2798,CUST_203,Home Decor,1147,1,20-12-2025,Karnataka
2799,CUST_170,Home Decor,4719,1,24-08-2025,Rajasthan
2800,CUST_266,Books,1806,4,06-07-2025,Karnataka
2801,CUST_202,Clothing,4478,3,09-05-2025,Karnataka
2802,CUST_278,Electronics,1962,5,04-05-2025,Mumbai
2803,CUST_184,Books,2042,4,01-02-2025,Rajasthan
2804,CUST_132,Home Decor,961,4,19-03-2025,Karnataka
2805,CUST_106,Books,1162,4,10-05-2025,Karnataka
2806,CUST_250,Clothing,1638,4,20-02-2025,UP
2807,CUST_210,Home Decor,597,4,04-07-2025,Karnataka
2808,CUST_166,Books,2706,2,03-06-2025,Delhi
2809,CUST_101,Home Decor,608,2,31-01-2025,Delhi
2810,CUST_172,Home Decor,161,2,06-11-2025,Mumbai
2811,CUST_144,Home Decor,4680,1,04-02-2025,Rajasthan
2812,CUST_164,Home Decor,1578,1,19-02-2025,Mumbai
2813,CUST_300,Home Decor,4500,5,09-04-2025,UP
2814,CUST_120,Books,255,5,31-05-2025,Rajasthan
2815,CUST_274,Clothing,4318,2,27-07-2025,Delhi
2816,CUST_258,Books,3850,1,26-12-2025,Rajasthan
2817,CUST_257,Books,2365,1,11-04-2025,Delhi
2818,CUST_277,Home Decor,4880,1,12-12-2025,Mumbai
2819,CUST_101,Books,179,3,31-03-2025,UP
2820,CUST_244,Home Decor,2235,3,18-06-2025,Rajasthan
2821,CUST_161,Home Decor,4741,4,18-11-2025,Karnataka
2822,CUST_233,Home Decor,2428,5,10-02-2025,Mumbai
2823,CUST_174,Electronics,2817,3,17-04-2025,Karnataka
2824,CUST_232,Home Decor,1483,1,13-02-2025,Karnataka
2825,CUST_113,Clothing,4172,5,21-02-2025,Karnataka
2826,CUST_155,Books,4651,4,10-02-2025,Rajasthan
2827,CUST_228,Home Decor,2625,1,02-06-2025,Mumbai
2828,CUST_185,Home Decor,2027,2,23-02-2025,Delhi
2829,CUST_107,Clothing,2896,1,13-07-2025,Mumbai
2830,CUST_277,Clothing,252,1,02-04-2025,Rajasthan
2831,CUST_182,Home Decor,3366,2,21-11-2025,Mumbai
2832,CUST_267,Electronics,3156,2,14-04-2025,Mumbai
2833,CUST_280,Clothing,2148,4,07-01-2025,Mumbai
2834,CUST_216,Books,1297,1,15-09-2025,Rajasthan
2835,CUST_275,Clothing,1795,3,12-08-2025,Karnataka
2836,CUST_224,Books,3214,2,07-08-2025,Rajasthan
2837,CUST_256,Electronics,3150,4,14-12-2025,UP
2838,CUST_235,Electronics,1980,5,14-06-2025,Karnataka
2839,CUST_256,Electronics,1005,1,31-08-2025,Mumbai
2840,CUST_285,Books,2246,1,29-10-2025,UP
2841,CUST_171,Home Decor,3415,3,02-10-2025,Delhi
2842,CUST_198,Home Decor,1485,1,22-04-2025,Rajasthan
2843,CUST_150,Home Decor,2201,4,16-10-2025,Delhi
2844,CUST_126,Books,2164,5,11-07-2025,Delhi
2845,CUST_152,Clothing,1385,2,13-09-2025,Mumbai
2846,CUST_119,Electronics,3943,5,04-02-2025,Delhi
2847,CUST_293,Clothing,2961,5,04-07-2025,UP
2848,CUST_212,Clothing,1967,4,15-07-2025,Rajasthan
2849,CUST_196,Home Decor,4775,5,16-04-2025,Rajasthan
2850,CUST_298,Books,1612,2,04-05-2025,Karnataka
2851,CUST_131,Books,1829,3,20-12-2025,Karnataka
2852,CUST_151,Books,2584,1,27-11-2025,UP
2853,CUST_272,Books,3861,3,22-05-2025,Karnataka
2854,CUST_164,Electronics,116,3,04-02-2025,Rajasthan
2855,CUST_164,Clothing,3942,2,09-08-2025,Delhi
2856,CUST_231,Electronics,1126,2,08-06-2025,Rajasthan
2857,CUST_147,Home Decor,957,1,21-01-2025,Delhi
2858,CUST_115,Clothing,4187,2,06-11-2025,UP
2859,CUST_156,Clothing,3588,3,14-05-2025,Mumbai
2860,CUST_118,Books,2311,4,18-05-2025,UP
2861,CUST_279,Books,2234,3,24-09-2025,UP
2862,CUST_110,Books,4715,4,20-02-2025,Rajasthan
2863,CUST_250,Electronics,2717,4,01-01-2025,Rajasthan
2864,CUST_199,Home Decor,4087,2,13-06-2025,Mumbai
2865,CUST_129,Electronics,397,5,07-06-2025,Delhi
2866,CUST_167,Books,1399,2,25-02-2025,Karnataka
2867,CUST_139,Electronics,3463,3,19-08-2025,Rajasthan
2868,CUST_108,Clothing,872,1,02-10-2025,Karnataka
2869,CUST_122,Electronics,3924,3,24-11-2025,Karnataka
2870,CUST_253,Books,2285,3,06-12-2025,UP
2871,CUST_156,Clothing,2307,4,07-07-2025,Delhi
2872,CUST_192,Books,4796,5,26-09-2025,Delhi
2873,CUST_285,Electronics,2538,1,16-08-2025,Mumbai
2874,CUST_291,Home Decor,1656,4,13-02-2025,Mumbai
2875,CUST_171,Electronics,4206,2,26-04-2025,Delhi
2876,CUST_157,Electronics,3505,5,04-04-2025,Mumbai
2877,CUST_105,Electronics,4583,4,22-09-2025,Rajasthan
2878,CUST_102,Electronics,2751,5,26-05-2025,Mumbai
2879,CUST_130,Home Decor,3652,2,02-06-2025,Mumbai
2880,CUST_133,Books,2477,4,10-03-2025,Karnataka
2881,CUST_243,Electronics,3345,4,15-02-2025,Mumbai
2882,CUST_194,Home Decor,4592,5,09-01-2025,Mumbai
2883,CUST_296,Home Decor,4660,1,26-11-2025,Mumbai
2884,CUST_293,Clothing,644,5,31-01-2025,UP
2885,CUST_288,Electronics,156,5,23-07-2025,Rajasthan
2886,CUST_127,Books,1994,4,04-01-2025,Delhi
2887,CUST_124,Books,1241,1,24-10-2025,UP
2888,CUST_171,Clothing,4233,2,14-12-2025,Karnataka
2889,CUST_146,Electronics,716,1,21-08-2025,UP
2890,CUST_272,Electronics,2910,1,29-03-2025,UP
2891,CUST_176,Books,2581,2,06-10-2025,Delhi
2892,CUST_269,Home Decor,1066,2,22-08-2025,Delhi
2893,CUST_217,Electronics,4597,4,22-08-2025,Mumbai
2894,CUST_136,Electronics,2767,3,04-07-2025,UP
2895,CUST_193,Clothing,1020,4,03-10-2025,Rajasthan
2896,CUST_170,Home Decor,1005,2,28-05-2025,Delhi
2897,CUST_246,Clothing,4519,3,14-01-2025,Mumbai
2898,CUST_158,Home Decor,4960,4,08-06-2025,Rajasthan
2899,CUST_191,Books,2820,4,02-07-2025,Karnataka
2900,CUST_118,Electronics,3664,5,22-03-2025,Mumbai
2901,CUST_136,Books,3259,3,13-04-2025,UP
2902,CUST_278,Clothing,2317,1,15-01-2025,Delhi
2903,CUST_261,Home Decor,2160,4,10-10-2025,Karnataka
2904,CUST_170,Clothing,4238,4,18-06-2025,UP
2905,CUST_103,Home Decor,924,2,03-07-2025,UP
2906,CUST_258,Clothing,3465,4,15-09-2025,Karnataka
2907,CUST_240,Electronics,3369,2,27-04-2025,Rajasthan
2908,CUST_279,Clothing,435,3,04-09-2025,Delhi
2909,CUST_264,Clothing,2029,2,11-10-2025,Rajasthan
2910,CUST_163,Electronics,4719,5,05-05-2025,Mumbai
2911,CUST_105,Home Decor,2391,4,27-03-2025,Karnataka
2912,CUST_189,Clothing,303,2,22-07-2025,UP
2913,CUST_196,Books,1118,1,08-12-2025,Mumbai
2914,CUST_155,Electronics,2052,5,03-09-2025,Delhi
2915,CUST_144,Clothing,3787,2,02-10-2025,Mumbai
2916,CUST_269,Clothing,188,1,26-07-2025,UP
2917,CUST_286,Home Decor,542,5,31-03-2025,Delhi
2918,CUST_216,Clothing,4811,4,11-09-2025,Karnataka
2919,CUST_256,Books,976,1,04-01-2025,Mumbai
2920,CUST_153,Electronics,1452,5,25-04-2025,Rajasthan
2921,CUST_146,Electronics,213,1,06-04-2025,Mumbai
2922,CUST_182,Clothing,2937,1,31-10-2025,Delhi
2923,CUST_170,Clothing,768,1,25-07-2025,Delhi
2924,CUST_262,Electronics,3389,2,29-11-2025,UP
2925,CUST_250,Home Decor,4518,5,23-02-2025,Mumbai
2926,CUST_248,Home Decor,1675,2,16-05-2025,Rajasthan
2927,CUST_267,Books,671,4,14-05-2025,UP
2928,CUST_138,Clothing,2538,1,12-10-2025,Delhi
2929,CUST_250,Books,4143,5,27-11-2025,Mumbai
2930,CUST_295,Clothing,453,4,22-11-2025,Mumbai
2931,CUST_295,Home Decor,358,3,21-04-2025,Rajasthan
2932,CUST_276,Books,3728,3,24-09-2025,Delhi
2933,CUST_173,Clothing,3227,2,01-11-2025,Mumbai
2934,CUST_279,Clothing,4407,3,09-04-2025,Karnataka
2935,CUST_107,Electronics,1985,2,16-05-2025,UP
2936,CUST_247,Clothing,2999,1,30-04-2025,Mumbai
2937,CUST_264,Electronics,3775,2,30-10-2025,Karnataka
2938,CUST_234,Electronics,4683,4,19-10-2025,Delhi
2939,CUST_103,Home Decor,2011,2,25-10-2025,Rajasthan
2940,CUST_282,Clothing,2518,5,26-12-2025,Rajasthan
2941,CUST_187,Clothing,237,1,30-07-2025,UP
2942,CUST_193,Electronics,4257,1,21-11-2025,Rajasthan
2943,CUST_180,Clothing,2497,5,31-08-2025,UP
2944,CUST_212,Books,4077,2,18-09-2025,Mumbai
2945,CUST_214,Books,1331,3,02-11-2025,UP
2946,CUST_170,Electronics,2125,4,17-07-2025,Delhi
2947,CUST_161,Books,3918,4,09-02-2025,Mumbai
2948,CUST_245,Books,308,4,22-12-2025,Mumbai
2949,CUST_182,Clothing,3186,1,12-11-2025,Mumbai
2950,CUST_280,Clothing,1853,2,06-03-2025,Karnataka
2951,CUST_292,Books,2817,2,31-12-2025,Delhi
2952,CUST_127,Books,2668,2,19-01-2025,Delhi
2953,CUST_236,Electronics,4126,4,03-10-2025,Karnataka
2954,CUST_242,Books,2218,2,10-05-2025,Delhi
2955,CUST_261,Books,2711,5,31-10-2025,Rajasthan
2956,CUST_267,Electronics,465,3,10-03-2025,UP
2957,CUST_237,Electronics,2510,4,23-11-2025,UP
2958,CUST_201,Books,3670,4,24-07-2025,Delhi
2959,CUST_135,Electronics,4453,1,09-11-2025,UP
2960,CUST_214,Clothing,120,3,04-12-2025,Karnataka
2961,CUST_173,Electronics,4633,2,18-01-2025,Delhi
2962,CUST_144,Home Decor,2339,3,09-11-2025,Rajasthan
2963,CUST_223,Electronics,4189,3,01-05-2025,UP
2964,CUST_144,Electronics,1729,1,08-07-2025,UP
2965,CUST_128,Clothing,3839,4,22-01-2025,Rajasthan
2966,CUST_132,Clothing,3434,4,06-04-2025,Rajasthan
2967,CUST_264,Electronics,3579,5,14-07-2025,UP
2968,CUST_270,Electronics,2585,2,29-11-2025,UP
2969,CUST_289,Home Decor,2393,4,15-04-2025,Mumbai
2970,CUST_188,Electronics,3992,2,15-03-2025,UP
2971,CUST_115,Electronics,776,2,08-01-2025,Delhi
2972,CUST_138,Home Decor,3503,5,28-04-2025,Mumbai
2973,CUST_117,Home Decor,692,3,07-12-2025,Delhi
2974,CUST_292,Electronics,715,1,25-08-2025,Karnataka
2975,CUST_256,Electronics,677,5,23-11-2025,Karnataka
2976,CUST_196,Electronics,3456,5,05-12-2025,UP
2977,CUST_109,Books,2349,3,12-08-2025,Delhi
2978,CUST_129,Books,2120,4,04-09-2025,Delhi
2979,CUST_112,Home Decor,661,1,09-11-2025,Delhi
2980,CUST_238,Home Decor,4144,1,23-11-2025,Karnataka
2981,CUST_219,Clothing,1945,1,11-11-2025,Delhi
2982,CUST_104,Electronics,2451,5,24-05-2025,Delhi
2983,CUST_210,Clothing,3709,4,22-03-2025,Delhi
2984,CUST_153,Clothing,4223,1,15-11-2025,Delhi
2985,CUST_257,Clothing,1172,4,14-02-2025,Delhi
2986,CUST_259,Home Decor,3481,5,28-01-2025,Mumbai
2987,CUST_171,Home Decor,3007,4,23-02-2025,Karnataka
2988,CUST_263,Electronics,1836,3,28-04-2025,Mumbai
2989,CUST_298,Home Decor,2109,1,23-02-2025,Rajasthan
2990,CUST_214,Clothing,4362,4,05-11-2025,Rajasthan
2991,CUST_270,Home Decor,1685,1,19-08-2025,Karnataka
2992,CUST_238,Clothing,3518,4,07-06-2025,UP
2993,CUST_173,Home Decor,1968,4,28-01-2025,Delhi
2994,CUST_160,Books,629,5,31-05-2025,Rajasthan
2995,CUST_122,Clothing,248,3,10-12-2025,Rajasthan
2996,CUST_214,Electronics,2453,3,04-04-2025,Rajasthan
2997,CUST_110,Clothing,3370,2,12-06-2025,Mumbai
2998,CUST_256,Home Decor,189,4,01-12-2025,Mumbai
2999,CUST_271,Home Decor,3116,4,14-06-2025,Mumbai
3000,CUST_204,Clothing,4768,1,17-08-2025,Mumbai
3001,CUST_250,Electronics,2484,3,15-02-2025,Rajasthan
3002,CUST_114,Electronics,1975,2,16-06-2025,UP
3003,CUST_221,Clothing,3462,4,23-04-2025,Karnataka
3004,CUST_169,Home Decor,3521,1,25-07-2025,Rajasthan
3005,CUST_189,Electronics,2847,4,28-12-2025,Karnataka
3006,CUST_201,Clothing,3210,3,01-01-2025,Delhi
3007,CUST_199,Clothing,1149,1,09-04-2025,Mumbai
3008,CUST_279,Electronics,1824,5,07-03-2025,Karnataka
3009,CUST_299,Books,109,5,25-02-2025,Rajasthan
3010,CUST_268,Books,4836,5,23-02-2025,Karnataka
3011,CUST_257,Clothing,848,4,12-07-2025,Rajasthan
3012,CUST_196,Clothing,3842,3,27-09-2025,Mumbai
3013,CUST_247,Electronics,2537,2,03-06-2025,UP
3014,CUST_109,Clothing,2156,4,15-07-2025,Rajasthan
3015,CUST_106,Home Decor,3761,4,08-05-2025,Delhi
3016,CUST_120,Electronics,2218,5,12-08-2025,Karnataka
3017,CUST_201,Books,3337,1,29-08-2025,UP
3018,CUST_170,Clothing,3905,3,16-01-2025,Rajasthan
3019,CUST_134,Books,526,4,02-06-2025,Rajasthan
3020,CUST_111,Books,1287,4,15-03-2025,Rajasthan
3021,CUST_195,Electronics,3414,2,16-06-2025,Mumbai
3022,CUST_194,Home Decor,1423,5,22-12-2025,Mumbai
3023,CUST_130,Books,1360,4,15-05-2025,Delhi
3024,CUST_122,Clothing,3318,5,20-04-2025,Delhi
3025,CUST_208,Electronics,3729,5,04-06-2025,Delhi
3026,CUST_102,Clothing,3793,1,11-09-2025,Delhi
3027,CUST_194,Books,1992,2,05-10-2025,UP
3028,CUST_296,Home Decor,4221,1,02-07-2025,UP
3029,CUST_141,Home Decor,2303,2,19-04-2025,Mumbai
3030,CUST_275,Clothing,4399,5,22-05-2025,Mumbai
3031,CUST_116,Electronics,1244,2,08-09-2025,Mumbai
3032,CUST_170,Clothing,732,4,01-10-2025,Rajasthan
3033,CUST_125,Electronics,4334,5,10-03-2025,Delhi
3034,CUST_120,Electronics,1348,2,02-04-2025,Mumbai
3035,CUST_176,Home Decor,1798,1,28-07-2025,Rajasthan
3036,CUST_140,Books,3556,5,17-07-2025,Mumbai
3037,CUST_226,Home Decor,1912,4,27-01-2025,Delhi
3038,CUST_247,Home Decor,1509,5,24-02-2025,Delhi
3039,CUST_207,Home Decor,1059,1,27-07-2025,Rajasthan
3040,CUST_106,Electronics,414,5,04-05-2025,Delhi
3041,CUST_138,Electronics,4819,2,04-11-2025,Rajasthan
3042,CUST_192,Books,350,1,13-03-2025,Delhi
3043,CUST_290,Books,421,3,14-07-2025,Karnataka
3044,CUST_297,Books,2812,1,17-03-2025,UP
3045,CUST_276,Home Decor,4498,2,23-03-2025,Karnataka
3046,CUST_285,Home Decor,4754,1,26-07-2025,Karnataka
3047,CUST_248,Books,4235,1,22-09-2025,Rajasthan
3048,CUST_169,Electronics,2465,5,31-03-2025,Delhi
3049,CUST_162,Home Decor,337,5,20-09-2025,Mumbai
3050,CUST_183,Books,2083,1,18-01-2025,Delhi
3051,CUST_286,Books,2812,5,26-11-2025,Rajasthan
3052,CUST_208,Electronics,3906,5,12-05-2025,Karnataka
3053,CUST_294,Electronics,1584,1,19-03-2025,Karnataka
3054,CUST_167,Electronics,2960,5,28-03-2025,Karnataka
3055,CUST_118,Clothing,2741,5,29-08-2025,Delhi
3056,CUST_213,Electronics,765,4,13-02-2025,Rajasthan
3057,CUST_236,Electronics,2462,3,18-02-2025,Karnataka
3058,CUST_155,Home Decor,1530,4,11-05-2025,UP
3059,CUST_134,Electronics,3860,3,01-12-2025,UP
3060,CUST_212,Clothing,783,1,25-08-2025,Rajasthan
3061,CUST_295,Electronics,3062,3,17-07-2025,Delhi
3062,CUST_143,Books,2776,5,24-08-2025,Delhi
3063,CUST_262,Home Decor,977,5,10-12-2025,Karnataka
3064,CUST_277,Books,665,1,23-07-2025,Delhi
3065,CUST_248,Home Decor,3660,5,22-09-2025,Mumbai
3066,CUST_230,Electronics,3713,5,11-07-2025,Mumbai
3067,CUST_180,Electronics,4460,1,13-05-2025,Delhi
3068,CUST_151,Home Decor,960,1,29-09-2025,Delhi
3069,CUST_112,Electronics,3328,4,01-09-2025,Rajasthan
3070,CUST_260,Books,4094,5,23-05-2025,UP
3071,CUST_297,Clothing,1947,3,19-09-2025,Delhi
3072,CUST_187,Clothing,2088,1,24-08-2025,Mumbai
3073,CUST_251,Books,1521,2,07-09-2025,Karnataka
3074,CUST_298,Electronics,3619,4,09-08-2025,Delhi
3075,CUST_147,Books,3110,5,29-08-2025,Mumbai
3076,CUST_175,Clothing,2598,2,15-10-2025,UP
3077,CUST_133,Electronics,4165,3,16-11-2025,Karnataka
3078,CUST_192,Home Decor,4975,4,28-08-2025,Delhi
3079,CUST_238,Books,4549,4,15-09-2025,Delhi
3080,CUST_286,Clothing,1672,4,08-02-2025,Rajasthan
3081,CUST_132,Electronics,556,2,22-01-2025,Mumbai
3082,CUST_298,Home Decor,1591,3,27-11-2025,UP
3083,CUST_268,Clothing,1022,2,25-07-2025,Delhi
3084,CUST_204,Electronics,1998,1,16-05-2025,Karnataka
3085,CUST_206,Home Decor,4570,1,24-03-2025,Karnataka
3086,CUST_177,Clothing,2724,2,13-12-2025,Karnataka
3087,CUST_224,Electronics,1083,2,16-01-2025,UP
3088,CUST_133,Books,1518,4,22-07-2025,UP
3089,CUST_232,Electronics,2352,1,07-09-2025,UP
3090,CUST_221,Home Decor,1891,3,07-09-2025,Rajasthan
3091,CUST_216,Home Decor,2111,5,31-10-2025,Karnataka
3092,CUST_270,Books,2372,3,30-06-2025,Rajasthan
3093,CUST_279,Home Decor,458,4,27-03-2025,Delhi
3094,CUST_195,Clothing,3632,2,27-02-2025,UP
3095,CUST_252,Electronics,4532,4,13-06-2025,Karnataka
3096,CUST_231,Electronics,2023,2,15-02-2025,Karnataka
3097,CUST_189,Electronics,769,1,07-08-2025,Mumbai
3098,CUST_105,Clothing,1645,4,07-01-2025,UP
3099,CUST_171,Electronics,3302,2,05-08-2025,UP
3100,CUST_137,Books,2288,2,21-05-2025,Karnataka
3101,CUST_124,Clothing,4934,1,12-04-2025,Delhi
3102,CUST_239,Electronics,2844,4,11-01-2025,Mumbai
3103,CUST_195,Clothing,947,5,07-09-2025,UP
3104,CUST_148,Home Decor,1374,5,30-08-2025,UP
3105,CUST_137,Electronics,1942,2,09-01-2025,Karnataka
3106,CUST_169,Home Decor,639,2,16-11-2025,Karnataka
3107,CUST_156,Books,1959,2,18-12-2025,Mumbai
3108,CUST_159,Clothing,2543,5,23-08-2025,UP
3109,CUST_157,Books,456,4,29-11-2025,Rajasthan
3110,CUST_282,Books,4640,1,28-02-2025,Karnataka
3111,CUST_300,Clothing,3524,4,30-09-2025,Karnataka
3112,CUST_148,Clothing,2008,4,17-03-2025,Karnataka
3113,CUST_115,Home Decor,1957,2,02-08-2025,Karnataka
3114,CUST_167,Home Decor,1768,5,02-12-2025,Mumbai
3115,CUST_285,Electronics,2492,1,19-02-2025,Rajasthan
3116,CUST_286,Home Decor,4115,3,25-04-2025,Karnataka
3117,CUST_291,Home Decor,2056,4,06-01-2025,Mumbai
3118,CUST_111,Electronics,154,3,19-11-2025,UP
3119,CUST_187,Books,4808,2,15-12-2025,Rajasthan
3120,CUST_265,Books,2474,2,05-10-2025,Karnataka
3121,CUST_252,Books,4204,3,03-08-2025,Rajasthan
3122,CUST_250,Clothing,880,5,16-07-2025,Rajasthan
3123,CUST_185,Clothing,2770,4,01-01-2025,Delhi
3124,CUST_294,Electronics,2339,3,29-09-2025,Mumbai
3125,CUST_244,Home Decor,1938,2,07-11-2025,Rajasthan
3126,CUST_273,Electronics,1088,2,02-07-2025,Rajasthan
3127,CUST_132,Electronics,662,1,27-10-2025,Mumbai
3128,CUST_214,Home Decor,3710,5,14-06-2025,Mumbai
3129,CUST_277,Books,297,5,03-04-2025,Karnataka
3130,CUST_160,Books,4376,2,15-11-2025,Rajasthan
3131,CUST_115,Home Decor,322,1,30-11-2025,UP
3132,CUST_178,Home Decor,1968,3,30-06-2025,Rajasthan
3133,CUST_231,Electronics,4830,1,27-03-2025,Delhi
3134,CUST_125,Electronics,967,1,12-07-2025,Karnataka
3135,CUST_262,Clothing,4931,3,20-06-2025,UP
3136,CUST_137,Clothing,430,5,07-07-2025,Karnataka
3137,CUST_187,Home Decor,2053,5,06-05-2025,Rajasthan
3138,CUST_145,Clothing,1605,2,21-10-2025,Delhi
3139,CUST_225,Clothing,2950,3,21-02-2025,Rajasthan
3140,CUST_299,Home Decor,4691,5,29-09-2025,UP
3141,CUST_162,Home Decor,3777,1,10-11-2025,Delhi
3142,CUST_234,Home Decor,3726,4,13-08-2025,Karnataka
3143,CUST_205,Electronics,1428,2,12-11-2025,UP
3144,CUST_253,Electronics,872,4,08-09-2025,Delhi
3145,CUST_242,Home Decor,620,4,30-12-2025,Rajasthan
3146,CUST_155,Electronics,201,4,22-07-2025,Mumbai
3147,CUST_183,Home Decor,4095,4,18-07-2025,UP
3148,CUST_287,Clothing,1367,4,24-10-2025,Rajasthan
3149,CUST_271,Home Decor,1267,1,02-09-2025,UP
3150,CUST_185,Clothing,795,4,20-08-2025,Karnataka
3151,CUST_235,Electronics,1487,2,07-07-2025,Mumbai
3152,CUST_239,Electronics,4914,1,09-11-2025,Mumbai
3153,CUST_224,Books,1388,1,20-09-2025,Karnataka
3154,CUST_154,Clothing,1665,2,22-10-2025,UP
3155,CUST_144,Electronics,2357,3,26-05-2025,Mumbai
3156,CUST_233,Home Decor,1709,3,21-05-2025,Mumbai
3157,CUST_110,Electronics,4045,4,22-07-2025,Delhi
3158,CUST_108,Electronics,4428,4,28-09-2025,UP
3159,CUST_284,Books,4457,5,09-10-2025,Karnataka
3160,CUST_233,Electronics,1365,3,03-06-2025,Mumbai
3161,CUST_281,Books,3197,4,22-09-2025,Karnataka
3162,CUST_158,Electronics,4452,1,03-07-2025,UP
3163,CUST_263,Home Decor,1517,4,21-07-2025,Delhi
3164,CUST_159,Home Decor,132,1,13-02-2025,Karnataka
3165,CUST_111,Clothing,670,5,06-02-2025,Mumbai
3166,CUST_294,Home Decor,619,3,03-06-2025,Rajasthan
3167,CUST_276,Home Decor,4748,5,10-01-2025,UP
3168,CUST_199,Clothing,1227,5,26-09-2025,Rajasthan
3169,CUST_136,Clothing,2625,1,11-09-2025,Rajasthan
3170,CUST_211,Books,4519,4,07-07-2025,Mumbai
3171,CUST_255,Clothing,4856,5,20-05-2025,Karnataka
3172,CUST_218,Clothing,2350,2,14-12-2025,Karnataka
3173,CUST_120,Home Decor,4813,4,21-05-2025,Delhi
3174,CUST_291,Books,1935,2,22-12-2025,Rajasthan
3175,CUST_252,Home Decor,4536,5,03-11-2025,UP
3176,CUST_195,Clothing,2330,5,12-12-2025,Delhi
3177,CUST_109,Home Decor,3052,3,18-03-2025,Mumbai
3178,CUST_182,Home Decor,3106,2,28-06-2025,Karnataka
3179,CUST_294,Electronics,4673,3,25-03-2025,Karnataka
3180,CUST_174,Clothing,336,3,16-11-2025,Mumbai
3181,CUST_279,Clothing,4710,1,08-08-2025,UP
3182,CUST_189,Home Decor,439,3,03-10-2025,UP
3183,CUST_256,Books,165,3,14-02-2025,Delhi
3184,CUST_213,Books,3949,5,18-02-2025,Mumbai
3185,CUST_222,Home Decor,4821,1,13-11-2025,UP
3186,CUST_114,Home Decor,4809,2,25-11-2025,Mumbai
3187,CUST_237,Books,2774,3,27-07-2025,Delhi
3188,CUST_242,Books,1151,2,27-03-2025,Mumbai
3189,CUST_188,Books,3445,2,04-02-2025,Rajasthan
3190,CUST_170,Electronics,3857,5,20-11-2025,Karnataka
3191,CUST_207,Home Decor,3292,2,11-12-2025,Rajasthan
3192,CUST_200,Home Decor,3856,4,10-07-2025,Rajasthan
3193,CUST_224,Home Decor,4651,2,26-01-2025,UP
3194,CUST_247,Clothing,465,4,18-07-2025,Mumbai
3195,CUST_131,Home Decor,2151,1,28-04-2025,Karnataka
3196,CUST_278,Clothing,2277,5,21-11-2025,UP
3197,CUST_242,Electronics,2599,5,21-05-2025,Mumbai
3198,CUST_293,Home Decor,3389,5,10-10-2025,Karnataka
3199,CUST_204,Clothing,2296,2,16-03-2025,Mumbai
3200,CUST_246,Home Decor,3530,4,04-02-2025,Karnataka
3201,CUST_105,Home Decor,2444,3,28-02-2025,Delhi
3202,CUST_194,Home Decor,2662,3,13-06-2025,Mumbai
3203,CUST_255,Books,3925,2,20-09-2025,Delhi
3204,CUST_189,Electronics,1144,2,02-09-2025,Karnataka
3205,CUST_198,Home Decor,1593,3,08-03-2025,Mumbai
3206,CUST_169,Clothing,1303,1,21-12-2025,Rajasthan
3207,CUST_125,Electronics,2865,4,28-08-2025,Mumbai
3208,CUST_283,Clothing,3427,1,29-01-2025,Karnataka
3209,CUST_229,Books,4441,4,24-10-2025,UP
3210,CUST_230,Electronics,916,3,01-05-2025,Delhi
3211,CUST_241,Clothing,619,1,01-08-2025,UP
3212,CUST_145,Clothing,1383,3,03-01-2025,Karnataka
3213,CUST_132,Books,2641,1,03-09-2025,UP
3214,CUST_166,Clothing,3686,3,28-01-2025,Delhi
3215,CUST_182,Electronics,3042,4,17-04-2025,Delhi
3216,CUST_138,Electronics,1847,2,31-07-2025,Mumbai
3217,CUST_270,Books,1651,1,17-03-2025,Delhi
3218,CUST_129,Home Decor,1572,3,11-01-2025,Mumbai
3219,CUST_259,Clothing,545,5,18-01-2025,UP
3220,CUST_109,Books,1524,5,12-12-2025,Mumbai
3221,CUST_288,Clothing,621,5,08-08-2025,Karnataka
3222,CUST_230,Electronics,1832,2,23-01-2025,Rajasthan
3223,CUST_122,Books,3447,3,12-12-2025,Karnataka
3224,CUST_219,Books,2662,4,14-03-2025,Karnataka
3225,CUST_281,Clothing,1336,2,15-01-2025,Rajasthan
3226,CUST_292,Books,2353,4,25-03-2025,Mumbai
3227,CUST_287,Home Decor,650,1,31-08-2025,Karnataka
3228,CUST_275,Books,1464,2,11-05-2025,Mumbai
3229,CUST_206,Clothing,4171,2,28-11-2025,Karnataka
3230,CUST_234,Clothing,1806,1,13-02-2025,Rajasthan
3231,CUST_195,Home Decor,4899,5,23-10-2025,Mumbai
3232,CUST_281,Electronics,3928,1,04-09-2025,UP
3233,CUST_288,Electronics,4287,5,21-02-2025,Rajasthan
3234,CUST_192,Clothing,779,3,15-12-2025,Delhi
3235,CUST_117,Books,1277,2,26-12-2025,Delhi
3236,CUST_246,Clothing,3663,2,31-08-2025,UP
3237,CUST_287,Books,2359,5,16-12-2025,Karnataka
3238,CUST_290,Home Decor,4651,3,27-03-2025,UP
3239,CUST_126,Home Decor,3586,4,29-07-2025,UP
3240,CUST_242,Home Decor,2425,4,12-05-2025,Delhi
3241,CUST_151,Clothing,1731,5,22-01-2025,Rajasthan
3242,CUST_253,Clothing,3654,4,02-12-2025,Karnataka
3243,CUST_211,Books,3168,5,11-06-2025,UP
3244,CUST_238,Electronics,3905,1,01-05-2025,Delhi
3245,CUST_272,Home Decor,2338,1,28-01-2025,Karnataka
3246,CUST_168,Electronics,3334,5,22-01-2025,Rajasthan
3247,CUST_284,Home Decor,3746,1,30-01-2025,Mumbai
3248,CUST_286,Books,3465,5,18-08-2025,Mumbai
3249,CUST_194,Electronics,1993,3,22-01-2025,Karnataka
3250,CUST_286,Home Decor,4319,2,31-05-2025,UP
3251,CUST_215,Clothing,2081,1,04-10-2025,Karnataka
3252,CUST_206,Home Decor,952,4,07-02-2025,Delhi
3253,CUST_244,Books,2658,2,19-09-2025,Delhi
3254,CUST_208,Books,498,1,20-08-2025,Mumbai
3255,CUST_181,Electronics,206,5,15-12-2025,Karnataka
3256,CUST_287,Clothing,1986,4,10-12-2025,Delhi
3257,CUST_199,Home Decor,4364,5,10-02-2025,Delhi
3258,CUST_150,Home Decor,4605,3,10-02-2025,UP
3259,CUST_241,Home Decor,890,2,08-12-2025,Delhi
3260,CUST_125,Home Decor,1186,4,13-03-2025,Karnataka
3261,CUST_216,Electronics,4658,2,21-10-2025,Karnataka
3262,CUST_165,Home Decor,528,5,15-03-2025,Delhi
3263,CUST_101,Books,4526,4,25-07-2025,UP
3264,CUST_236,Home Decor,2464,5,05-01-2025,Mumbai
3265,CUST_204,Electronics,247,1,16-02-2025,Rajasthan
3266,CUST_255,Home Decor,1372,1,15-09-2025,Delhi
3267,CUST_292,Electronics,3622,2,03-10-2025,Delhi
3268,CUST_137,Electronics,3722,1,19-12-2025,Karnataka
3269,CUST_155,Books,239,2,30-05-2025,Mumbai
3270,CUST_246,Home Decor,3625,4,07-06-2025,Delhi
3271,CUST_218,Electronics,4799,3,16-10-2025,Karnataka
3272,CUST_127,Electronics,1649,1,27-05-2025,Mumbai
3273,CUST_166,Books,1420,2,30-07-2025,Rajasthan
3274,CUST_240,Home Decor,4449,1,18-09-2025,Delhi
3275,CUST_161,Books,208,4,03-12-2025,Mumbai
3276,CUST_295,Books,4420,3,06-05-2025,Rajasthan
3277,CUST_185,Home Decor,3490,4,28-08-2025,Rajasthan
3278,CUST_153,Books,4356,2,26-10-2025,Rajasthan
3279,CUST_138,Electronics,3879,1,21-05-2025,Karnataka
3280,CUST_200,Home Decor,2657,4,13-01-2025,Mumbai
3281,CUST_128,Home Decor,4525,1,11-12-2025,Rajasthan
3282,CUST_216,Clothing,2757,1,08-11-2025,Mumbai
3283,CUST_157,Books,761,4,25-05-2025,Karnataka
3284,CUST_114,Home Decor,1373,1,16-11-2025,UP
3285,CUST_193,Clothing,2210,2,13-04-2025,Rajasthan
3286,CUST_126,Books,769,1,01-04-2025,UP
3287,CUST_194,Clothing,3764,2,26-09-2025,Delhi
3288,CUST_154,Books,644,2,06-01-2025,Delhi
3289,CUST_256,Books,3246,2,28-03-2025,Delhi
3290,CUST_296,Electronics,2465,4,30-05-2025,Rajasthan
3291,CUST_105,Clothing,3844,3,12-01-2025,Karnataka
3292,CUST_205,Home Decor,2222,3,18-07-2025,Mumbai
3293,CUST_221,Clothing,1239,4,26-06-2025,UP
3294,CUST_218,Electronics,4434,5,04-02-2025,UP
3295,CUST_198,Electronics,4845,4,20-05-2025,Mumbai
3296,CUST_119,Clothing,4147,4,27-07-2025,Mumbai
3297,CUST_214,Electronics,2655,4,17-10-2025,Mumbai
3298,CUST_110,Electronics,1019,4,13-10-2025,UP
3299,CUST_182,Books,533,1,10-11-2025,Rajasthan
3300,CUST_170,Electronics,1379,4,03-10-2025,UP
3301,CUST_177,Books,1775,5,12-05-2025,Delhi
3302,CUST_210,Electronics,914,2,02-07-2025,Rajasthan
3303,CUST_121,Electronics,4905,2,12-08-2025,Karnataka
3304,CUST_195,Electronics,3970,2,25-12-2025,UP
3305,CUST_284,Home Decor,3722,4,25-02-2025,UP
3306,CUST_213,Home Decor,3512,3,18-03-2025,Karnataka
3307,CUST_143,Clothing,4182,1,29-12-2025,Rajasthan
3308,CUST_253,Clothing,4218,4,27-04-2025,Mumbai
3309,CUST_247,Books,4630,4,27-03-2025,Mumbai
3310,CUST_145,Clothing,1269,3,15-05-2025,Karnataka
3311,CUST_201,Electronics,1734,4,27-08-2025,Delhi
3312,CUST_262,Home Decor,2430,4,05-06-2025,UP
3313,CUST_250,Books,2973,5,26-09-2025,UP
3314,CUST_153,Home Decor,4689,4,10-01-2025,Mumbai
3315,CUST_286,Books,3325,5,21-11-2025,Karnataka
3316,CUST_235,Clothing,405,4,31-12-2025,Karnataka
3317,CUST_280,Home Decor,3176,5,22-05-2025,Rajasthan
3318,CUST_148,Clothing,211,1,14-10-2025,Karnataka
3319,CUST_158,Home Decor,3301,2,08-04-2025,Karnataka
3320,CUST_203,Books,2828,2,27-03-2025,Rajasthan
3321,CUST_126,Electronics,4230,1,28-01-2025,Karnataka
3322,CUST_197,Books,1136,1,07-12-2025,Delhi
3323,CUST_161,Home Decor,4286,3,28-01-2025,UP
3324,CUST_240,Clothing,1358,5,04-01-2025,Rajasthan
3325,CUST_240,Books,2807,2,28-05-2025,Mumbai
3326,CUST_294,Electronics,1527,4,19-02-2025,UP
3327,CUST_167,Books,3719,3,25-03-2025,Karnataka
3328,CUST_258,Books,1093,5,23-10-2025,Mumbai
3329,CUST_242,Clothing,3381,3,28-06-2025,Mumbai
3330,CUST_296,Electronics,3644,3,04-01-2025,Delhi
3331,CUST_258,Home Decor,908,5,20-04-2025,UP
3332,CUST_205,Home Decor,2957,5,29-06-2025,Karnataka
3333,CUST_276,Books,238,3,03-01-2025,Rajasthan
3334,CUST_231,Electronics,4427,2,21-01-2025,UP
3335,CUST_111,Electronics,4703,5,15-04-2025,Karnataka
3336,CUST_173,Home Decor,4787,5,25-04-2025,UP
3337,CUST_266,Home Decor,4955,4,23-10-2025,Mumbai
3338,CUST_133,Clothing,3137,4,17-11-2025,Karnataka
3339,CUST_219,Books,2745,1,26-08-2025,Rajasthan
3340,CUST_270,Home Decor,3548,4,24-06-2025,Karnataka
3341,CUST_163,Home Decor,4904,4,08-07-2025,Mumbai
3342,CUST_296,Home Decor,4458,3,24-01-2025,Delhi
3343,CUST_142,Clothing,3486,2,04-10-2025,Karnataka
3344,CUST_231,Clothing,3805,5,14-09-2025,UP
3345,CUST_107,Electronics,849,2,09-06-2025,Karnataka
3346,CUST_108,Books,2874,5,13-11-2025,UP
3347,CUST_128,Home Decor,2347,4,04-07-2025,UP
3348,CUST_260,Home Decor,4460,2,06-10-2025,Mumbai
3349,CUST_216,Electronics,2464,1,29-07-2025,Rajasthan
3350,CUST_141,Electronics,3171,2,16-01-2025,Rajasthan
3351,CUST_270,Clothing,1590,4,06-05-2025,Karnataka
3352,CUST_194,Electronics,2216,2,31-10-2025,Delhi
3353,CUST_268,Books,4051,2,20-06-2025,Delhi
3354,CUST_291,Books,2394,3,14-11-2025,UP
3355,CUST_267,Electronics,3494,4,13-09-2025,UP
3356,CUST_174,Books,750,4,24-01-2025,Mumbai
3357,CUST_193,Clothing,1780,1,29-05-2025,Delhi
3358,CUST_129,Electronics,678,4,10-05-2025,Mumbai
3359,CUST_298,Electronics,2730,3,14-11-2025,Mumbai
3360,CUST_220,Books,3604,5,26-09-2025,Karnataka
3361,CUST_254,Books,1084,4,26-11-2025,UP
3362,CUST_111,Home Decor,3053,4,19-04-2025,Rajasthan
3363,CUST_274,Home Decor,3461,3,21-04-2025,Karnataka
3364,CUST_233,Electronics,2077,4,21-04-2025,Rajasthan
3365,CUST_205,Electronics,3942,1,04-04-2025,UP
3366,CUST_206,Clothing,4797,3,26-12-2025,UP
3367,CUST_287,Books,2742,5,16-12-2025,Rajasthan
3368,CUST_271,Electronics,4575,3,07-01-2025,UP
3369,CUST_101,Books,1361,3,22-06-2025,UP
3370,CUST_251,Books,4828,2,21-11-2025,Rajasthan
3371,CUST_109,Home Decor,3813,1,04-01-2025,UP
3372,CUST_292,Books,4954,4,13-09-2025,UP
3373,CUST_166,Books,418,4,22-03-2025,Karnataka
3374,CUST_107,Clothing,849,2,15-08-2025,Mumbai
3375,CUST_298,Electronics,4713,1,19-04-2025,Mumbai
3376,CUST_198,Home Decor,2676,4,02-03-2025,Delhi
3377,CUST_148,Home Decor,3925,1,04-05-2025,Rajasthan
3378,CUST_225,Home Decor,172,2,05-10-2025,UP
3379,CUST_208,Clothing,1908,1,19-08-2025,Rajasthan
3380,CUST_289,Electronics,4259,3,20-09-2025,Karnataka
3381,CUST_174,Electronics,2458,4,26-03-2025,Delhi
3382,CUST_287,Electronics,1133,1,22-09-2025,Rajasthan
3383,CUST_283,Electronics,2009,5,29-05-2025,Rajasthan
3384,CUST_134,Clothing,4782,2,07-11-2025,Karnataka
3385,CUST_211,Electronics,2665,3,20-09-2025,Rajasthan
3386,CUST_294,Electronics,870,2,11-04-2025,Mumbai
3387,CUST_257,Home Decor,3612,1,06-06-2025,Karnataka
3388,CUST_269,Books,913,5,04-07-2025,Rajasthan
3389,CUST_147,Books,3556,5,10-11-2025,UP
3390,CUST_231,Electronics,2796,5,17-10-2025,Mumbai
3391,CUST_163,Home Decor,882,2,21-07-2025,Rajasthan
3392,CUST_237,Books,3567,3,10-12-2025,Mumbai
3393,CUST_266,Home Decor,740,5,28-01-2025,Mumbai
3394,CUST_225,Electronics,1049,3,04-04-2025,UP
3395,CUST_248,Home Decor,1969,4,12-05-2025,Mumbai
3396,CUST_176,Books,635,5,10-06-2025,Karnataka
3397,CUST_289,Books,456,4,13-09-2025,UP
3398,CUST_274,Clothing,3502,2,09-03-2025,Mumbai
3399,CUST_119,Books,4504,5,06-10-2025,Mumbai
3400,CUST_145,Clothing,4701,1,30-10-2025,Karnataka
3401,CUST_263,Clothing,677,1,13-10-2025,UP
3402,CUST_193,Home Decor,3522,5,01-11-2025,Mumbai
3403,CUST_225,Home Decor,4100,3,20-05-2025,Delhi
3404,CUST_258,Books,4168,4,07-05-2025,Karnataka
3405,CUST_229,Electronics,2398,1,04-11-2025,Karnataka
3406,CUST_207,Books,784,1,02-04-2025,Delhi
3407,CUST_137,Electronics,4902,4,20-04-2025,Delhi
3408,CUST_171,Books,4468,2,14-01-2025,UP
3409,CUST_162,Home Decor,3635,5,28-06-2025,UP
3410,CUST_235,Clothing,4267,4,25-09-2025,UP
3411,CUST_179,Electronics,1931,3,04-09-2025,UP
3412,CUST_160,Electronics,2461,1,05-11-2025,Mumbai
3413,CUST_225,Home Decor,1999,3,06-03-2025,UP
3414,CUST_184,Clothing,2950,4,08-03-2025,Mumbai
3415,CUST_107,Electronics,2991,2,12-01-2025,Mumbai
3416,CUST_234,Electronics,2457,4,07-12-2025,Rajasthan
3417,CUST_189,Clothing,2027,1,04-07-2025,Rajasthan
3418,CUST_128,Clothing,435,2,10-09-2025,UP
3419,CUST_121,Home Decor,2520,5,27-01-2025,UP
3420,CUST_286,Home Decor,1971,2,24-11-2025,Karnataka
3421,CUST_188,Home Decor,3093,5,03-01-2025,Rajasthan
3422,CUST_284,Clothing,3986,2,21-01-2025,Karnataka
3423,CUST_160,Clothing,4833,5,20-04-2025,Karnataka
3424,CUST_299,Books,4005,2,24-07-2025,Karnataka
3425,CUST_124,Books,330,1,25-03-2025,Delhi
3426,CUST_146,Books,958,4,07-05-2025,Karnataka
3427,CUST_259,Clothing,1179,4,07-01-2025,Delhi
3428,CUST_238,Clothing,123,4,28-07-2025,Karnataka
3429,CUST_263,Home Decor,2723,3,23-02-2025,Delhi
3430,CUST_185,Home Decor,1158,5,23-01-2025,Mumbai
3431,CUST_191,Electronics,2632,2,10-09-2025,Mumbai
3432,CUST_137,Books,4247,3,08-02-2025,Delhi
3433,CUST_264,Clothing,1905,2,06-11-2025,Mumbai
3434,CUST_282,Books,2462,5,01-02-2025,Mumbai
3435,CUST_205,Books,1493,3,22-01-2025,UP
3436,CUST_254,Home Decor,4319,3,21-11-2025,Mumbai
3437,CUST_246,Electronics,2243,3,26-01-2025,Delhi
3438,CUST_164,Clothing,1337,1,08-02-2025,UP
3439,CUST_229,Books,1575,5,24-11-2025,Mumbai
3440,CUST_140,Electronics,4484,3,13-03-2025,Rajasthan
3441,CUST_218,Electronics,1854,2,23-03-2025,Karnataka
3442,CUST_226,Books,1977,1,27-12-2025,Karnataka
3443,CUST_180,Books,370,4,26-04-2025,Rajasthan
3444,CUST_260,Clothing,4295,4,06-09-2025,Karnataka
3445,CUST_209,Books,1713,3,19-10-2025,UP
3446,CUST_295,Books,4672,1,15-10-2025,Karnataka
3447,CUST_170,Home Decor,2779,2,27-07-2025,Mumbai
3448,CUST_297,Electronics,1881,4,10-09-2025,Rajasthan
3449,CUST_165,Books,3053,1,10-01-2025,Mumbai
3450,CUST_114,Books,4010,1,10-10-2025,Delhi
3451,CUST_254,Electronics,927,2,24-09-2025,UP
3452,CUST_294,Electronics,1438,5,02-03-2025,Karnataka
3453,CUST_217,Books,3053,5,25-01-2025,UP
3454,CUST_204,Books,1609,1,21-01-2025,Karnataka
3455,CUST_260,Electronics,3207,5,04-11-2025,UP
3456,CUST_163,Clothing,4360,1,14-05-2025,Rajasthan
3457,CUST_141,Electronics,2182,2,13-11-2025,UP
3458,CUST_241,Electronics,4321,5,26-11-2025,Karnataka
3459,CUST_223,Electronics,1159,4,31-05-2025,UP
3460,CUST_223,Home Decor,1693,3,13-05-2025,Rajasthan
3461,CUST_177,Clothing,4605,1,03-01-2025,Rajasthan
3462,CUST_106,Electronics,3651,3,10-05-2025,Karnataka
3463,CUST_163,Books,1430,1,09-03-2025,Rajasthan
3464,CUST_260,Electronics,1518,1,22-07-2025,UP
3465,CUST_293,Home Decor,3232,3,05-03-2025,Mumbai
3466,CUST_228,Clothing,2944,5,24-10-2025,UP
3467,CUST_180,Home Decor,3801,3,05-01-2025,UP
3468,CUST_281,Home Decor,1495,2,24-02-2025,Delhi
3469,CUST_102,Home Decor,3892,2,28-06-2025,Rajasthan
3470,CUST_249,Books,1945,2,07-12-2025,Mumbai
3471,CUST_123,Books,152,5,22-08-2025,Delhi
3472,CUST_178,Books,2977,3,03-03-2025,Karnataka
3473,CUST_289,Books,383,5,12-03-2025,Rajasthan
3474,CUST_291,Home Decor,1585,2,30-10-2025,UP
3475,CUST_162,Books,2520,1,21-03-2025,UP
3476,CUST_139,Home Decor,4398,1,01-11-2025,Rajasthan
3477,CUST_167,Clothing,1233,2,28-05-2025,Delhi
3478,CUST_177,Electronics,204,2,31-07-2025,Mumbai
3479,CUST_188,Clothing,4179,2,18-03-2025,UP
3480,CUST_152,Books,3019,2,28-04-2025,UP
3481,CUST_203,Books,3764,5,20-08-2025,Rajasthan
3482,CUST_158,Clothing,3738,5,14-06-2025,Karnataka
3483,CUST_163,Electronics,1785,1,24-03-2025,Mumbai
3484,CUST_248,Electronics,145,2,16-08-2025,Mumbai
3485,CUST_100,Electronics,816,4,11-10-2025,UP
3486,CUST_167,Clothing,4323,2,25-05-2025,Karnataka
3487,CUST_109,Home Decor,2004,5,13-01-2025,Mumbai
3488,CUST_287,Electronics,363,5,20-10-2025,Mumbai
3489,CUST_221,Books,798,2,15-12-2025,UP
3490,CUST_251,Home Decor,1585,4,18-07-2025,Delhi
3491,CUST_199,Home Decor,1624,5,13-06-2025,Karnataka
3492,CUST_173,Clothing,900,5,21-05-2025,Delhi
3493,CUST_112,Books,1084,4,05-06-2025,UP
3494,CUST_141,Home Decor,3817,5,08-11-2025,Delhi
3495,CUST_297,Electronics,1602,2,23-09-2025,Karnataka
3496,CUST_230,Electronics,2309,5,28-08-2025,Delhi
3497,CUST_294,Electronics,4525,5,28-06-2025,Karnataka
3498,CUST_119,Home Decor,1316,3,29-11-2025,Rajasthan
3499,CUST_219,Home Decor,3333,3,04-02-2025,Karnataka
3500,CUST_101,Home Decor,2145,4,29-10-2025,Mumbai
3501,CUST_111,Electronics,2880,1,15-04-2025,UP
3502,CUST_115,Home Decor,383,2,03-07-2025,UP
3503,CUST_187,Books,1951,5,29-06-2025,Mumbai
3504,CUST_259,Electronics,3636,2,25-03-2025,Rajasthan
3505,CUST_162,Home Decor,4725,2,05-12-2025,Delhi
3506,CUST_126,Electronics,4830,4,12-10-2025,UP
3507,CUST_274,Home Decor,1914,3,03-11-2025,Mumbai
3508,CUST_109,Books,3008,5,30-11-2025,UP
3509,CUST_112,Books,1215,2,18-06-2025,Delhi
3510,CUST_142,Books,1059,4,01-10-2025,Karnataka
3511,CUST_277,Books,410,1,16-03-2025,Mumbai
3512,CUST_209,Books,4174,4,02-04-2025,Delhi
3513,CUST_139,Clothing,1441,5,25-07-2025,Karnataka
3514,CUST_189,Home Decor,2682,2,02-04-2025,Mumbai
3515,CUST_221,Home Decor,1191,1,10-10-2025,UP
3516,CUST_193,Home Decor,4909,1,28-11-2025,Delhi
3517,CUST_209,Home Decor,857,5,12-03-2025,Mumbai
3518,CUST_184,Books,697,5,22-03-2025,Rajasthan
3519,CUST_272,Books,978,3,07-03-2025,Karnataka
3520,CUST_154,Home Decor,833,2,24-03-2025,Karnataka
3521,CUST_110,Home Decor,1616,1,03-10-2025,Karnataka
3522,CUST_231,Clothing,4152,5,11-06-2025,Rajasthan
3523,CUST_140,Electronics,4613,3,16-02-2025,UP
3524,CUST_107,Clothing,2592,2,10-04-2025,Delhi
3525,CUST_191,Books,3333,3,06-08-2025,UP
3526,CUST_253,Clothing,1551,1,06-12-2025,Rajasthan
3527,CUST_108,Electronics,4470,3,01-06-2025,Delhi
3528,CUST_110,Books,285,3,20-11-2025,Mumbai
3529,CUST_261,Clothing,3067,4,14-12-2025,Mumbai
3530,CUST_256,Electronics,2103,5,14-01-2025,Karnataka
3531,CUST_298,Clothing,1379,4,14-12-2025,Rajasthan
3532,CUST_257,Clothing,2422,4,28-11-2025,UP
3533,CUST_143,Books,2816,1,13-04-2025,Karnataka
3534,CUST_240,Electronics,2580,3,03-02-2025,UP
3535,CUST_226,Home Decor,4089,5,09-04-2025,Rajasthan
3536,CUST_219,Books,268,5,23-08-2025,Rajasthan
3537,CUST_266,Clothing,2188,1,01-01-2025,Rajasthan
3538,CUST_294,Home Decor,4742,3,24-11-2025,Rajasthan
3539,CUST_178,Home Decor,1298,3,23-09-2025,Delhi
3540,CUST_278,Electronics,3027,5,08-02-2025,UP
3541,CUST_253,Home Decor,1858,1,13-11-2025,Mumbai
3542,CUST_120,Clothing,4331,3,26-10-2025,Karnataka
3543,CUST_185,Electronics,3384,2,03-08-2025,Delhi
3544,CUST_176,Home Decor,2412,2,01-02-2025,Delhi
3545,CUST_147,Clothing,2240,2,18-12-2025,UP
3546,CUST_119,Books,508,4,23-06-2025,Karnataka
3547,CUST_254,Electronics,777,3,21-04-2025,Rajasthan
3548,CUST_134,Home Decor,3636,2,15-08-2025,Delhi
3549,CUST_154,Electronics,1831,5,05-10-2025,Mumbai
3550,CUST_204,Books,2331,5,20-06-2025,UP
3551,CUST_296,Home Decor,4859,3,19-10-2025,Mumbai
3552,CUST_222,Clothing,4071,2,26-11-2025,Delhi
3553,CUST_136,Home Decor,3305,2,25-12-2025,UP
3554,CUST_197,Electronics,3815,4,25-10-2025,UP
3555,CUST_255,Clothing,1083,1,16-04-2025,Rajasthan
3556,CUST_131,Electronics,3274,4,22-02-2025,Delhi
3557,CUST_299,Books,3193,3,21-02-2025,Mumbai
3558,CUST_158,Books,921,1,03-05-2025,Rajasthan
3559,CUST_262,Electronics,978,2,21-09-2025,Delhi
3560,CUST_274,Books,2844,2,13-08-2025,UP
3561,CUST_184,Electronics,1956,4,10-02-2025,UP
3562,CUST_135,Home Decor,1433,3,06-10-2025,Delhi
3563,CUST_218,Electronics,592,3,27-01-2025,UP
3564,CUST_292,Books,2592,1,17-10-2025,Mumbai
3565,CUST_128,Clothing,1273,3,21-11-2025,Delhi
3566,CUST_276,Books,3092,3,10-08-2025,Mumbai
3567,CUST_250,Clothing,250,3,10-05-2025,Mumbai
3568,CUST_280,Books,2280,1,02-10-2025,Mumbai
3569,CUST_213,Clothing,126,3,18-02-2025,UP
3570,CUST_217,Home Decor,3501,2,13-06-2025,Mumbai
3571,CUST_149,Books,959,3,23-03-2025,Delhi
3572,CUST_229,Clothing,2503,5,20-08-2025,Karnataka
3573,CUST_218,Clothing,2381,5,02-09-2025,Delhi
3574,CUST_290,Home Decor,2743,1,06-07-2025,Delhi
3575,CUST_219,Home Decor,4438,5,11-02-2025,Karnataka
3576,CUST_197,Electronics,4390,5,16-05-2025,Rajasthan
3577,CUST_209,Electronics,824,4,19-03-2025,Karnataka
3578,CUST_238,Clothing,3261,2,08-06-2025,UP
3579,CUST_233,Books,545,4,04-08-2025,UP
3580,CUST_300,Electronics,600,1,06-05-2025,Delhi
3581,CUST_194,Clothing,279,2,01-09-2025,Mumbai
3582,CUST_283,Clothing,2536,4,30-08-2025,Mumbai
3583,CUST_186,Books,2370,4,12-12-2025,Karnataka
3584,CUST_130,Clothing,4856,4,05-01-2025,Rajasthan
3585,CUST_177,Electronics,3547,4,14-10-2025,Rajasthan
3586,CUST_167,Books,1764,4,10-09-2025,Mumbai
3587,CUST_152,Home Decor,1854,1,26-05-2025,Karnataka
3588,CUST_149,Home Decor,2701,2,10-01-2025,Karnataka
3589,CUST_112,Home Decor,1040,3,24-06-2025,UP
3590,CUST_158,Clothing,882,1,28-05-2025,Mumbai
3591,CUST_219,Books,3489,1,03-09-2025,Karnataka
3592,CUST_298,Clothing,4375,1,01-08-2025,Mumbai
3593,CUST_140,Clothing,361,2,12-05-2025,Rajasthan
3594,CUST_272,Home Decor,1387,1,06-09-2025,UP
3595,CUST_264,Clothing,3873,1,06-11-2025,Karnataka
3596,CUST_222,Books,632,1,23-07-2025,UP
3597,CUST_263,Home Decor,938,3,20-03-2025,Rajasthan
3598,CUST_154,Books,2283,1,19-09-2025,Mumbai
3599,CUST_234,Clothing,940,2,13-05-2025,Delhi
3600,CUST_130,Home Decor,367,2,26-04-2025,Delhi
3601,CUST_183,Books,4849,5,13-02-2025,UP
3602,CUST_223,Electronics,2753,4,08-09-2025,Karnataka
3603,CUST_224,Electronics,3218,3,09-04-2025,Delhi
3604,CUST_148,Electronics,1119,3,03-11-2025,UP
3605,CUST_290,Clothing,3817,1,03-02-2025,Delhi
3606,CUST_298,Books,3808,4,17-07-2025,Mumbai
3607,CUST_175,Electronics,4332,4,06-03-2025,Karnataka
3608,CUST_217,Books,4359,2,03-10-2025,UP
3609,CUST_264,Home Decor,159,4,06-06-2025,Mumbai
3610,CUST_209,Clothing,581,4,23-01-2025,Mumbai
3611,CUST_152,Home Decor,4152,3,31-12-2025,Delhi
3612,CUST_198,Electronics,3870,5,11-04-2025,Mumbai
3613,CUST_295,Electronics,1228,1,25-02-2025,UP
3614,CUST_167,Books,4927,3,25-01-2025,Mumbai
3615,CUST_280,Books,763,5,28-09-2025,Rajasthan
3616,CUST_142,Home Decor,877,4,18-07-2025,UP
3617,CUST_201,Electronics,553,2,27-03-2025,Mumbai
3618,CUST_100,Home Decor,2990,2,03-03-2025,Rajasthan
3619,CUST_233,Books,1048,4,24-08-2025,Mumbai
3620,CUST_238,Electronics,3277,3,03-03-2025,Delhi
3621,CUST_113,Books,2370,5,20-08-2025,UP
3622,CUST_263,Electronics,3549,1,04-08-2025,Karnataka
3623,CUST_292,Home Decor,158,2,19-06-2025,Karnataka
3624,CUST_184,Electronics,2646,3,21-05-2025,Mumbai
3625,CUST_135,Home Decor,4952,4,27-09-2025,Mumbai
3626,CUST_200,Books,1518,4,28-04-2025,Rajasthan
3627,CUST_220,Books,3091,5,24-03-2025,Mumbai
3628,CUST_281,Electronics,4075,5,06-10-2025,UP
3629,CUST_251,Books,4781,4,19-07-2025,Rajasthan
3630,CUST_286,Books,3632,2,13-02-2025,Rajasthan
3631,CUST_137,Home Decor,2854,2,26-05-2025,Delhi
3632,CUST_293,Clothing,502,3,01-01-2025,Mumbai
3633,CUST_265,Books,4437,5,04-04-2025,Delhi
3634,CUST_204,Electronics,2377,2,30-08-2025,Karnataka
3635,CUST_162,Clothing,1367,1,16-12-2025,UP
3636,CUST_128,Electronics,4001,3,28-05-2025,Rajasthan
3637,CUST_218,Clothing,1473,1,12-09-2025,Delhi
3638,CUST_130,Home Decor,2482,2,20-12-2025,UP
3639,CUST_189,Books,2490,5,31-12-2025,UP
3640,CUST_155,Clothing,2525,1,25-10-2025,Mumbai
3641,CUST_200,Clothing,359,3,30-06-2025,Mumbai
3642,CUST_186,Clothing,2827,3,11-09-2025,Delhi
3643,CUST_166,Books,4740,2,21-01-2025,Karnataka
3644,CUST_145,Books,815,3,12-04-2025,Mumbai
3645,CUST_111,Books,2433,4,16-06-2025,Delhi
3646,CUST_144,Electronics,2029,5,18-03-2025,UP
3647,CUST_277,Home Decor,4866,5,16-02-2025,UP
3648,CUST_107,Clothing,572,3,05-08-2025,Karnataka
3649,CUST_188,Electronics,4760,2,04-06-2025,Delhi
3650,CUST_147,Books,3049,5,21-08-2025,Karnataka
3651,CUST_200,Electronics,1822,2,26-12-2025,Delhi
3652,CUST_175,Books,1463,2,09-09-2025,UP
3653,CUST_135,Books,4993,4,24-04-2025,UP
3654,CUST_299,Electronics,3412,2,24-06-2025,Karnataka
3655,CUST_102,Clothing,1025,5,07-05-2025,Karnataka
3656,CUST_299,Clothing,1021,1,30-05-2025,Rajasthan
3657,CUST_118,Home Decor,518,4,06-07-2025,UP
3658,CUST_175,Home Decor,715,3,08-09-2025,Karnataka
3659,CUST_274,Electronics,2297,3,19-10-2025,Karnataka
3660,CUST_133,Electronics,4365,1,15-02-2025,Karnataka
3661,CUST_168,Home Decor,447,3,26-03-2025,Rajasthan
3662,CUST_265,Home Decor,562,2,28-06-2025,Karnataka
3663,CUST_154,Home Decor,4822,1,26-03-2025,Karnataka
3664,CUST_156,Clothing,1354,1,30-08-2025,Rajasthan
3665,CUST_258,Books,2737,1,16-02-2025,Mumbai
3666,CUST_174,Electronics,1963,4,19-05-2025,Mumbai
3667,CUST_256,Books,1810,5,07-07-2025,Mumbai
3668,CUST_242,Clothing,1666,5,16-11-2025,Mumbai
3669,CUST_104,Clothing,176,1,01-03-2025,Karnataka
3670,CUST_291,Electronics,3263,2,23-02-2025,Mumbai
3671,CUST_150,Books,1965,2,09-03-2025,Mumbai
3672,CUST_107,Electronics,2457,4,12-06-2025,UP
3673,CUST_154,Books,2743,5,05-09-2025,Rajasthan
3674,CUST_211,Home Decor,4685,2,08-06-2025,Karnataka
3675,CUST_170,Clothing,1724,4,15-02-2025,Karnataka
3676,CUST_181,Electronics,679,1,17-09-2025,Delhi
3677,CUST_148,Home Decor,1550,5,29-10-2025,Delhi
3678,CUST_100,Home Decor,4021,5,16-10-2025,Karnataka
3679,CUST_247,Books,4341,2,05-07-2025,UP
3680,CUST_123,Home Decor,1800,5,25-07-2025,Mumbai
3681,CUST_260,Home Decor,2175,1,07-09-2025,UP
3682,CUST_175,Home Decor,2542,5,25-07-2025,Karnataka
3683,CUST_227,Electronics,4038,4,16-08-2025,Rajasthan
3684,CUST_160,Electronics,274,4,05-08-2025,Karnataka
3685,CUST_265,Clothing,1756,2,19-09-2025,Karnataka
3686,CUST_288,Books,3705,1,04-07-2025,Rajasthan
3687,CUST_297,Books,4508,5,30-03-2025,Karnataka
3688,CUST_234,Electronics,1923,1,19-08-2025,Mumbai
3689,CUST_117,Clothing,1747,5,10-06-2025,Karnataka
3690,CUST_155,Clothing,1650,3,11-03-2025,Delhi
3691,CUST_295,Books,4268,5,27-09-2025,UP
3692,CUST_145,Clothing,2929,1,17-10-2025,Rajasthan
3693,CUST_157,Clothing,2937,2,22-09-2025,Rajasthan
3694,CUST_172,Home Decor,2352,2,07-09-2025,Rajasthan
3695,CUST_156,Clothing,4777,5,17-08-2025,Delhi
3696,CUST_110,Home Decor,2107,4,03-09-2025,Rajasthan
3697,CUST_167,Books,3446,3,12-12-2025,Mumbai
3698,CUST_127,Home Decor,1693,3,09-10-2025,Delhi
3699,CUST_248,Electronics,3549,5,12-11-2025,Delhi
3700,CUST_247,Clothing,1491,3,12-04-2025,Delhi
3701,CUST_198,Home Decor,1650,3,13-05-2025,UP
3702,CUST_105,Books,4446,3,20-11-2025,Rajasthan
3703,CUST_213,Books,2828,1,10-12-2025,Mumbai
3704,CUST_137,Electronics,894,3,11-05-2025,UP
3705,CUST_222,Books,3990,2,09-04-2025,Karnataka
3706,CUST_216,Clothing,4846,1,14-03-2025,Delhi
3707,CUST_229,Electronics,1306,5,30-11-2025,Delhi
3708,CUST_193,Clothing,2471,1,20-10-2025,Rajasthan
3709,CUST_155,Electronics,111,1,16-04-2025,Delhi
3710,CUST_279,Clothing,3578,5,20-07-2025,Delhi
3711,CUST_168,Home Decor,860,1,19-05-2025,Mumbai
3712,CUST_193,Home Decor,4479,4,08-10-2025,Rajasthan
3713,CUST_221,Home Decor,3780,1,01-10-2025,Karnataka
3714,CUST_284,Electronics,1362,2,20-04-2025,Rajasthan
3715,CUST_118,Electronics,1486,1,20-06-2025,Mumbai
3716,CUST_266,Electronics,336,2,12-09-2025,Rajasthan
3717,CUST_228,Clothing,4690,3,29-06-2025,Rajasthan
3718,CUST_161,Clothing,1443,2,08-07-2025,UP
3719,CUST_219,Books,1392,1,12-04-2025,UP
3720,CUST_157,Electronics,2544,2,08-02-2025,Delhi
3721,CUST_212,Books,3304,3,17-03-2025,Delhi
3722,CUST_248,Clothing,898,5,13-09-2025,Delhi
3723,CUST_105,Books,3366,2,23-03-2025,UP
3724,CUST_146,Home Decor,4394,5,20-09-2025,UP
3725,CUST_157,Electronics,2114,3,08-07-2025,Rajasthan
3726,CUST_133,Books,4761,2,28-04-2025,Delhi
3727,CUST_244,Books,2459,5,01-08-2025,UP
3728,CUST_131,Electronics,2962,3,01-10-2025,Delhi
3729,CUST_231,Clothing,2303,3,05-05-2025,Karnataka
3730,CUST_183,Clothing,4604,1,13-02-2025,Karnataka
3731,CUST_183,Home Decor,3194,3,09-03-2025,Mumbai
3732,CUST_109,Clothing,4895,1,22-07-2025,Rajasthan
3733,CUST_161,Clothing,489,5,05-09-2025,Mumbai
3734,CUST_223,Clothing,3677,3,23-08-2025,Delhi
3735,CUST_291,Clothing,2594,1,17-03-2025,Karnataka
3736,CUST_217,Electronics,4148,5,13-07-2025,Karnataka
3737,CUST_277,Books,1157,2,20-03-2025,Delhi
3738,CUST_129,Books,660,4,20-04-2025,Mumbai
3739,CUST_250,Home Decor,1655,3,08-01-2025,Karnataka
3740,CUST_104,Electronics,357,3,19-12-2025,Rajasthan
3741,CUST_192,Electronics,4108,3,06-03-2025,Rajasthan
3742,CUST_292,Electronics,384,4,25-10-2025,Rajasthan
3743,CUST_238,Books,1283,5,18-09-2025,UP
3744,CUST_295,Clothing,2600,1,16-09-2025,Rajasthan
3745,CUST_179,Electronics,120,3,11-12-2025,Rajasthan
3746,CUST_190,Electronics,4465,5,06-08-2025,Rajasthan
3747,CUST_294,Clothing,2559,4,25-02-2025,Karnataka
3748,CUST_215,Clothing,2085,2,30-01-2025,Mumbai
3749,CUST_147,Electronics,428,2,17-07-2025,Delhi
3750,CUST_190,Home Decor,244,1,23-07-2025,Rajasthan
3751,CUST_225,Clothing,1552,2,10-01-2025,Mumbai
3752,CUST_123,Clothing,441,5,03-03-2025,Rajasthan
3753,CUST_220,Electronics,1869,5,16-12-2025,Karnataka
3754,CUST_104,Electronics,3502,4,24-06-2025,Mumbai
3755,CUST_180,Books,2547,4,19-12-2025,UP
3756,CUST_208,Clothing,3439,3,27-05-2025,UP
3757,CUST_174,Home Decor,4659,2,19-07-2025,Mumbai
3758,CUST_220,Home Decor,1212,1,22-11-2025,Delhi
3759,CUST_114,Home Decor,1294,1,21-03-2025,Rajasthan
3760,CUST_178,Electronics,3691,2,27-04-2025,Mumbai
3761,CUST_104,Home Decor,726,4,09-09-2025,Mumbai
3762,CUST_171,Clothing,2621,3,23-03-2025,Mumbai
3763,CUST_125,Electronics,727,5,07-02-2025,Rajasthan
3764,CUST_190,Home Decor,2083,3,09-12-2025,Rajasthan
3765,CUST_234,Electronics,2252,5,09-12-2025,UP
3766,CUST_292,Electronics,1485,1,26-09-2025,Delhi
3767,CUST_208,Home Decor,2696,4,17-07-2025,Rajasthan
3768,CUST_267,Books,784,4,22-10-2025,Karnataka
3769,CUST_208,Books,4129,4,31-05-2025,Karnataka
3770,CUST_151,Clothing,1424,3,14-01-2025,Karnataka
3771,CUST_253,Home Decor,2476,5,07-06-2025,UP
3772,CUST_111,Clothing,4763,2,23-05-2025,Rajasthan
3773,CUST_194,Books,709,4,26-06-2025,Delhi
3774,CUST_116,Home Decor,1512,2,20-05-2025,Rajasthan
3775,CUST_104,Home Decor,3956,5,08-07-2025,Rajasthan
3776,CUST_157,Clothing,834,5,27-08-2025,Rajasthan
3777,CUST_109,Electronics,3329,2,18-03-2025,Karnataka
3778,CUST_231,Home Decor,4295,2,11-02-2025,Rajasthan
3779,CUST_245,Clothing,3609,5,30-06-2025,Karnataka
3780,CUST_246,Home Decor,2946,5,20-03-2025,Mumbai
3781,CUST_130,Home Decor,1579,4,10-10-2025,Mumbai
3782,CUST_193,Home Decor,2362,5,09-09-2025,Rajasthan
3783,CUST_119,Clothing,3970,5,17-10-2025,Rajasthan
3784,CUST_277,Books,4646,5,21-10-2025,Delhi
3785,CUST_269,Home Decor,4381,5,09-04-2025,Delhi
3786,CUST_257,Electronics,3654,4,15-04-2025,Rajasthan
3787,CUST_110,Electronics,4421,5,11-06-2025,UP
3788,CUST_188,Electronics,2040,5,31-08-2025,Rajasthan
3789,CUST_200,Home Decor,3953,3,29-10-2025,Delhi
3790,CUST_176,Electronics,4119,1,01-11-2025,Mumbai
3791,CUST_191,Books,4140,5,08-03-2025,Delhi
3792,CUST_240,Electronics,3422,3,04-11-2025,Mumbai
3793,CUST_234,Electronics,3117,1,03-12-2025,Delhi
3794,CUST_298,Clothing,4424,3,16-08-2025,Rajasthan
3795,CUST_171,Electronics,3528,4,11-07-2025,Delhi
3796,CUST_266,Electronics,2937,2,11-05-2025,Karnataka
3797,CUST_118,Books,632,5,10-07-2025,UP
3798,CUST_230,Clothing,201,4,12-05-2025,Rajasthan
3799,CUST_208,Electronics,2142,5,07-06-2025,UP
3800,CUST_106,Home Decor,736,4,12-02-2025,Delhi
3801,CUST_217,Home Decor,1579,1,08-06-2025,Karnataka
3802,CUST_225,Books,1816,1,20-02-2025,UP
3803,CUST_243,Books,2514,4,12-05-2025,UP
3804,CUST_126,Clothing,3544,3,28-10-2025,Delhi
3805,CUST_140,Home Decor,1198,4,25-02-2025,Karnataka
3806,CUST_283,Home Decor,2688,4,09-05-2025,UP
3807,CUST_211,Home Decor,3838,4,22-01-2025,Karnataka
3808,CUST_174,Clothing,1053,4,14-09-2025,Mumbai
3809,CUST_157,Clothing,2660,5,11-01-2025,Delhi
3810,CUST_140,Home Decor,824,5,15-03-2025,Delhi
3811,CUST_197,Books,744,5,05-01-2025,UP
3812,CUST_207,Electronics,3675,5,08-03-2025,UP
3813,CUST_178,Electronics,889,4,15-12-2025,Rajasthan
3814,CUST_114,Books,2099,5,01-02-2025,UP
3815,CUST_150,Clothing,1656,3,11-03-2025,Rajasthan
3816,CUST_214,Books,3366,4,05-05-2025,UP
3817,CUST_192,Electronics,3505,3,16-08-2025,Rajasthan
3818,CUST_194,Clothing,1164,1,08-03-2025,Mumbai
3819,CUST_192,Home Decor,844,3,11-10-2025,Mumbai
3820,CUST_147,Books,2404,2,19-07-2025,Rajasthan
3821,CUST_261,Clothing,2250,2,10-10-2025,UP
3822,CUST_150,Books,2926,4,25-07-2025,Delhi
3823,CUST_297,Electronics,1224,2,01-09-2025,Mumbai
3824,CUST_186,Books,1597,4,23-03-2025,Karnataka
3825,CUST_193,Electronics,936,1,27-01-2025,Karnataka
3826,CUST_186,Clothing,4611,1,18-04-2025,Karnataka
3827,CUST_263,Clothing,3840,4,27-04-2025,Rajasthan
3828,CUST_286,Books,3602,2,14-06-2025,UP
3829,CUST_121,Clothing,4647,3,09-01-2025,Karnataka
3830,CUST_117,Home Decor,4125,3,26-01-2025,Rajasthan
3831,CUST_211,Books,3043,5,18-01-2025,Mumbai
3832,CUST_251,Home Decor,2134,4,04-03-2025,Rajasthan
3833,CUST_238,Home Decor,3577,4,08-11-2025,Karnataka
3834,CUST_225,Home Decor,1365,2,02-03-2025,UP
3835,CUST_247,Clothing,1110,5,26-05-2025,UP
3836,CUST_237,Books,440,1,26-11-2025,Delhi
3837,CUST_111,Books,1789,2,31-10-2025,Karnataka
3838,CUST_232,Home Decor,1538,2,07-05-2025,Mumbai
3839,CUST_240,Home Decor,3010,3,27-01-2025,UP
3840,CUST_234,Electronics,461,1,12-12-2025,Mumbai
3841,CUST_128,Home Decor,4785,5,11-03-2025,Mumbai
3842,CUST_103,Home Decor,4269,4,07-10-2025,Delhi
3843,CUST_153,Electronics,3993,2,02-05-2025,Delhi
3844,CUST_297,Home Decor,1749,1,06-07-2025,Rajasthan
3845,CUST_297,Electronics,2090,5,23-08-2025,Mumbai
3846,CUST_170,Clothing,1019,2,22-01-2025,Mumbai
3847,CUST_135,Books,1572,5,06-03-2025,Karnataka
3848,CUST_118,Clothing,1014,5,07-05-2025,Rajasthan
3849,CUST_268,Home Decor,2142,2,11-10-2025,Rajasthan
3850,CUST_212,Electronics,1129,3,25-01-2025,Rajasthan
3851,CUST_219,Books,1262,2,02-06-2025,Rajasthan
3852,CUST_200,Clothing,808,3,12-08-2025,UP
3853,CUST_237,Electronics,2622,5,28-06-2025,Mumbai
3854,CUST_244,Clothing,3958,5,29-06-2025,Rajasthan
3855,CUST_131,Electronics,505,3,04-06-2025,UP
3856,CUST_275,Books,2622,5,01-07-2025,Mumbai
3857,CUST_231,Clothing,1065,5,17-12-2025,Karnataka
3858,CUST_116,Clothing,2808,2,17-01-2025,Mumbai
3859,CUST_194,Home Decor,3846,4,07-02-2025,Delhi
3860,CUST_216,Electronics,1536,5,17-03-2025,Rajasthan
3861,CUST_121,Home Decor,4517,2,16-06-2025,Delhi
3862,CUST_236,Electronics,4927,1,20-01-2025,Rajasthan
3863,CUST_115,Home Decor,268,4,29-08-2025,Mumbai
3864,CUST_135,Home Decor,251,2,17-08-2025,Delhi
3865,CUST_136,Clothing,2834,3,05-01-2025,UP
3866,CUST_275,Home Decor,2967,4,23-03-2025,Delhi
3867,CUST_104,Books,4291,2,28-11-2025,UP
3868,CUST_279,Books,4744,4,23-12-2025,UP
3869,CUST_222,Home Decor,1827,4,23-02-2025,Rajasthan
3870,CUST_276,Clothing,4681,1,05-12-2025,UP
3871,CUST_151,Clothing,492,5,03-11-2025,Delhi
3872,CUST_222,Home Decor,2808,3,31-12-2025,UP
3873,CUST_276,Clothing,1012,5,20-04-2025,Delhi
3874,CUST_101,Books,1059,5,05-12-2025,Rajasthan
3875,CUST_185,Home Decor,2248,3,15-10-2025,Karnataka
3876,CUST_276,Electronics,404,5,14-03-2025,UP
3877,CUST_257,Home Decor,2284,2,30-08-2025,Mumbai
3878,CUST_145,Electronics,3504,4,12-10-2025,Mumbai
3879,CUST_114,Books,810,2,03-10-2025,Karnataka
3880,CUST_114,Clothing,1853,4,29-12-2025,Delhi
3881,CUST_217,Books,3689,4,03-06-2025,Mumbai
3882,CUST_135,Electronics,1079,3,09-12-2025,Mumbai
3883,CUST_118,Clothing,466,4,25-01-2025,Mumbai
3884,CUST_171,Electronics,751,3,02-03-2025,Mumbai
3885,CUST_266,Electronics,4195,5,29-09-2025,Rajasthan
3886,CUST_135,Clothing,2498,1,01-12-2025,UP
3887,CUST_145,Clothing,3232,5,26-11-2025,Mumbai
3888,CUST_121,Books,914,4,20-09-2025,Mumbai
3889,CUST_181,Books,4231,1,01-07-2025,Delhi
3890,CUST_118,Clothing,2269,5,13-04-2025,Delhi
3891,CUST_138,Electronics,921,5,05-10-2025,Delhi
3892,CUST_156,Books,1608,3,31-07-2025,Rajasthan
3893,CUST_197,Clothing,2167,5,30-04-2025,Rajasthan
3894,CUST_277,Home Decor,2821,1,30-07-2025,Delhi
3895,CUST_190,Clothing,2222,2,17-10-2025,Delhi
3896,CUST_257,Books,4234,2,21-02-2025,UP
3897,CUST_154,Clothing,4308,5,01-01-2025,Delhi
3898,CUST_141,Electronics,4813,5,01-06-2025,UP
3899,CUST_128,Electronics,1054,5,15-12-2025,Karnataka
3900,CUST_186,Home Decor,4230,4,21-05-2025,Delhi
3901,CUST_156,Books,109,3,25-10-2025,Karnataka
3902,CUST_121,Clothing,911,4,21-08-2025,Karnataka
3903,CUST_289,Home Decor,172,5,04-08-2025,Karnataka
3904,CUST_201,Electronics,1496,5,05-01-2025,Rajasthan
3905,CUST_231,Home Decor,288,4,15-06-2025,Mumbai
3906,CUST_282,Electronics,438,5,27-07-2025,Rajasthan
3907,CUST_122,Home Decor,3829,4,24-03-2025,Mumbai
3908,CUST_215,Home Decor,3982,4,25-05-2025,Rajasthan
3909,CUST_198,Clothing,2100,1,24-09-2025,Karnataka
3910,CUST_297,Electronics,4768,1,18-04-2025,Rajasthan
3911,CUST_125,Electronics,2306,2,12-06-2025,Mumbai
3912,CUST_138,Books,3663,2,29-03-2025,Delhi
3913,CUST_166,Home Decor,3546,5,07-09-2025,Mumbai
3914,CUST_177,Home Decor,1005,3,02-01-2025,Mumbai
3915,CUST_231,Clothing,3655,5,17-07-2025,Mumbai
3916,CUST_215,Electronics,1327,5,18-09-2025,Mumbai
3917,CUST_203,Clothing,4295,2,11-12-2025,Rajasthan
3918,CUST_161,Home Decor,1089,2,03-07-2025,Delhi
3919,CUST_299,Books,3168,2,13-04-2025,Delhi
3920,CUST_250,Home Decor,1392,4,31-01-2025,Karnataka
3921,CUST_203,Home Decor,1743,1,23-12-2025,Rajasthan
3922,CUST_296,Books,2888,3,10-03-2025,Rajasthan
3923,CUST_243,Home Decor,223,1,18-09-2025,Rajasthan
3924,CUST_117,Home Decor,1678,3,22-03-2025,Rajasthan
3925,CUST_289,Clothing,2487,3,17-09-2025,Rajasthan
3926,CUST_279,Home Decor,1213,1,05-02-2025,UP
3927,CUST_205,Books,4470,2,22-06-2025,Rajasthan
3928,CUST_136,Books,310,3,15-11-2025,Delhi
3929,CUST_117,Home Decor,3963,5,28-06-2025,Karnataka
3930,CUST_203,Clothing,2062,2,06-01-2025,UP
3931,CUST_243,Electronics,1624,3,17-07-2025,Rajasthan
3932,CUST_263,Electronics,2999,1,05-12-2025,Rajasthan
3933,CUST_273,Clothing,811,5,05-08-2025,UP
3934,CUST_244,Books,3399,4,01-05-2025,Delhi
3935,CUST_261,Home Decor,2092,1,02-06-2025,Karnataka
3936,CUST_139,Home Decor,3950,2,11-06-2025,Rajasthan
3937,CUST_104,Clothing,4907,5,26-07-2025,Karnataka
3938,CUST_293,Books,223,2,05-07-2025,UP
3939,CUST_299,Electronics,486,5,02-03-2025,Delhi
3940,CUST_203,Home Decor,4790,1,06-02-2025,Delhi
3941,CUST_169,Clothing,4424,2,03-03-2025,Rajasthan
3942,CUST_148,Electronics,3129,2,03-11-2025,Rajasthan
3943,CUST_252,Electronics,4948,1,20-09-2025,Mumbai
3944,CUST_121,Electronics,4389,4,01-08-2025,Delhi
3945,CUST_112,Electronics,991,3,13-11-2025,Rajasthan
3946,CUST_184,Electronics,978,5,16-04-2025,Mumbai
3947,CUST_242,Home Decor,1798,4,23-09-2025,Rajasthan
3948,CUST_161,Clothing,1856,2,19-03-2025,UP
3949,CUST_293,Home Decor,1071,2,18-10-2025,Mumbai
3950,CUST_171,Books,295,3,25-02-2025,UP
3951,CUST_158,Electronics,2467,1,12-05-2025,Delhi
3952,CUST_190,Books,3552,4,02-12-2025,Delhi
3953,CUST_225,Home Decor,3355,3,25-04-2025,Mumbai
3954,CUST_284,Electronics,4740,2,23-10-2025,Rajasthan
3955,CUST_140,Books,3467,2,30-11-2025,Rajasthan
3956,CUST_213,Electronics,1751,1,24-02-2025,Delhi
3957,CUST_192,Clothing,1403,4,15-03-2025,Mumbai
3958,CUST_147,Books,2692,3,09-01-2025,Mumbai
3959,CUST_245,Home Decor,4604,3,30-05-2025,Delhi
3960,CUST_152,Home Decor,4658,2,17-11-2025,UP
3961,CUST_268,Books,985,3,30-10-2025,UP
3962,CUST_129,Books,4600,5,17-06-2025,Karnataka
3963,CUST_250,Home Decor,1306,2,22-06-2025,Delhi
3964,CUST_181,Books,3227,1,24-02-2025,Mumbai
3965,CUST_274,Home Decor,2651,1,24-09-2025,Mumbai
3966,CUST_272,Clothing,4399,1,21-08-2025,Mumbai
3967,CUST_287,Clothing,2283,1,19-02-2025,Karnataka
3968,CUST_191,Electronics,3714,3,02-08-2025,Rajasthan
3969,CUST_149,Clothing,4048,2,11-07-2025,Karnataka
3970,CUST_216,Clothing,4457,1,11-11-2025,Delhi
3971,CUST_241,Books,4671,5,01-07-2025,Karnataka
3972,CUST_138,Clothing,3340,3,23-10-2025,Delhi
3973,CUST_285,Books,1203,5,29-10-2025,Mumbai
3974,CUST_254,Home Decor,1955,2,06-08-2025,Rajasthan
3975,CUST_176,Electronics,389,3,03-06-2025,Mumbai
3976,CUST_155,Books,3371,3,28-08-2025,Delhi
3977,CUST_194,Electronics,1925,4,30-03-2025,Delhi
3978,CUST_259,Home Decor,760,2,10-06-2025,Delhi
3979,CUST_219,Clothing,504,5,17-11-2025,Delhi
3980,CUST_138,Home Decor,3670,5,17-04-2025,Mumbai
3981,CUST_153,Clothing,3712,5,24-09-2025,Karnataka
3982,CUST_288,Home Decor,2138,1,20-11-2025,Rajasthan
3983,CUST_174,Home Decor,2397,3,30-05-2025,Rajasthan
3984,CUST_235,Books,4080,1,05-02-2025,Karnataka
3985,CUST_132,Home Decor,4298,5,10-05-2025,Karnataka
3986,CUST_254,Clothing,4006,3,25-09-2025,Mumbai
3987,CUST_253,Home Decor,2527,2,23-08-2025,UP
3988,CUST_298,Books,2313,4,13-08-2025,Rajasthan
3989,CUST_227,Books,432,5,04-09-2025,Rajasthan
3990,CUST_261,Electronics,4939,5,20-12-2025,UP
3991,CUST_278,Home Decor,915,1,14-09-2025,UP
3992,CUST_300,Electronics,166,4,03-06-2025,UP
3993,CUST_162,Home Decor,643,4,06-10-2025,Karnataka
3994,CUST_189,Books,831,1,04-11-2025,UP
3995,CUST_180,Books,1954,1,16-10-2025,Delhi
3996,CUST_228,Books,4698,3,13-03-2025,Delhi
3997,CUST_204,Home Decor,1225,2,02-07-2025,Rajasthan
3998,CUST_152,Clothing,3815,5,24-05-2025,Delhi
3999,CUST_278,Books,3774,3,21-10-2025,Karnataka
4000,CUST_243,Books,609,3,04-03-2025,Mumbai
4001,CUST_155,Home Decor,560,4,18-04-2025,UP
4002,CUST_103,Electronics,1968,2,01-08-2025,Mumbai
4003,CUST_257,Books,4893,3,08-06-2025,Mumbai
4004,CUST_158,Books,4536,4,26-05-2025,Mumbai
4005,CUST_271,Clothing,4748,3,29-11-2025,Rajasthan
4006,CUST_242,Home Decor,1577,1,09-03-2025,Delhi
4007,CUST_169,Electronics,4010,4,16-09-2025,Mumbai
4008,CUST_171,Books,871,2,09-02-2025,Rajasthan
4009,CUST_144,Home Decor,117,3,04-12-2025,Rajasthan
4010,CUST_140,Clothing,4772,3,20-12-2025,Mumbai
4011,CUST_145,Books,3346,2,04-09-2025,UP
4012,CUST_162,Electronics,1422,4,31-05-2025,Delhi
4013,CUST_282,Clothing,2276,5,09-08-2025,Karnataka
4014,CUST_138,Electronics,4225,4,19-09-2025,Delhi
4015,CUST_178,Electronics,2252,1,05-12-2025,Delhi
4016,CUST_201,Electronics,4692,2,15-01-2025,Rajasthan
4017,CUST_111,Books,1146,1,08-06-2025,UP
4018,CUST_180,Clothing,1511,2,09-01-2025,Rajasthan
4019,CUST_188,Clothing,3371,2,31-07-2025,UP
4020,CUST_273,Clothing,4417,3,13-04-2025,Mumbai
4021,CUST_148,Electronics,2141,1,09-03-2025,Karnataka
4022,CUST_257,Electronics,3909,4,21-09-2025,Delhi
4023,CUST_213,Clothing,1506,2,21-07-2025,Rajasthan
4024,CUST_140,Home Decor,1570,4,29-04-2025,Karnataka
4025,CUST_111,Clothing,1545,4,14-05-2025,Delhi
4026,CUST_106,Books,1579,4,04-05-2025,Delhi
4027,CUST_271,Electronics,1062,4,21-10-2025,Delhi
4028,CUST_133,Clothing,3138,4,23-11-2025,Delhi
4029,CUST_107,Home Decor,1066,5,24-02-2025,Rajasthan
4030,CUST_147,Books,774,4,08-02-2025,Mumbai
4031,CUST_171,Electronics,2634,3,03-06-2025,UP
4032,CUST_245,Clothing,497,5,14-07-2025,Delhi
4033,CUST_237,Home Decor,646,2,10-03-2025,Karnataka
4034,CUST_193,Books,4259,5,23-06-2025,Rajasthan
4035,CUST_212,Home Decor,3696,5,21-01-2025,Delhi
4036,CUST_193,Home Decor,4385,3,07-04-2025,UP
4037,CUST_109,Books,3304,1,29-09-2025,Delhi
4038,CUST_266,Electronics,2600,5,20-03-2025,Rajasthan
4039,CUST_133,Home Decor,237,1,18-08-2025,Rajasthan
4040,CUST_205,Clothing,2637,5,03-12-2025,UP
4041,CUST_153,Books,1289,4,01-11-2025,Mumbai
4042,CUST_120,Home Decor,1575,1,21-08-2025,UP
4043,CUST_145,Home Decor,2453,1,31-12-2025,Karnataka
4044,CUST_204,Home Decor,2522,3,10-10-2025,Mumbai
4045,CUST_298,Clothing,4955,1,09-04-2025,Mumbai
4046,CUST_147,Clothing,812,2,15-09-2025,UP
4047,CUST_155,Books,378,5,27-07-2025,Delhi
4048,CUST_216,Electronics,2249,1,22-03-2025,Rajasthan
4049,CUST_223,Home Decor,3877,1,07-05-2025,UP
4050,CUST_237,Books,3726,3,27-06-2025,Rajasthan
4051,CUST_169,Home Decor,2684,4,21-01-2025,Delhi
4052,CUST_165,Electronics,3366,1,27-07-2025,Rajasthan
4053,CUST_260,Books,1270,4,15-06-2025,Delhi
4054,CUST_286,Books,4719,3,31-12-2025,Karnataka
4055,CUST_281,Home Decor,809,1,12-10-2025,UP
4056,CUST_174,Electronics,1703,1,27-11-2025,Mumbai
4057,CUST_199,Books,1244,4,24-05-2025,Mumbai
4058,CUST_129,Clothing,4097,1,10-12-2025,Mumbai
4059,CUST_191,Home Decor,576,1,04-11-2025,Karnataka
4060,CUST_233,Clothing,2664,2,19-01-2025,Karnataka
4061,CUST_187,Home Decor,1925,5,26-05-2025,Mumbai
4062,CUST_207,Books,1116,1,22-04-2025,Mumbai
4063,CUST_211,Home Decor,4266,4,24-08-2025,Karnataka
4064,CUST_222,Electronics,2337,5,02-05-2025,Karnataka
4065,CUST_178,Clothing,568,1,05-12-2025,Rajasthan
4066,CUST_114,Home Decor,2501,1,10-03-2025,Karnataka
4067,CUST_229,Books,3824,2,24-12-2025,Karnataka
4068,CUST_108,Clothing,216,2,11-06-2025,UP
4069,CUST_205,Electronics,963,3,21-04-2025,UP
4070,CUST_169,Electronics,1125,1,28-07-2025,Mumbai
4071,CUST_265,Books,4175,2,29-11-2025,Karnataka
4072,CUST_155,Home Decor,4028,3,31-01-2025,UP
4073,CUST_244,Books,2940,3,15-03-2025,Karnataka
4074,CUST_187,Home Decor,1103,3,29-11-2025,Mumbai
4075,CUST_285,Clothing,2533,1,24-10-2025,UP
4076,CUST_244,Electronics,4718,5,10-09-2025,Rajasthan
4077,CUST_222,Electronics,4330,5,19-08-2025,UP
4078,CUST_203,Books,4596,1,11-04-2025,UP
4079,CUST_122,Home Decor,1105,3,27-12-2025,Mumbai
4080,CUST_259,Clothing,4333,4,24-12-2025,Delhi
4081,CUST_155,Home Decor,151,3,14-09-2025,UP
4082,CUST_226,Home Decor,459,1,02-07-2025,UP
4083,CUST_226,Home Decor,2760,1,07-07-2025,Rajasthan
4084,CUST_218,Books,1494,1,26-01-2025,Karnataka
4085,CUST_196,Clothing,977,5,19-12-2025,Mumbai
4086,CUST_137,Books,857,2,09-06-2025,Mumbai
4087,CUST_164,Home Decor,3681,2,19-07-2025,Karnataka
4088,CUST_187,Books,3488,3,23-01-2025,Rajasthan
4089,CUST_255,Electronics,1583,2,20-10-2025,Karnataka
4090,CUST_236,Electronics,2981,3,14-01-2025,Mumbai
4091,CUST_297,Electronics,853,1,12-09-2025,Karnataka
4092,CUST_150,Clothing,404,1,03-02-2025,Karnataka
4093,CUST_270,Clothing,111,3,10-05-2025,Delhi
4094,CUST_119,Electronics,114,3,16-01-2025,Mumbai
4095,CUST_196,Books,237,3,30-10-2025,Karnataka
4096,CUST_145,Books,1755,2,06-01-2025,Karnataka
4097,CUST_279,Electronics,144,2,25-12-2025,Mumbai
4098,CUST_106,Books,2810,4,21-03-2025,Mumbai
4099,CUST_114,Books,2954,3,31-12-2025,Delhi
4100,CUST_260,Clothing,1313,2,13-05-2025,Delhi
4101,CUST_197,Clothing,1598,1,08-11-2025,Karnataka
4102,CUST_208,Electronics,1077,3,22-06-2025,UP
4103,CUST_118,Clothing,1752,5,16-04-2025,Delhi
4104,CUST_137,Books,3780,3,10-02-2025,Mumbai
4105,CUST_226,Clothing,4203,5,10-06-2025,UP
4106,CUST_288,Books,2074,1,15-12-2025,Karnataka
4107,CUST_264,Home Decor,879,3,12-07-2025,Rajasthan
4108,CUST_107,Electronics,2286,4,10-05-2025,Karnataka
4109,CUST_148,Home Decor,1881,3,13-05-2025,Karnataka
4110,CUST_271,Home Decor,2541,2,13-05-2025,Karnataka
4111,CUST_169,Books,328,5,23-03-2025,UP
4112,CUST_103,Home Decor,1408,2,24-07-2025,UP
4113,CUST_116,Electronics,1786,4,24-01-2025,Rajasthan
4114,CUST_155,Clothing,2296,5,17-08-2025,Rajasthan
4115,CUST_166,Clothing,3051,3,13-06-2025,Rajasthan
4116,CUST_233,Books,4101,5,03-10-2025,Karnataka
4117,CUST_153,Home Decor,4745,3,03-04-2025,Delhi
4118,CUST_295,Electronics,3919,2,26-11-2025,Karnataka
4119,CUST_141,Electronics,3594,4,05-05-2025,Rajasthan
4120,CUST_244,Clothing,898,1,02-04-2025,Mumbai
4121,CUST_221,Home Decor,872,5,01-03-2025,Delhi
4122,CUST_145,Electronics,1774,4,18-09-2025,Rajasthan
4123,CUST_162,Electronics,2428,3,24-04-2025,Mumbai
4124,CUST_177,Home Decor,3403,5,19-01-2025,Rajasthan
4125,CUST_203,Home Decor,3420,5,01-10-2025,Rajasthan
4126,CUST_296,Electronics,2335,1,22-09-2025,Mumbai
4127,CUST_240,Books,3684,4,10-10-2025,Karnataka
4128,CUST_153,Clothing,4822,2,20-04-2025,Mumbai
4129,CUST_172,Clothing,2185,4,17-08-2025,Rajasthan
4130,CUST_185,Home Decor,4454,3,20-05-2025,Delhi
4131,CUST_183,Electronics,2358,3,13-03-2025,Rajasthan
4132,CUST_252,Clothing,4315,3,20-09-2025,Karnataka
4133,CUST_116,Books,4687,2,19-11-2025,Karnataka
4134,CUST_158,Books,3879,1,07-06-2025,Rajasthan
4135,CUST_141,Clothing,3664,5,23-12-2025,UP
4136,CUST_138,Home Decor,4807,3,20-04-2025,Rajasthan
4137,CUST_110,Books,2609,3,13-06-2025,Mumbai
4138,CUST_140,Books,4031,1,13-10-2025,Delhi
4139,CUST_226,Electronics,208,2,27-02-2025,UP
4140,CUST_256,Home Decor,4860,3,03-01-2025,Karnataka
4141,CUST_138,Clothing,1014,3,20-12-2025,UP
4142,CUST_146,Electronics,2491,3,16-03-2025,Mumbai
4143,CUST_140,Electronics,1415,5,02-09-2025,UP
4144,CUST_150,Books,3609,4,30-03-2025,Mumbai
4145,CUST_267,Books,864,4,12-02-2025,Rajasthan
4146,CUST_148,Clothing,3624,4,14-10-2025,Rajasthan
4147,CUST_165,Home Decor,4484,5,05-04-2025,Mumbai
4148,CUST_207,Home Decor,2239,2,28-06-2025,Delhi
4149,CUST_287,Books,3506,1,04-08-2025,Delhi
4150,CUST_156,Clothing,3052,1,08-05-2025,Mumbai
4151,CUST_201,Clothing,3004,5,11-04-2025,Karnataka
4152,CUST_158,Clothing,3655,3,22-03-2025,Karnataka
4153,CUST_129,Home Decor,1786,5,08-04-2025,Rajasthan
4154,CUST_286,Clothing,2313,1,07-05-2025,Karnataka
4155,CUST_160,Books,1414,2,03-05-2025,Delhi
4156,CUST_274,Home Decor,2480,3,29-09-2025,Delhi
4157,CUST_143,Electronics,1512,5,24-11-2025,UP
4158,CUST_124,Books,3078,3,09-07-2025,Mumbai
4159,CUST_248,Electronics,4050,5,04-10-2025,Mumbai
4160,CUST_162,Clothing,4890,5,13-07-2025,Rajasthan
4161,CUST_265,Clothing,919,4,11-01-2025,UP
4162,CUST_134,Clothing,3582,3,22-09-2025,Delhi
4163,CUST_128,Books,2610,2,06-07-2025,Rajasthan
4164,CUST_262,Clothing,3157,4,12-08-2025,Mumbai
4165,CUST_190,Clothing,1397,4,27-10-2025,Mumbai
4166,CUST_274,Clothing,4999,5,21-09-2025,Rajasthan
4167,CUST_282,Electronics,3452,3,18-10-2025,Karnataka
4168,CUST_154,Electronics,2244,3,06-08-2025,Rajasthan
4169,CUST_142,Home Decor,3594,2,09-07-2025,Mumbai
4170,CUST_132,Electronics,4452,1,01-11-2025,Delhi
4171,CUST_282,Books,3804,1,13-01-2025,Mumbai
4172,CUST_127,Books,1885,2,25-01-2025,Mumbai
4173,CUST_134,Home Decor,1791,4,13-11-2025,Rajasthan
4174,CUST_296,Clothing,3883,2,06-12-2025,Karnataka
4175,CUST_111,Clothing,133,2,22-04-2025,UP
4176,CUST_124,Clothing,2541,4,02-12-2025,Karnataka
4177,CUST_109,Clothing,4158,4,21-06-2025,Karnataka
4178,CUST_271,Clothing,2117,5,28-12-2025,UP
4179,CUST_138,Electronics,1309,1,07-02-2025,Karnataka
4180,CUST_206,Books,4438,4,06-02-2025,Karnataka
4181,CUST_209,Clothing,388,4,27-01-2025,Rajasthan
4182,CUST_160,Home Decor,1418,4,04-08-2025,UP
4183,CUST_120,Books,2623,2,15-01-2025,UP
4184,CUST_264,Home Decor,3948,5,28-12-2025,Mumbai
4185,CUST_295,Clothing,2819,4,27-12-2025,Rajasthan
4186,CUST_281,Electronics,669,5,05-05-2025,Delhi
4187,CUST_131,Books,3262,2,12-03-2025,Delhi
4188,CUST_186,Clothing,1112,4,18-12-2025,Delhi
4189,CUST_279,Home Decor,4574,4,28-12-2025,Rajasthan
4190,CUST_100,Home Decor,1219,1,02-02-2025,Rajasthan
4191,CUST_186,Books,2431,3,09-02-2025,Rajasthan
4192,CUST_149,Clothing,3047,2,10-09-2025,Rajasthan
4193,CUST_178,Home Decor,2835,3,10-11-2025,Karnataka
4194,CUST_274,Home Decor,3123,3,04-03-2025,Karnataka
4195,CUST_276,Books,3649,3,28-03-2025,Mumbai
4196,CUST_107,Home Decor,2678,5,31-07-2025,Karnataka
4197,CUST_235,Clothing,1990,2,16-11-2025,Karnataka
4198,CUST_238,Electronics,2432,2,10-07-2025,Mumbai
4199,CUST_181,Books,3421,1,17-09-2025,Karnataka
4200,CUST_174,Home Decor,2271,5,09-07-2025,Karnataka
4201,CUST_178,Clothing,286,2,03-06-2025,Rajasthan
4202,CUST_276,Clothing,4672,4,22-01-2025,Mumbai
4203,CUST_273,Books,1279,3,25-05-2025,Karnataka
4204,CUST_143,Home Decor,4905,3,09-11-2025,UP
4205,CUST_206,Books,2304,2,21-02-2025,Mumbai
4206,CUST_281,Home Decor,3280,2,01-08-2025,Delhi
4207,CUST_235,Home Decor,246,5,02-02-2025,Mumbai
4208,CUST_239,Books,478,2,22-03-2025,Mumbai
4209,CUST_115,Clothing,1791,1,06-02-2025,Delhi
4210,CUST_186,Home Decor,1394,2,05-07-2025,Karnataka
4211,CUST_255,Clothing,4417,4,02-03-2025,Mumbai
4212,CUST_156,Electronics,2478,5,06-02-2025,UP
4213,CUST_294,Clothing,4626,5,23-07-2025,Karnataka
4214,CUST_173,Books,696,4,01-06-2025,UP
4215,CUST_250,Clothing,1878,5,13-07-2025,Delhi
4216,CUST_256,Clothing,3116,5,24-11-2025,Rajasthan
4217,CUST_293,Electronics,864,4,06-07-2025,Rajasthan
4218,CUST_158,Books,164,1,05-10-2025,Mumbai
4219,CUST_260,Books,2007,3,04-10-2025,Delhi
4220,CUST_216,Electronics,2932,3,18-02-2025,Delhi
4221,CUST_263,Books,3839,4,12-06-2025,Mumbai
4222,CUST_234,Clothing,4023,2,10-06-2025,Delhi
4223,CUST_198,Home Decor,1764,5,26-05-2025,Karnataka
4224,CUST_192,Books,2262,3,29-08-2025,UP
4225,CUST_125,Electronics,2039,1,02-01-2025,Mumbai
4226,CUST_131,Books,216,1,03-07-2025,Karnataka
4227,CUST_189,Electronics,3269,4,23-11-2025,Rajasthan
4228,CUST_280,Electronics,3301,3,16-09-2025,UP
4229,CUST_159,Home Decor,876,2,10-08-2025,Rajasthan
4230,CUST_290,Books,1218,5,05-02-2025,Karnataka
4231,CUST_149,Books,3468,1,22-11-2025,Delhi
4232,CUST_282,Clothing,4630,1,13-02-2025,UP
4233,CUST_148,Home Decor,3338,3,12-09-2025,Karnataka
4234,CUST_101,Clothing,4812,1,19-06-2025,Rajasthan
4235,CUST_270,Electronics,3925,2,10-02-2025,Mumbai
4236,CUST_102,Books,4098,4,18-06-2025,UP
4237,CUST_223,Clothing,2352,5,03-01-2025,Delhi
4238,CUST_164,Home Decor,564,4,11-01-2025,Delhi
4239,CUST_107,Electronics,4347,1,30-12-2025,Rajasthan
4240,CUST_161,Books,3360,3,17-04-2025,Karnataka
4241,CUST_174,Electronics,4777,1,14-02-2025,Karnataka
4242,CUST_204,Electronics,643,4,24-01-2025,UP
4243,CUST_141,Electronics,1666,4,01-01-2025,Rajasthan
4244,CUST_143,Clothing,3100,2,16-05-2025,Delhi
4245,CUST_267,Books,3177,2,02-05-2025,UP
4246,CUST_208,Clothing,1832,2,05-12-2025,Delhi
4247,CUST_116,Home Decor,3347,3,28-04-2025,Karnataka
4248,CUST_261,Books,2339,4,14-07-2025,Delhi
4249,CUST_131,Books,4354,4,04-07-2025,Mumbai
4250,CUST_252,Electronics,217,4,11-06-2025,Rajasthan
4251,CUST_236,Home Decor,940,4,08-11-2025,Delhi
4252,CUST_166,Clothing,2525,4,06-09-2025,Rajasthan
4253,CUST_238,Clothing,4606,4,07-10-2025,Karnataka
4254,CUST_116,Home Decor,4306,5,21-02-2025,Karnataka
4255,CUST_243,Electronics,1403,5,12-05-2025,Karnataka
4256,CUST_277,Electronics,1898,5,03-03-2025,Rajasthan
4257,CUST_121,Home Decor,1978,2,04-07-2025,Delhi
4258,CUST_149,Home Decor,2928,5,08-07-2025,Delhi
4259,CUST_208,Electronics,876,1,28-06-2025,Mumbai
4260,CUST_106,Books,3750,1,05-09-2025,UP
4261,CUST_267,Electronics,1990,4,22-02-2025,Mumbai
4262,CUST_122,Home Decor,2338,4,13-05-2025,Mumbai
4263,CUST_283,Home Decor,1245,2,02-02-2025,Mumbai
4264,CUST_200,Home Decor,2785,3,14-09-2025,Delhi
4265,CUST_286,Books,3089,5,25-08-2025,Delhi
4266,CUST_119,Clothing,1829,1,04-12-2025,Mumbai
4267,CUST_254,Clothing,935,1,14-05-2025,UP
4268,CUST_199,Clothing,3165,2,15-07-2025,Delhi
4269,CUST_155,Clothing,869,1,14-07-2025,UP
4270,CUST_108,Electronics,3559,4,23-07-2025,Delhi
4271,CUST_192,Electronics,3839,1,21-05-2025,Mumbai
4272,CUST_142,Books,1593,2,17-12-2025,Rajasthan
4273,CUST_283,Home Decor,1966,2,16-11-2025,Delhi
4274,CUST_267,Clothing,534,4,08-04-2025,Delhi
4275,CUST_233,Clothing,4704,3,18-07-2025,Karnataka
4276,CUST_187,Books,3941,3,05-09-2025,Karnataka
4277,CUST_131,Electronics,3364,5,06-06-2025,Rajasthan
4278,CUST_157,Home Decor,4506,2,22-07-2025,Rajasthan
4279,CUST_104,Clothing,3606,3,09-10-2025,Rajasthan
4280,CUST_273,Books,2936,2,16-06-2025,Mumbai
4281,CUST_214,Home Decor,1678,1,18-07-2025,Mumbai
4282,CUST_161,Clothing,4804,4,19-08-2025,Mumbai
4283,CUST_138,Home Decor,1011,5,30-05-2025,UP
4284,CUST_186,Home Decor,2659,3,10-12-2025,Karnataka
4285,CUST_201,Books,1129,5,02-10-2025,Karnataka
4286,CUST_296,Home Decor,3170,3,15-10-2025,Karnataka
4287,CUST_295,Electronics,3179,4,02-02-2025,Karnataka
4288,CUST_263,Books,4474,2,21-06-2025,UP
4289,CUST_264,Books,1474,4,02-02-2025,Delhi
4290,CUST_284,Books,4326,2,19-07-2025,Mumbai
4291,CUST_179,Electronics,1278,5,21-10-2025,UP
4292,CUST_285,Home Decor,3458,5,22-07-2025,UP
4293,CUST_122,Clothing,4883,1,25-04-2025,Mumbai
4294,CUST_146,Electronics,3717,3,28-02-2025,UP
4295,CUST_235,Electronics,2759,3,22-09-2025,Rajasthan
4296,CUST_174,Home Decor,4985,5,08-05-2025,Rajasthan
4297,CUST_104,Home Decor,4416,3,20-11-2025,Mumbai
4298,CUST_164,Electronics,4062,4,20-08-2025,Mumbai
4299,CUST_116,Home Decor,253,3,27-12-2025,Mumbai
4300,CUST_291,Electronics,1319,5,22-04-2025,Delhi
4301,CUST_115,Home Decor,3025,5,14-02-2025,Karnataka
4302,CUST_279,Clothing,4821,3,11-05-2025,Karnataka
4303,CUST_210,Home Decor,4423,3,15-08-2025,Mumbai
4304,CUST_249,Home Decor,4304,2,30-04-2025,UP
4305,CUST_166,Electronics,1192,3,13-11-2025,Rajasthan
4306,CUST_186,Books,2349,2,14-02-2025,Mumbai
4307,CUST_288,Home Decor,760,5,01-05-2025,UP
4308,CUST_219,Clothing,1808,2,24-08-2025,Rajasthan
4309,CUST_190,Home Decor,2069,3,20-06-2025,Rajasthan
4310,CUST_219,Clothing,3980,5,22-03-2025,UP
4311,CUST_155,Books,2741,2,30-04-2025,Karnataka
4312,CUST_293,Clothing,4002,5,29-03-2025,UP
4313,CUST_109,Home Decor,4555,3,18-08-2025,Karnataka
4314,CUST_265,Clothing,1617,2,27-05-2025,Mumbai
4315,CUST_233,Clothing,2399,2,16-12-2025,UP
4316,CUST_256,Home Decor,2468,1,23-03-2025,UP
4317,CUST_279,Clothing,4066,1,20-08-2025,Rajasthan
4318,CUST_153,Clothing,301,2,17-12-2025,Rajasthan
4319,CUST_181,Clothing,4249,1,20-09-2025,Delhi
4320,CUST_177,Clothing,2889,2,03-09-2025,Mumbai
4321,CUST_199,Books,723,3,19-01-2025,UP
4322,CUST_296,Books,4616,2,30-09-2025,Mumbai
4323,CUST_250,Electronics,4817,2,16-02-2025,Karnataka
4324,CUST_256,Books,4007,3,28-10-2025,Karnataka
4325,CUST_275,Electronics,3660,2,10-10-2025,Karnataka
4326,CUST_149,Clothing,3041,5,10-12-2025,Rajasthan
4327,CUST_126,Home Decor,1837,5,15-08-2025,Mumbai
4328,CUST_131,Electronics,2729,2,05-12-2025,Rajasthan
4329,CUST_281,Books,4831,3,14-07-2025,UP
4330,CUST_219,Clothing,3916,4,02-03-2025,Rajasthan
4331,CUST_119,Home Decor,3024,1,02-10-2025,Delhi
4332,CUST_162,Clothing,1643,3,13-03-2025,Karnataka
4333,CUST_232,Books,453,3,14-04-2025,Karnataka
4334,CUST_241,Electronics,1913,3,18-04-2025,Rajasthan
4335,CUST_130,Home Decor,3277,5,28-10-2025,Mumbai
4336,CUST_218,Books,3365,1,27-05-2025,Mumbai
4337,CUST_222,Books,2245,1,19-10-2025,Karnataka
4338,CUST_112,Electronics,815,1,20-02-2025,Delhi
4339,CUST_115,Books,3969,4,13-06-2025,UP
4340,CUST_163,Electronics,2641,1,02-06-2025,Mumbai
4341,CUST_145,Clothing,3309,5,16-11-2025,UP
4342,CUST_238,Books,1330,5,08-03-2025,Karnataka
4343,CUST_209,Home Decor,3222,2,16-04-2025,Karnataka
4344,CUST_105,Electronics,417,4,17-07-2025,Delhi
4345,CUST_236,Home Decor,217,5,09-03-2025,Karnataka
4346,CUST_298,Books,4065,5,05-02-2025,Karnataka
4347,CUST_186,Clothing,2458,3,25-09-2025,Mumbai
4348,CUST_193,Home Decor,564,4,08-10-2025,Rajasthan
4349,CUST_192,Electronics,1910,2,18-08-2025,Karnataka
4350,CUST_244,Electronics,2439,1,20-07-2025,Karnataka
4351,CUST_165,Books,3662,2,05-01-2025,Karnataka
4352,CUST_270,Home Decor,4608,1,09-01-2025,UP
4353,CUST_110,Electronics,4963,3,02-02-2025,Delhi
4354,CUST_149,Books,1020,1,27-02-2025,Rajasthan
4355,CUST_224,Electronics,2676,2,29-09-2025,UP
4356,CUST_126,Electronics,2441,1,23-03-2025,Mumbai
4357,CUST_118,Clothing,4619,4,21-03-2025,Delhi
4358,CUST_117,Books,2846,4,10-05-2025,Rajasthan
4359,CUST_294,Books,3935,2,06-01-2025,UP
4360,CUST_127,Home Decor,1416,5,09-02-2025,UP
4361,CUST_156,Home Decor,4413,1,18-01-2025,Delhi
4362,CUST_112,Clothing,2558,4,29-04-2025,UP
4363,CUST_204,Clothing,1241,3,01-06-2025,Delhi
4364,CUST_198,Clothing,1073,3,13-04-2025,Mumbai
4365,CUST_174,Electronics,3567,5,03-12-2025,Rajasthan
4366,CUST_160,Books,3022,1,17-02-2025,Karnataka
4367,CUST_115,Clothing,2865,4,07-11-2025,UP
4368,CUST_126,Clothing,325,4,03-07-2025,Mumbai
4369,CUST_263,Books,4849,2,03-07-2025,UP
4370,CUST_283,Electronics,968,5,13-01-2025,Delhi
4371,CUST_180,Electronics,3372,1,05-08-2025,Karnataka
4372,CUST_232,Home Decor,4456,4,23-01-2025,Delhi
4373,CUST_278,Clothing,3957,1,24-03-2025,Rajasthan
4374,CUST_115,Clothing,3801,3,10-12-2025,Rajasthan
4375,CUST_245,Books,999,4,07-03-2025,Rajasthan
4376,CUST_172,Books,2925,5,19-11-2025,UP
4377,CUST_232,Books,1017,1,20-07-2025,Mumbai
4378,CUST_179,Electronics,1351,1,07-03-2025,Rajasthan
4379,CUST_209,Electronics,4523,2,26-06-2025,UP
4380,CUST_160,Home Decor,786,1,25-03-2025,UP
4381,CUST_230,Clothing,632,2,28-11-2025,Karnataka
4382,CUST_285,Books,546,1,25-11-2025,Delhi
4383,CUST_286,Home Decor,3721,3,29-09-2025,UP
4384,CUST_109,Clothing,4521,1,30-06-2025,Rajasthan
4385,CUST_213,Clothing,3607,5,05-11-2025,Karnataka
4386,CUST_262,Clothing,2248,1,28-07-2025,Rajasthan
4387,CUST_271,Clothing,3292,2,24-01-2025,Mumbai
4388,CUST_240,Electronics,418,3,01-10-2025,Mumbai
4389,CUST_114,Electronics,3404,4,16-07-2025,Rajasthan
4390,CUST_198,Clothing,1555,4,11-04-2025,Mumbai
4391,CUST_166,Electronics,3845,2,30-06-2025,Mumbai
4392,CUST_228,Electronics,723,3,15-10-2025,Mumbai
4393,CUST_180,Books,4358,5,23-07-2025,UP
4394,CUST_263,Clothing,4555,3,25-01-2025,Karnataka
4395,CUST_108,Clothing,2497,3,21-09-2025,Karnataka
4396,CUST_246,Electronics,2163,5,28-09-2025,Mumbai
4397,CUST_276,Clothing,3943,3,10-09-2025,Karnataka
4398,CUST_227,Electronics,490,3,26-08-2025,Karnataka
4399,CUST_112,Home Decor,3414,1,18-01-2025,Rajasthan
4400,CUST_296,Books,2221,1,09-08-2025,Karnataka
4401,CUST_211,Books,386,4,27-12-2025,UP
4402,CUST_137,Clothing,1399,2,14-04-2025,Mumbai
4403,CUST_173,Electronics,2223,5,18-07-2025,Delhi
4404,CUST_161,Books,982,5,31-07-2025,Karnataka
4405,CUST_138,Electronics,450,5,10-07-2025,Delhi
4406,CUST_292,Clothing,891,5,30-05-2025,Rajasthan
4407,CUST_237,Electronics,2269,4,06-05-2025,Delhi
4408,CUST_146,Home Decor,4284,5,06-01-2025,Rajasthan
4409,CUST_109,Clothing,2110,5,23-02-2025,Rajasthan
4410,CUST_266,Electronics,717,3,19-03-2025,UP
4411,CUST_262,Electronics,2597,5,14-03-2025,Mumbai
4412,CUST_176,Clothing,1342,5,06-11-2025,UP
4413,CUST_218,Clothing,2560,5,28-09-2025,Mumbai
4414,CUST_250,Books,1987,5,06-09-2025,Rajasthan
4415,CUST_105,Clothing,2583,5,04-04-2025,Rajasthan
4416,CUST_236,Electronics,4967,2,10-06-2025,Mumbai
4417,CUST_216,Clothing,921,5,17-04-2025,UP
4418,CUST_139,Electronics,648,2,28-12-2025,UP
4419,CUST_197,Electronics,2575,2,23-12-2025,UP
4420,CUST_271,Clothing,4246,2,11-05-2025,Rajasthan
4421,CUST_160,Clothing,2343,1,04-04-2025,Mumbai
4422,CUST_156,Clothing,1022,4,22-07-2025,UP
4423,CUST_257,Clothing,1720,3,01-03-2025,Delhi
4424,CUST_286,Clothing,3611,1,17-05-2025,Delhi
4425,CUST_235,Books,2291,3,23-01-2025,Mumbai
4426,CUST_297,Home Decor,860,1,07-01-2025,Karnataka
4427,CUST_163,Books,2459,5,01-09-2025,Rajasthan
4428,CUST_167,Books,2269,2,11-03-2025,UP
4429,CUST_167,Electronics,1304,4,23-05-2025,Mumbai
4430,CUST_104,Electronics,895,5,24-01-2025,Delhi
4431,CUST_133,Home Decor,807,5,28-08-2025,Rajasthan
4432,CUST_276,Electronics,1273,5,03-11-2025,Mumbai
4433,CUST_157,Electronics,958,3,12-12-2025,Karnataka
4434,CUST_147,Home Decor,171,2,24-04-2025,UP
4435,CUST_176,Books,1436,4,26-12-2025,Rajasthan
4436,CUST_265,Clothing,1265,3,10-11-2025,Mumbai
4437,CUST_232,Electronics,3752,3,05-07-2025,Delhi
4438,CUST_236,Home Decor,438,1,04-12-2025,Rajasthan
4439,CUST_227,Home Decor,3123,5,27-10-2025,Mumbai
4440,CUST_143,Electronics,2198,5,14-06-2025,UP
4441,CUST_251,Home Decor,4368,4,14-09-2025,Karnataka
4442,CUST_225,Clothing,4039,3,30-03-2025,Delhi
4443,CUST_262,Home Decor,2566,2,23-03-2025,UP
4444,CUST_161,Home Decor,2418,1,01-08-2025,UP
4445,CUST_149,Books,4283,3,15-02-2025,Delhi
4446,CUST_127,Electronics,328,3,02-05-2025,Mumbai
4447,CUST_189,Books,4561,1,29-05-2025,UP
4448,CUST_286,Home Decor,1142,3,27-03-2025,Mumbai
4449,CUST_192,Clothing,4660,3,17-07-2025,Rajasthan
4450,CUST_174,Books,2189,2,20-05-2025,UP
4451,CUST_124,Electronics,2607,2,18-06-2025,Rajasthan
4452,CUST_295,Books,2317,2,11-09-2025,Rajasthan
4453,CUST_177,Electronics,2356,2,04-09-2025,Mumbai
4454,CUST_255,Books,1165,2,13-02-2025,Karnataka
4455,CUST_172,Home Decor,3780,5,10-12-2025,Karnataka
4456,CUST_253,Books,4977,3,27-12-2025,Rajasthan
4457,CUST_127,Books,163,3,28-01-2025,UP
4458,CUST_225,Books,1534,3,09-08-2025,Rajasthan
4459,CUST_217,Books,3120,4,03-10-2025,Rajasthan
4460,CUST_142,Books,2926,3,24-03-2025,Mumbai
4461,CUST_209,Books,2705,1,31-10-2025,Rajasthan
4462,CUST_134,Electronics,1787,1,08-07-2025,Rajasthan
4463,CUST_186,Home Decor,1773,3,15-01-2025,Rajasthan
4464,CUST_205,Clothing,783,4,19-06-2025,UP
4465,CUST_297,Books,2253,3,08-08-2025,Rajasthan
4466,CUST_235,Books,4261,5,19-12-2025,Mumbai
4467,CUST_272,Home Decor,4111,2,24-03-2025,Karnataka
4468,CUST_272,Clothing,4083,1,08-09-2025,Delhi
4469,CUST_112,Clothing,4814,1,10-05-2025,UP
4470,CUST_161,Electronics,2429,1,07-07-2025,Karnataka
4471,CUST_213,Clothing,2389,2,06-05-2025,UP
4472,CUST_252,Electronics,4049,1,01-12-2025,Mumbai
4473,CUST_254,Home Decor,3174,2,19-06-2025,UP
4474,CUST_244,Electronics,3373,1,01-01-2025,Karnataka
4475,CUST_193,Electronics,3307,2,18-08-2025,Mumbai
4476,CUST_138,Electronics,1407,4,24-04-2025,UP
4477,CUST_241,Electronics,4298,1,14-10-2025,UP
4478,CUST_285,Home Decor,1100,5,01-09-2025,Karnataka
4479,CUST_261,Electronics,430,5,23-06-2025,Delhi
4480,CUST_137,Clothing,241,4,19-07-2025,Mumbai
4481,CUST_198,Home Decor,2357,4,31-01-2025,Delhi
4482,CUST_223,Electronics,4619,3,08-08-2025,Rajasthan
4483,CUST_152,Electronics,2228,2,07-07-2025,Karnataka
4484,CUST_289,Home Decor,3991,4,27-06-2025,UP
4485,CUST_217,Home Decor,2553,4,02-11-2025,UP
4486,CUST_184,Clothing,1933,1,31-12-2025,Delhi
4487,CUST_130,Home Decor,3129,1,11-07-2025,Karnataka
4488,CUST_251,Electronics,2739,4,11-01-2025,Mumbai
4489,CUST_190,Clothing,4145,3,08-07-2025,Delhi
4490,CUST_142,Clothing,2989,5,03-02-2025,Delhi
4491,CUST_186,Electronics,904,5,28-03-2025,Rajasthan
4492,CUST_162,Electronics,607,3,23-10-2025,Delhi
4493,CUST_150,Clothing,4290,1,08-01-2025,Delhi
4494,CUST_260,Home Decor,3122,2,15-07-2025,Rajasthan
4495,CUST_213,Home Decor,3933,2,02-05-2025,Karnataka
4496,CUST_114,Electronics,1953,1,01-05-2025,Rajasthan
4497,CUST_230,Electronics,296,4,11-07-2025,UP
4498,CUST_106,Books,3151,4,10-11-2025,Delhi
4499,CUST_198,Electronics,3237,1,09-05-2025,Mumbai
4500,CUST_241,Clothing,2473,1,20-01-2025,Rajasthan
4501,CUST_175,Books,1660,4,07-01-2025,Delhi
4502,CUST_232,Clothing,2333,3,13-06-2025,UP
4503,CUST_143,Electronics,607,5,31-01-2025,Mumbai
4504,CUST_273,Books,2018,2,16-09-2025,Delhi
4505,CUST_189,Books,3618,4,15-11-2025,Rajasthan
4506,CUST_244,Clothing,4423,1,17-05-2025,Delhi
4507,CUST_229,Books,1160,1,22-05-2025,UP
4508,CUST_127,Electronics,3490,1,26-02-2025,Delhi
4509,CUST_112,Clothing,159,1,22-02-2025,Mumbai
4510,CUST_180,Books,549,4,17-03-2025,UP
4511,CUST_167,Clothing,466,4,24-10-2025,Karnataka
4512,CUST_216,Electronics,2563,2,15-01-2025,Rajasthan
4513,CUST_193,Home Decor,900,1,19-02-2025,Rajasthan
4514,CUST_273,Home Decor,4925,2,04-09-2025,UP
4515,CUST_210,Home Decor,3166,3,14-12-2025,UP
4516,CUST_276,Electronics,4706,1,15-06-2025,UP
4517,CUST_187,Clothing,3890,2,13-12-2025,UP
4518,CUST_239,Clothing,1793,3,19-09-2025,UP
4519,CUST_164,Clothing,843,5,02-01-2025,Karnataka
4520,CUST_245,Clothing,1926,2,23-01-2025,Delhi
4521,CUST_290,Home Decor,2392,5,25-01-2025,Rajasthan
4522,CUST_270,Home Decor,487,1,24-06-2025,Mumbai
4523,CUST_145,Electronics,4597,3,06-12-2025,Mumbai
4524,CUST_118,Clothing,1274,1,24-05-2025,Mumbai
4525,CUST_124,Books,3910,4,12-04-2025,Karnataka
4526,CUST_211,Home Decor,2696,4,02-08-2025,UP
4527,CUST_144,Electronics,3200,5,21-12-2025,Delhi
4528,CUST_164,Clothing,1538,3,21-03-2025,Rajasthan
4529,CUST_110,Electronics,634,3,31-07-2025,Mumbai
4530,CUST_193,Electronics,4262,3,26-11-2025,Karnataka
4531,CUST_200,Clothing,2012,3,11-01-2025,Delhi
4532,CUST_110,Electronics,379,1,18-06-2025,Delhi
4533,CUST_119,Books,473,2,16-04-2025,Delhi
4534,CUST_290,Clothing,2873,5,22-02-2025,Delhi
4535,CUST_174,Books,1338,3,19-09-2025,Mumbai
4536,CUST_180,Home Decor,731,1,09-09-2025,Mumbai
4537,CUST_279,Electronics,3201,4,19-10-2025,UP
4538,CUST_141,Clothing,1363,2,07-07-2025,Rajasthan
4539,CUST_298,Books,2498,1,29-07-2025,Rajasthan
4540,CUST_144,Clothing,4430,2,08-04-2025,UP
4541,CUST_100,Clothing,2234,5,02-02-2025,UP
4542,CUST_154,Home Decor,1085,5,19-02-2025,Karnataka
4543,CUST_250,Home Decor,2560,2,11-10-2025,Rajasthan
4544,CUST_116,Books,2651,2,29-11-2025,Karnataka
4545,CUST_267,Home Decor,4229,4,27-10-2025,Delhi
4546,CUST_196,Books,3122,3,01-06-2025,UP
4547,CUST_174,Books,1825,1,03-01-2025,Karnataka
4548,CUST_297,Electronics,4172,1,16-08-2025,Rajasthan
4549,CUST_103,Electronics,1228,4,23-07-2025,UP
4550,CUST_134,Electronics,4517,2,10-02-2025,Rajasthan
4551,CUST_180,Books,1045,1,22-12-2025,Karnataka
4552,CUST_285,Home Decor,1278,2,06-06-2025,Rajasthan
4553,CUST_290,Electronics,4238,4,28-04-2025,Rajasthan
4554,CUST_244,Home Decor,1246,4,12-06-2025,Karnataka
4555,CUST_141,Electronics,4217,2,12-12-2025,UP
4556,CUST_138,Clothing,575,1,15-05-2025,Mumbai
4557,CUST_175,Electronics,3502,5,11-09-2025,Karnataka
4558,CUST_261,Home Decor,3460,5,13-07-2025,Karnataka
4559,CUST_130,Clothing,4166,2,05-07-2025,Karnataka
4560,CUST_119,Clothing,3031,1,06-10-2025,Delhi
4561,CUST_265,Home Decor,352,5,03-12-2025,Karnataka
4562,CUST_215,Books,3338,3,04-10-2025,Delhi
4563,CUST_118,Home Decor,1798,1,01-03-2025,Delhi
4564,CUST_297,Electronics,1918,3,05-11-2025,UP
4565,CUST_265,Clothing,3033,3,18-11-2025,UP
4566,CUST_196,Books,2129,2,21-06-2025,Karnataka
4567,CUST_219,Electronics,4470,4,23-10-2025,UP
4568,CUST_186,Books,1902,2,27-03-2025,Delhi
4569,CUST_278,Books,1272,2,23-05-2025,Delhi
4570,CUST_109,Clothing,1256,4,30-08-2025,UP
4571,CUST_116,Home Decor,1004,4,07-04-2025,Rajasthan
4572,CUST_238,Clothing,2843,3,22-03-2025,UP
4573,CUST_128,Electronics,3053,5,08-06-2025,Mumbai
4574,CUST_231,Books,1635,3,04-01-2025,Delhi
4575,CUST_226,Electronics,3639,3,31-07-2025,Rajasthan
4576,CUST_211,Electronics,1694,1,18-01-2025,Rajasthan
4577,CUST_177,Clothing,1879,2,17-10-2025,Delhi
4578,CUST_172,Books,2616,2,11-12-2025,Karnataka
4579,CUST_232,Electronics,277,1,25-08-2025,Mumbai
4580,CUST_103,Clothing,2626,3,01-12-2025,Rajasthan
4581,CUST_260,Electronics,2682,5,15-11-2025,Mumbai
4582,CUST_157,Clothing,2855,2,03-07-2025,Mumbai
4583,CUST_117,Electronics,4637,5,04-03-2025,Delhi
4584,CUST_215,Books,2237,1,11-11-2025,Delhi
4585,CUST_120,Books,3219,2,27-07-2025,Delhi
4586,CUST_215,Books,1093,2,31-08-2025,Rajasthan
4587,CUST_243,Electronics,4645,1,30-07-2025,Mumbai
4588,CUST_122,Home Decor,753,5,19-01-2025,Karnataka
4589,CUST_288,Clothing,4949,2,03-08-2025,Mumbai
4590,CUST_248,Clothing,149,3,14-03-2025,Mumbai
4591,CUST_149,Books,4951,4,25-01-2025,Rajasthan
4592,CUST_213,Electronics,1969,5,06-07-2025,Karnataka
4593,CUST_154,Home Decor,1092,1,06-05-2025,Rajasthan
4594,CUST_130,Clothing,3310,5,04-11-2025,Mumbai
4595,CUST_135,Home Decor,1606,5,13-05-2025,Rajasthan
4596,CUST_271,Electronics,4304,5,19-11-2025,Karnataka
4597,CUST_106,Clothing,1015,2,30-08-2025,Mumbai
4598,CUST_266,Books,608,3,23-09-2025,Delhi
4599,CUST_174,Home Decor,2241,4,29-10-2025,Mumbai
4600,CUST_224,Clothing,284,4,07-06-2025,Delhi
4601,CUST_162,Electronics,2452,3,18-06-2025,Delhi
4602,CUST_113,Home Decor,2375,2,01-10-2025,Karnataka
4603,CUST_257,Electronics,4600,4,11-07-2025,UP
4604,CUST_226,Electronics,4955,2,19-01-2025,Karnataka
4605,CUST_227,Clothing,1364,3,30-07-2025,Karnataka
4606,CUST_176,Home Decor,1013,5,22-11-2025,UP
4607,CUST_234,Electronics,1663,4,06-11-2025,UP
4608,CUST_145,Books,1480,2,12-06-2025,Karnataka
4609,CUST_164,Electronics,4923,3,16-04-2025,Delhi
4610,CUST_168,Electronics,400,4,31-12-2025,Rajasthan
4611,CUST_142,Clothing,3547,4,02-08-2025,Mumbai
4612,CUST_269,Electronics,3894,3,16-07-2025,UP
4613,CUST_251,Home Decor,3182,3,25-03-2025,Karnataka
4614,CUST_143,Electronics,859,2,19-03-2025,UP
4615,CUST_293,Books,906,5,06-11-2025,Karnataka
4616,CUST_159,Home Decor,4106,4,14-09-2025,Rajasthan
4617,CUST_201,Home Decor,532,5,23-07-2025,UP
4618,CUST_240,Home Decor,1437,4,14-06-2025,Rajasthan
4619,CUST_250,Home Decor,4420,3,26-07-2025,Karnataka
4620,CUST_151,Clothing,2545,2,11-09-2025,Delhi
4621,CUST_188,Clothing,880,5,19-01-2025,Delhi
4622,CUST_212,Electronics,1913,5,05-11-2025,Karnataka
4623,CUST_215,Clothing,816,4,06-04-2025,Karnataka
4624,CUST_148,Home Decor,3382,5,22-09-2025,Delhi
4625,CUST_126,Clothing,1756,4,04-12-2025,UP
4626,CUST_163,Books,552,3,06-12-2025,UP
4627,CUST_280,Electronics,3302,3,22-01-2025,Mumbai
4628,CUST_130,Electronics,418,1,18-02-2025,Rajasthan
4629,CUST_221,Books,113,2,24-12-2025,Mumbai
4630,CUST_261,Books,752,4,03-12-2025,UP
4631,CUST_166,Clothing,2447,5,10-01-2025,Karnataka
4632,CUST_112,Books,1426,5,23-06-2025,Mumbai
4633,CUST_227,Clothing,729,1,30-11-2025,UP
4634,CUST_280,Electronics,513,4,20-05-2025,Delhi
4635,CUST_199,Electronics,2490,2,27-08-2025,Rajasthan
4636,CUST_188,Clothing,2933,4,23-03-2025,UP
4637,CUST_202,Home Decor,4024,5,30-07-2025,UP
4638,CUST_264,Home Decor,712,4,11-11-2025,Delhi
4639,CUST_168,Clothing,3773,5,23-06-2025,Delhi
4640,CUST_277,Books,418,2,06-07-2025,Karnataka
4641,CUST_172,Books,950,4,27-03-2025,UP
4642,CUST_293,Clothing,4596,3,06-08-2025,Delhi
4643,CUST_211,Electronics,2544,3,12-06-2025,Delhi
4644,CUST_252,Home Decor,1008,3,15-12-2025,Karnataka
4645,CUST_234,Books,1728,1,03-01-2025,Karnataka
4646,CUST_241,Electronics,144,1,12-02-2025,Rajasthan
4647,CUST_201,Books,995,2,12-05-2025,Delhi
4648,CUST_259,Electronics,1997,1,10-07-2025,UP
4649,CUST_163,Books,3790,3,05-08-2025,Mumbai
4650,CUST_105,Books,4882,3,03-12-2025,Delhi
4651,CUST_187,Clothing,2867,5,13-08-2025,UP
4652,CUST_173,Clothing,2038,1,24-04-2025,UP
4653,CUST_227,Electronics,4271,4,28-05-2025,UP
4654,CUST_137,Electronics,2663,3,17-10-2025,Mumbai
4655,CUST_275,Clothing,3991,1,09-09-2025,UP
4656,CUST_149,Books,3137,3,24-04-2025,Mumbai
4657,CUST_162,Home Decor,1898,5,06-02-2025,Mumbai
4658,CUST_264,Electronics,2466,2,09-05-2025,UP
4659,CUST_285,Home Decor,1222,4,24-01-2025,Karnataka
4660,CUST_252,Home Decor,2249,2,09-06-2025,Delhi
4661,CUST_173,Electronics,3045,5,09-01-2025,Karnataka
4662,CUST_221,Home Decor,1641,3,18-04-2025,UP
4663,CUST_205,Home Decor,2452,4,26-01-2025,Delhi
4664,CUST_273,Clothing,807,1,14-04-2025,UP
4665,CUST_207,Electronics,2615,5,21-06-2025,UP
4666,CUST_218,Home Decor,4939,2,07-04-2025,Delhi
4667,CUST_154,Electronics,3420,3,23-04-2025,Karnataka
4668,CUST_279,Home Decor,1440,5,08-01-2025,Karnataka
4669,CUST_148,Books,3668,4,10-06-2025,Rajasthan
4670,CUST_164,Books,2356,5,07-04-2025,Delhi
4671,CUST_180,Clothing,489,4,27-10-2025,Karnataka
4672,CUST_287,Home Decor,3207,4,08-06-2025,Mumbai
4673,CUST_151,Home Decor,1946,3,03-02-2025,Delhi
4674,CUST_282,Clothing,1398,5,08-01-2025,Rajasthan
4675,CUST_213,Clothing,4384,5,22-06-2025,Rajasthan
4676,CUST_293,Electronics,2915,1,25-01-2025,UP
4677,CUST_187,Clothing,1745,4,16-01-2025,Rajasthan
4678,CUST_225,Electronics,1656,2,31-07-2025,Mumbai
4679,CUST_291,Books,1736,2,07-01-2025,Rajasthan
4680,CUST_161,Electronics,2969,5,07-01-2025,Karnataka
4681,CUST_171,Clothing,3144,3,23-03-2025,Rajasthan
4682,CUST_157,Books,4693,1,20-11-2025,Delhi
4683,CUST_299,Clothing,171,3,16-02-2025,Karnataka
4684,CUST_270,Electronics,1593,4,09-03-2025,Delhi
4685,CUST_258,Clothing,2532,2,15-11-2025,UP
4686,CUST_291,Electronics,2836,2,25-09-2025,Karnataka
4687,CUST_103,Clothing,306,1,19-01-2025,Delhi
4688,CUST_287,Home Decor,1690,1,25-09-2025,UP
4689,CUST_242,Home Decor,3008,3,28-05-2025,UP
4690,CUST_232,Home Decor,3176,2,01-10-2025,Mumbai
4691,CUST_236,Books,3953,3,28-05-2025,UP
4692,CUST_162,Books,3521,2,19-12-2025,Rajasthan
4693,CUST_110,Electronics,3474,2,08-06-2025,UP
4694,CUST_210,Electronics,3683,3,08-05-2025,UP
4695,CUST_134,Home Decor,2593,3,07-10-2025,Mumbai
4696,CUST_107,Home Decor,400,3,18-04-2025,Rajasthan
4697,CUST_232,Electronics,4554,2,20-09-2025,Delhi
4698,CUST_262,Home Decor,2366,5,03-12-2025,Karnataka
4699,CUST_124,Clothing,2181,3,22-04-2025,Karnataka
4700,CUST_115,Electronics,223,1,21-07-2025,Mumbai
4701,CUST_205,Books,3856,4,02-04-2025,Rajasthan
4702,CUST_286,Books,3074,3,02-02-2025,Delhi
4703,CUST_213,Clothing,577,1,25-06-2025,Delhi
4704,CUST_268,Books,426,5,20-09-2025,UP
4705,CUST_153,Electronics,3724,3,10-07-2025,Mumbai
4706,CUST_250,Electronics,2194,5,17-12-2025,Rajasthan
4707,CUST_160,Home Decor,3136,4,02-10-2025,Rajasthan
4708,CUST_130,Books,1885,2,18-07-2025,Mumbai
4709,CUST_234,Home Decor,826,5,06-12-2025,Mumbai
4710,CUST_151,Home Decor,695,5,08-05-2025,Delhi
4711,CUST_127,Clothing,4926,4,25-11-2025,Delhi
4712,CUST_213,Electronics,4926,4,14-06-2025,Rajasthan
4713,CUST_116,Home Decor,4088,2,17-08-2025,Mumbai
4714,CUST_211,Books,1900,4,18-09-2025,Delhi
4715,CUST_141,Electronics,512,5,06-11-2025,UP
4716,CUST_172,Home Decor,541,5,02-07-2025,Delhi
4717,CUST_123,Home Decor,4318,2,07-09-2025,Mumbai
4718,CUST_233,Home Decor,1089,4,15-10-2025,Delhi
4719,CUST_284,Home Decor,1545,4,06-11-2025,Karnataka
4720,CUST_259,Clothing,907,1,04-01-2025,Karnataka
4721,CUST_270,Clothing,1618,4,22-11-2025,Delhi
4722,CUST_279,Home Decor,4227,1,18-10-2025,Delhi
4723,CUST_253,Books,4638,1,02-05-2025,UP
4724,CUST_271,Books,4445,5,27-08-2025,Delhi
4725,CUST_267,Electronics,1842,4,04-10-2025,Rajasthan
4726,CUST_235,Home Decor,4745,4,11-10-2025,Karnataka
4727,CUST_168,Electronics,3079,4,27-11-2025,UP
4728,CUST_171,Clothing,1363,2,26-04-2025,Mumbai
4729,CUST_112,Electronics,2998,5,23-11-2025,Karnataka
4730,CUST_247,Clothing,1391,4,12-10-2025,Delhi
4731,CUST_286,Electronics,560,4,25-03-2025,Karnataka
4732,CUST_144,Home Decor,4697,5,12-05-2025,Karnataka
4733,CUST_239,Home Decor,2050,1,02-03-2025,Karnataka
4734,CUST_153,Home Decor,3836,5,05-06-2025,UP
4735,CUST_263,Books,376,4,06-01-2025,UP
4736,CUST_253,Clothing,3351,4,29-11-2025,Delhi
4737,CUST_264,Electronics,4381,1,28-08-2025,Delhi
4738,CUST_266,Home Decor,2544,3,24-11-2025,Mumbai
4739,CUST_121,Electronics,4306,2,05-07-2025,UP
4740,CUST_121,Books,4474,2,25-12-2025,UP
4741,CUST_180,Home Decor,3060,3,02-11-2025,Mumbai
4742,CUST_261,Clothing,3466,4,19-02-2025,Delhi
4743,CUST_175,Home Decor,3590,2,22-05-2025,UP
4744,CUST_249,Home Decor,3766,4,15-02-2025,Mumbai
4745,CUST_226,Electronics,4504,4,02-01-2025,Delhi
4746,CUST_127,Clothing,3034,2,18-06-2025,Delhi
4747,CUST_141,Books,4335,4,02-03-2025,Delhi
4748,CUST_115,Home Decor,2189,4,15-09-2025,Rajasthan
4749,CUST_283,Electronics,2908,3,17-07-2025,Karnataka
4750,CUST_152,Clothing,2746,3,10-11-2025,UP
4751,CUST_155,Home Decor,3738,3,09-09-2025,Rajasthan
4752,CUST_183,Clothing,4797,1,07-06-2025,Delhi
4753,CUST_149,Electronics,2073,3,14-10-2025,UP
4754,CUST_127,Electronics,1606,2,11-09-2025,Mumbai
4755,CUST_251,Home Decor,1946,3,28-01-2025,UP
4756,CUST_239,Home Decor,2562,1,04-09-2025,Rajasthan
4757,CUST_151,Clothing,3946,3,16-10-2025,Karnataka
4758,CUST_298,Books,1453,2,15-05-2025,Rajasthan
4759,CUST_300,Home Decor,2376,5,05-02-2025,UP
4760,CUST_118,Electronics,469,4,01-02-2025,UP
4761,CUST_180,Books,3335,3,10-07-2025,Delhi
4762,CUST_205,Books,4405,1,18-08-2025,UP
4763,CUST_162,Home Decor,1807,5,21-02-2025,Rajasthan
4764,CUST_241,Clothing,4095,1,20-02-2025,Karnataka
4765,CUST_201,Clothing,3336,2,30-10-2025,UP
4766,CUST_272,Home Decor,3027,5,16-07-2025,Delhi
4767,CUST_167,Clothing,4908,3,09-05-2025,Rajasthan
4768,CUST_227,Books,975,4,21-09-2025,UP
4769,CUST_126,Home Decor,4864,1,11-04-2025,Delhi
4770,CUST_199,Clothing,3795,5,10-09-2025,UP
4771,CUST_232,Books,802,4,19-03-2025,Rajasthan
4772,CUST_210,Clothing,3905,4,10-03-2025,Karnataka
4773,CUST_173,Home Decor,4072,4,26-03-2025,UP
4774,CUST_157,Books,3548,3,10-03-2025,Rajasthan
4775,CUST_132,Electronics,2296,2,23-06-2025,Delhi
4776,CUST_151,Clothing,1803,4,08-03-2025,Delhi
4777,CUST_126,Electronics,154,1,03-09-2025,Mumbai
4778,CUST_113,Electronics,2179,2,29-04-2025,Mumbai
4779,CUST_145,Books,897,2,16-03-2025,Rajasthan
4780,CUST_188,Home Decor,4309,5,10-09-2025,Rajasthan
4781,CUST_188,Books,1574,3,25-04-2025,Delhi
4782,CUST_203,Electronics,4454,5,18-10-2025,UP
4783,CUST_246,Books,4982,1,24-06-2025,Delhi
4784,CUST_223,Books,4901,2,12-02-2025,Karnataka
4785,CUST_129,Home Decor,4319,2,28-03-2025,Delhi
4786,CUST_270,Electronics,4329,4,29-12-2025,Karnataka
4787,CUST_209,Clothing,2539,5,12-06-2025,Delhi
4788,CUST_146,Books,3360,2,03-07-2025,Mumbai
4789,CUST_294,Clothing,2943,5,10-04-2025,UP
4790,CUST_178,Books,4872,2,09-05-2025,Rajasthan
4791,CUST_295,Electronics,4561,3,18-03-2025,UP
4792,CUST_139,Electronics,3056,5,25-03-2025,Rajasthan
4793,CUST_118,Home Decor,346,1,10-07-2025,Rajasthan
4794,CUST_155,Home Decor,186,4,05-11-2025,Karnataka
4795,CUST_260,Books,2412,1,20-07-2025,Karnataka
4796,CUST_287,Clothing,777,1,04-05-2025,Delhi
4797,CUST_248,Electronics,3209,2,11-10-2025,UP
4798,CUST_235,Home Decor,1213,1,29-06-2025,Mumbai
4799,CUST_188,Home Decor,4729,5,05-04-2025,Delhi
4800,CUST_199,Electronics,4959,1,30-03-2025,UP
4801,CUST_245,Books,3229,2,03-09-2025,Mumbai
4802,CUST_178,Clothing,3393,3,02-09-2025,Karnataka
4803,CUST_239,Books,2973,1,07-11-2025,UP
4804,CUST_263,Books,869,5,06-05-2025,UP
4805,CUST_140,Clothing,635,5,06-06-2025,UP
4806,CUST_237,Electronics,877,4,30-03-2025,Rajasthan
4807,CUST_269,Electronics,1394,3,23-06-2025,Mumbai
4808,CUST_217,Books,762,1,05-12-2025,UP
4809,CUST_210,Electronics,425,1,20-01-2025,Rajasthan
4810,CUST_156,Books,4880,3,13-10-2025,Delhi
4811,CUST_250,Home Decor,282,1,20-05-2025,Delhi
4812,CUST_233,Books,4964,4,01-12-2025,Mumbai
4813,CUST_293,Books,4446,3,29-12-2025,Karnataka
4814,CUST_184,Home Decor,1599,1,30-07-2025,Mumbai
4815,CUST_256,Electronics,1005,4,02-10-2025,Mumbai
4816,CUST_160,Home Decor,4799,1,16-07-2025,Karnataka
4817,CUST_126,Electronics,1542,5,02-05-2025,Rajasthan
4818,CUST_260,Books,1081,3,03-09-2025,Rajasthan
4819,CUST_171,Electronics,4016,5,14-02-2025,Mumbai
4820,CUST_201,Clothing,2644,5,09-04-2025,Delhi
4821,CUST_256,Books,4658,3,07-11-2025,Mumbai
4822,CUST_191,Clothing,391,2,25-05-2025,Delhi
4823,CUST_111,Books,4982,2,25-03-2025,UP
4824,CUST_146,Electronics,3826,1,16-03-2025,UP
4825,CUST_149,Electronics,3562,5,20-04-2025,Karnataka
4826,CUST_243,Home Decor,894,4,06-10-2025,Karnataka
4827,CUST_210,Home Decor,1217,5,07-06-2025,Karnataka
4828,CUST_263,Electronics,282,1,22-10-2025,Mumbai
4829,CUST_259,Electronics,2046,2,22-08-2025,Delhi
4830,CUST_138,Home Decor,2851,1,11-07-2025,Delhi
4831,CUST_278,Clothing,4401,5,29-06-2025,Mumbai
4832,CUST_269,Books,4002,2,17-06-2025,Mumbai
4833,CUST_254,Home Decor,3120,4,21-02-2025,UP
4834,CUST_177,Home Decor,4338,5,30-08-2025,Karnataka
4835,CUST_145,Books,1990,4,07-09-2025,Delhi
4836,CUST_252,Home Decor,2043,4,19-12-2025,UP
4837,CUST_299,Books,2486,4,01-01-2025,Rajasthan
4838,CUST_256,Electronics,4377,1,30-04-2025,UP
4839,CUST_290,Books,2941,3,23-09-2025,Delhi
4840,CUST_104,Books,2950,5,19-02-2025,Karnataka
4841,CUST_141,Clothing,4457,5,10-12-2025,Rajasthan
4842,CUST_244,Home Decor,4020,3,16-10-2025,Karnataka
4843,CUST_246,Home Decor,3381,5,03-04-2025,Mumbai
4844,CUST_163,Home Decor,4205,2,15-12-2025,Delhi
4845,CUST_155,Electronics,1148,4,22-12-2025,Rajasthan
4846,CUST_177,Clothing,2672,4,03-12-2025,Delhi
4847,CUST_106,Books,1760,4,02-10-2025,Karnataka
4848,CUST_294,Electronics,4677,3,15-08-2025,Karnataka
4849,CUST_191,Clothing,4072,1,03-10-2025,Karnataka
4850,CUST_224,Books,207,4,15-10-2025,UP
4851,CUST_145,Books,1908,2,21-02-2025,Rajasthan
4852,CUST_268,Home Decor,4892,5,26-12-2025,Karnataka
4853,CUST_289,Electronics,1227,1,27-12-2025,Rajasthan
4854,CUST_121,Books,4132,4,01-11-2025,Karnataka
4855,CUST_128,Electronics,811,2,23-04-2025,Delhi
4856,CUST_283,Home Decor,545,5,03-06-2025,Rajasthan
4857,CUST_113,Electronics,2716,2,05-02-2025,Mumbai
4858,CUST_116,Home Decor,2419,2,24-03-2025,Rajasthan
4859,CUST_107,Clothing,1561,4,24-11-2025,Rajasthan
4860,CUST_153,Electronics,4406,4,20-08-2025,Mumbai
4861,CUST_250,Clothing,1489,2,15-11-2025,Rajasthan
4862,CUST_200,Home Decor,4539,4,08-04-2025,Rajasthan
4863,CUST_258,Electronics,586,4,16-07-2025,UP
4864,CUST_250,Books,1198,3,01-11-2025,Karnataka
4865,CUST_145,Electronics,4180,5,05-02-2025,Karnataka
4866,CUST_159,Books,1153,2,28-01-2025,Mumbai
4867,CUST_117,Home Decor,1849,5,18-06-2025,UP
4868,CUST_132,Home Decor,4946,3,03-11-2025,Delhi
4869,CUST_155,Home Decor,4308,3,20-09-2025,UP
4870,CUST_138,Electronics,3283,2,20-07-2025,Karnataka
4871,CUST_244,Books,3142,3,04-04-2025,Rajasthan
4872,CUST_169,Electronics,3843,5,18-05-2025,Karnataka
4873,CUST_200,Home Decor,1562,2,17-02-2025,UP
4874,CUST_280,Electronics,2962,5,02-09-2025,Rajasthan
4875,CUST_216,Home Decor,3289,2,24-03-2025,Karnataka
4876,CUST_116,Home Decor,4782,3,05-01-2025,UP
4877,CUST_181,Electronics,4699,2,17-10-2025,UP
4878,CUST_191,Books,636,4,14-11-2025,Delhi
4879,CUST_130,Books,1736,3,13-10-2025,Mumbai
4880,CUST_225,Electronics,4904,1,18-04-2025,Rajasthan
4881,CUST_236,Clothing,700,1,03-09-2025,Rajasthan
4882,CUST_246,Clothing,2721,5,27-07-2025,Delhi
4883,CUST_210,Electronics,685,3,28-09-2025,UP
4884,CUST_275,Electronics,975,1,08-12-2025,Rajasthan
4885,CUST_154,Books,4198,1,14-05-2025,Rajasthan
4886,CUST_190,Home Decor,120,3,17-03-2025,UP
4887,CUST_163,Home Decor,3920,4,11-11-2025,Mumbai
4888,CUST_262,Home Decor,885,4,18-02-2025,Delhi
4889,CUST_167,Books,1587,2,13-05-2025,Karnataka
4890,CUST_286,Home Decor,2374,2,23-02-2025,Delhi
4891,CUST_268,Clothing,3944,5,02-03-2025,Mumbai
4892,CUST_128,Books,1766,5,12-11-2025,Rajasthan
4893,CUST_177,Books,3352,3,16-07-2025,Delhi
4894,CUST_196,Books,3804,5,24-11-2025,Delhi
4895,CUST_268,Home Decor,1327,1,19-09-2025,Mumbai
4896,CUST_155,Clothing,2692,1,01-10-2025,Delhi
4897,CUST_206,Books,1112,3,17-06-2025,Mumbai
4898,CUST_276,Books,2140,2,13-08-2025,UP
4899,CUST_297,Books,2780,1,30-03-2025,Delhi
4900,CUST_256,Books,2863,1,02-05-2025,Delhi
4901,CUST_167,Clothing,2664,2,30-07-2025,Rajasthan
4902,CUST_113,Home Decor,1615,1,17-05-2025,Rajasthan
4903,CUST_163,Home Decor,1444,2,29-07-2025,Delhi
4904,CUST_127,Electronics,1765,5,09-06-2025,Rajasthan
4905,CUST_214,Home Decor,2155,3,05-07-2025,Rajasthan
4906,CUST_247,Books,181,5,23-07-2025,Karnataka
4907,CUST_161,Books,252,2,11-04-2025,Karnataka
4908,CUST_147,Home Decor,2407,1,19-06-2025,Delhi
4909,CUST_283,Books,2677,3,11-10-2025,Rajasthan
4910,CUST_220,Home Decor,3429,3,03-07-2025,Delhi
4911,CUST_261,Home Decor,2429,2,04-10-2025,Delhi
4912,CUST_122,Electronics,4708,2,25-10-2025,Mumbai
4913,CUST_100,Home Decor,1876,1,25-11-2025,UP
4914,CUST_212,Books,1070,5,22-11-2025,Karnataka
4915,CUST_239,Home Decor,3037,3,26-06-2025,Mumbai
4916,CUST_174,Clothing,1809,5,10-09-2025,UP
4917,CUST_261,Home Decor,467,5,24-12-2025,Mumbai
4918,CUST_248,Electronics,1436,4,09-05-2025,UP
4919,CUST_163,Clothing,4744,4,31-10-2025,Mumbai
4920,CUST_159,Clothing,4494,3,29-04-2025,Karnataka
4921,CUST_143,Books,1377,3,12-12-2025,Mumbai
4922,CUST_118,Clothing,2534,3,16-07-2025,Karnataka
4923,CUST_203,Home Decor,703,5,16-10-2025,Mumbai
4924,CUST_208,Clothing,4253,4,09-08-2025,Rajasthan
4925,CUST_197,Books,4732,5,13-01-2025,Mumbai
4926,CUST_259,Home Decor,3542,5,25-07-2025,Mumbai
4927,CUST_230,Books,2159,4,27-09-2025,Mumbai
4928,CUST_101,Clothing,778,5,30-09-2025,Rajasthan
4929,CUST_187,Books,4790,1,08-12-2025,Rajasthan
4930,CUST_263,Home Decor,227,5,11-11-2025,UP
4931,CUST_173,Clothing,4937,3,23-05-2025,Mumbai
4932,CUST_157,Home Decor,541,4,01-09-2025,Mumbai
4933,CUST_147,Electronics,364,4,19-10-2025,Delhi
4934,CUST_136,Electronics,3056,2,30-05-2025,Rajasthan
4935,CUST_253,Electronics,2891,2,16-08-2025,Mumbai
4936,CUST_129,Clothing,1559,5,18-03-2025,Rajasthan
4937,CUST_236,Home Decor,490,5,09-01-2025,Delhi
4938,CUST_160,Electronics,664,5,24-07-2025,Delhi
4939,CUST_129,Electronics,1726,1,11-07-2025,UP
4940,CUST_160,Home Decor,2938,2,28-10-2025,UP
4941,CUST_102,Home Decor,4193,3,20-07-2025,Rajasthan
4942,CUST_188,Books,1432,2,09-03-2025,Mumbai
4943,CUST_104,Clothing,3269,4,27-11-2025,Karnataka
4944,CUST_255,Books,3886,5,04-03-2025,Karnataka
4945,CUST_238,Books,1428,3,22-07-2025,Delhi
4946,CUST_182,Home Decor,2549,4,20-09-2025,Karnataka
4947,CUST_275,Electronics,3391,2,20-01-2025,Mumbai
4948,CUST_221,Electronics,1173,4,14-08-2025,Karnataka
4949,CUST_199,Electronics,1604,4,01-12-2025,UP
4950,CUST_166,Electronics,568,1,02-06-2025,Rajasthan
4951,CUST_268,Electronics,252,4,29-08-2025,Mumbai
4952,CUST_258,Clothing,2223,2,09-12-2025,Karnataka
4953,CUST_135,Home Decor,3752,1,11-11-2025,Mumbai
4954,CUST_271,Electronics,2155,2,18-07-2025,Rajasthan
4955,CUST_247,Clothing,4862,5,07-11-2025,Karnataka
4956,CUST_122,Home Decor,594,1,19-09-2025,UP
4957,CUST_102,Books,1151,4,20-06-2025,Mumbai
4958,CUST_292,Clothing,1678,3,16-10-2025,UP
4959,CUST_149,Home Decor,4626,2,03-07-2025,Delhi
4960,CUST_299,Books,576,5,31-05-2025,Rajasthan
4961,CUST_295,Home Decor,3835,1,25-05-2025,Rajasthan
4962,CUST_232,Books,2168,4,16-11-2025,Mumbai
4963,CUST_136,Clothing,4901,3,23-11-2025,Karnataka
4964,CUST_250,Clothing,704,1,26-05-2025,Rajasthan
4965,CUST_290,Home Decor,4890,2,11-01-2025,Delhi
4966,CUST_177,Electronics,2464,4,22-09-2025,UP
4967,CUST_181,Clothing,442,3,08-04-2025,Rajasthan
4968,CUST_241,Clothing,3651,4,22-05-2025,Karnataka
4969,CUST_160,Home Decor,1489,3,28-05-2025,Delhi
4970,CUST_180,Clothing,1608,5,14-03-2025,Rajasthan
4971,CUST_117,Books,1565,1,24-12-2025,Rajasthan
4972,CUST_258,Books,2097,1,06-04-2025,Mumbai
4973,CUST_128,Electronics,111,3,28-11-2025,Karnataka
4974,CUST_154,Home Decor,3089,3,30-08-2025,Karnataka
4975,CUST_161,Clothing,4936,5,20-07-2025,Karnataka
4976,CUST_202,Clothing,3240,5,21-09-2025,UP
4977,CUST_271,Books,2370,2,27-05-2025,Mumbai
4978,CUST_297,Home Decor,1255,1,18-04-2025,Karnataka
4979,CUST_157,Clothing,4416,5,30-01-2025,Rajasthan
4980,CUST_150,Electronics,1255,4,03-10-2025,UP
4981,CUST_239,Electronics,468,1,29-06-2025,Delhi
4982,CUST_283,Clothing,1052,5,27-07-2025,Rajasthan
4983,CUST_217,Home Decor,1053,5,07-10-2025,UP
4984,CUST_203,Electronics,2480,4,25-04-2025,Mumbai
4985,CUST_111,Home Decor,1336,1,27-07-2025,UP
4986,CUST_202,Clothing,1834,3,24-02-2025,Karnataka
4987,CUST_121,Books,2057,2,11-05-2025,Karnataka
4988,CUST_255,Clothing,4107,4,12-09-2025,Mumbai
4989,CUST_174,Books,1572,3,26-08-2025,Karnataka
4990,CUST_214,Books,4231,1,13-03-2025,Delhi
4991,CUST_109,Electronics,2330,5,03-08-2025,Rajasthan
4992,CUST_129,Home Decor,4906,1,05-06-2025,Delhi
4993,CUST_165,Books,4480,1,01-03-2025,Karnataka
4994,CUST_140,Electronics,813,5,19-11-2025,Karnataka
4995,CUST_255,Books,3825,4,29-03-2025,Karnataka
4996,CUST_259,Electronics,4053,2,29-03-2025,UP
4997,CUST_113,Home Decor,326,2,14-12-2025,Delhi
4998,CUST_113,Home Decor,526,4,28-01-2025,UP
4999,CUST_163,Clothing,3048,1,06-06-2025,Rajasthan
5000,CUST_210,Electronics,2859,5,09-03-2025,Mumbai
5001,CUST_165,Books,3748,3,30-09-2025,Delhi
5002,CUST_281,Electronics,2249,2,27-03-2025,Karnataka
5003,CUST_275,Electronics,4974,4,31-07-2025,UP
5004,CUST_213,Home Decor,1115,1,12-07-2025,Karnataka
5005,CUST_204,Electronics,858,3,20-07-2025,Mumbai
5006,CUST_105,Electronics,2344,1,02-10-2025,Karnataka
5007,CUST_143,Clothing,3910,4,25-06-2025,Delhi
5008,CUST_212,Home Decor,2885,4,29-08-2025,Mumbai
5009,CUST_294,Home Decor,3130,1,08-06-2025,Karnataka
5010,CUST_234,Clothing,1654,1,27-08-2025,Mumbai
5011,CUST_166,Electronics,4662,4,23-04-2025,Karnataka
5012,CUST_263,Home Decor,543,5,27-05-2025,Rajasthan
5013,CUST_157,Clothing,924,4,15-06-2025,Karnataka
5014,CUST_132,Home Decor,2762,1,27-01-2025,UP
5015,CUST_192,Clothing,2189,2,25-10-2025,Delhi
5016,CUST_192,Books,1890,3,04-06-2025,Delhi
5017,CUST_225,Books,3261,4,28-07-2025,Mumbai
5018,CUST_191,Books,124,3,18-06-2025,Mumbai
5019,CUST_206,Electronics,2122,3,12-11-2025,Rajasthan
5020,CUST_243,Clothing,1855,3,26-12-2025,Delhi
5021,CUST_181,Electronics,4942,5,03-10-2025,Delhi
5022,CUST_130,Books,2539,4,23-05-2025,UP
5023,CUST_235,Clothing,2386,4,05-06-2025,Delhi
5024,CUST_116,Clothing,1827,2,06-11-2025,Karnataka
5025,CUST_300,Home Decor,2870,5,12-01-2025,Karnataka
5026,CUST_216,Electronics,1440,4,03-04-2025,Karnataka
5027,CUST_205,Home Decor,2339,1,16-05-2025,Mumbai
5028,CUST_228,Electronics,4641,1,30-08-2025,Karnataka
5029,CUST_173,Clothing,1927,2,15-03-2025,Mumbai
5030,CUST_179,Clothing,4266,3,14-02-2025,Mumbai
5031,CUST_248,Electronics,3477,4,21-01-2025,Karnataka
5032,CUST_279,Clothing,2270,4,10-05-2025,Mumbai
5033,CUST_175,Home Decor,3923,1,01-01-2025,Delhi
5034,CUST_287,Home Decor,4789,4,11-09-2025,Rajasthan
5035,CUST_218,Electronics,4616,4,17-01-2025,Mumbai
5036,CUST_143,Clothing,4789,4,24-05-2025,Delhi
5037,CUST_229,Clothing,895,3,25-02-2025,Karnataka
5038,CUST_299,Clothing,3542,1,11-01-2025,Karnataka
5039,CUST_224,Clothing,4190,5,22-05-2025,UP
5040,CUST_289,Home Decor,4010,4,01-05-2025,UP
5041,CUST_240,Home Decor,4632,1,28-04-2025,UP
5042,CUST_226,Home Decor,545,3,24-05-2025,Rajasthan
5043,CUST_237,Clothing,144,3,19-12-2025,Mumbai
5044,CUST_237,Home Decor,114,5,11-04-2025,Mumbai
5045,CUST_278,Electronics,1063,5,14-11-2025,UP
5046,CUST_193,Books,1455,2,09-05-2025,Mumbai
5047,CUST_114,Electronics,764,4,14-10-2025,Rajasthan
5048,CUST_181,Books,391,5,06-06-2025,Mumbai
5049,CUST_187,Clothing,4255,5,07-01-2025,Karnataka
5050,CUST_131,Books,4319,2,22-08-2025,Mumbai
5051,CUST_267,Clothing,2866,5,23-10-2025,UP
5052,CUST_221,Clothing,3594,2,12-07-2025,Karnataka
5053,CUST_109,Clothing,3583,1,10-06-2025,Rajasthan
5054,CUST_236,Electronics,2814,4,22-12-2025,Karnataka
5055,CUST_279,Electronics,3997,5,01-01-2025,Karnataka
5056,CUST_212,Clothing,1774,2,29-11-2025,Mumbai
5057,CUST_291,Home Decor,3371,2,02-10-2025,UP
5058,CUST_264,Books,3243,1,18-06-2025,Rajasthan
5059,CUST_113,Home Decor,3881,1,06-02-2025,Rajasthan
5060,CUST_175,Home Decor,1347,3,15-01-2025,Mumbai
5061,CUST_202,Home Decor,2480,4,14-09-2025,Rajasthan
5062,CUST_272,Clothing,394,2,31-07-2025,Mumbai
5063,CUST_109,Clothing,151,3,29-11-2025,Mumbai
5064,CUST_288,Home Decor,584,1,08-11-2025,UP
5065,CUST_251,Books,4788,1,14-08-2025,Delhi
5066,CUST_131,Electronics,3083,2,22-03-2025,Delhi
5067,CUST_185,Books,1322,4,13-08-2025,Rajasthan
5068,CUST_108,Clothing,1364,4,25-11-2025,Karnataka
5069,CUST_231,Electronics,1946,1,23-11-2025,Mumbai
5070,CUST_254,Home Decor,3939,1,09-02-2025,Mumbai
5071,CUST_278,Clothing,4831,5,15-10-2025,UP
5072,CUST_160,Clothing,4634,4,29-03-2025,Mumbai
5073,CUST_162,Books,256,2,18-01-2025,Rajasthan
5074,CUST_215,Electronics,4421,5,31-07-2025,UP
5075,CUST_178,Books,4651,5,24-09-2025,Rajasthan
5076,CUST_122,Home Decor,3290,5,25-04-2025,Rajasthan
5077,CUST_166,Electronics,3727,4,05-04-2025,Mumbai
5078,CUST_250,Clothing,827,3,28-02-2025,Rajasthan
5079,CUST_167,Electronics,1673,2,07-12-2025,Delhi
5080,CUST_283,Home Decor,2911,1,01-11-2025,Delhi
5081,CUST_295,Electronics,4929,3,09-01-2025,Karnataka
5082,CUST_119,Clothing,111,2,30-12-2025,Karnataka
5083,CUST_292,Clothing,3421,1,26-03-2025,Karnataka
5084,CUST_269,Home Decor,3505,2,27-09-2025,Delhi
5085,CUST_241,Clothing,650,2,02-09-2025,Karnataka
5086,CUST_285,Electronics,2472,3,23-02-2025,UP
5087,CUST_194,Electronics,2581,1,18-05-2025,Karnataka
5088,CUST_149,Home Decor,142,1,27-01-2025,UP
5089,CUST_231,Home Decor,1651,3,05-01-2025,Mumbai
5090,CUST_113,Books,2161,4,13-11-2025,Rajasthan
5091,CUST_243,Books,2546,1,13-02-2025,UP
5092,CUST_237,Clothing,1711,3,04-08-2025,Karnataka
5093,CUST_206,Electronics,1313,4,29-08-2025,Mumbai
5094,CUST_101,Books,878,1,01-02-2025,Mumbai
5095,CUST_278,Electronics,325,2,23-11-2025,UP
5096,CUST_107,Clothing,3044,2,25-02-2025,Karnataka
5097,CUST_208,Electronics,2953,1,06-05-2025,Rajasthan
5098,CUST_262,Clothing,3642,4,15-08-2025,Mumbai
5099,CUST_107,Home Decor,1220,2,11-08-2025,Rajasthan
5100,CUST_103,Electronics,4895,1,17-09-2025,UP
5101,CUST_234,Home Decor,1149,5,17-02-2025,Karnataka
5102,CUST_300,Clothing,751,3,06-02-2025,Rajasthan
5103,CUST_287,Home Decor,2365,1,02-01-2025,Mumbai
5104,CUST_151,Clothing,2469,3,02-04-2025,Karnataka
5105,CUST_144,Electronics,4114,2,30-12-2025,Delhi
5106,CUST_195,Home Decor,972,2,14-12-2025,Karnataka
5107,CUST_235,Clothing,2736,3,05-06-2025,Karnataka
5108,CUST_197,Home Decor,2010,1,09-01-2025,Rajasthan
5109,CUST_140,Books,753,4,02-09-2025,Delhi
5110,CUST_245,Books,2685,1,30-07-2025,Mumbai
5111,CUST_275,Home Decor,1712,1,29-06-2025,Rajasthan
5112,CUST_167,Home Decor,801,4,02-08-2025,Delhi
5113,CUST_296,Books,1661,3,26-05-2025,Rajasthan
5114,CUST_249,Clothing,3287,2,09-10-2025,Rajasthan
5115,CUST_181,Books,2819,4,25-11-2025,UP
5116,CUST_228,Books,1786,5,10-05-2025,Delhi
5117,CUST_167,Electronics,3204,4,06-08-2025,Delhi
5118,CUST_201,Books,2738,5,30-07-2025,UP
5119,CUST_274,Clothing,774,1,07-05-2025,Karnataka
5120,CUST_148,Home Decor,2800,5,24-09-2025,Karnataka
5121,CUST_254,Clothing,3906,1,11-02-2025,Mumbai
5122,CUST_275,Clothing,2078,2,28-03-2025,Rajasthan
5123,CUST_270,Electronics,4846,1,10-11-2025,Rajasthan
5124,CUST_107,Home Decor,1073,4,03-09-2025,Mumbai
5125,CUST_239,Electronics,114,5,22-04-2025,UP
5126,CUST_121,Electronics,307,5,01-09-2025,Mumbai
5127,CUST_179,Books,2562,4,20-05-2025,Mumbai
5128,CUST_210,Electronics,2218,2,05-12-2025,Rajasthan
5129,CUST_151,Books,1894,5,27-11-2025,Delhi
5130,CUST_118,Home Decor,4278,3,30-03-2025,Rajasthan
5131,CUST_165,Clothing,1583,3,14-07-2025,Mumbai
5132,CUST_241,Home Decor,3496,5,08-06-2025,Karnataka
5133,CUST_140,Clothing,4924,3,04-10-2025,Rajasthan
5134,CUST_171,Electronics,614,2,13-05-2025,Mumbai
5135,CUST_167,Books,2779,4,26-11-2025,Karnataka
5136,CUST_169,Clothing,4974,2,01-10-2025,UP
5137,CUST_297,Clothing,4772,4,21-11-2025,Rajasthan
5138,CUST_232,Electronics,3415,4,26-09-2025,Delhi
5139,CUST_109,Home Decor,2322,1,29-04-2025,Delhi
5140,CUST_279,Clothing,1282,2,27-06-2025,UP
5141,CUST_112,Home Decor,2239,5,02-04-2025,Delhi
5142,CUST_101,Home Decor,2648,2,30-08-2025,Karnataka
5143,CUST_251,Electronics,1491,1,20-07-2025,Rajasthan
5144,CUST_107,Electronics,3645,1,23-07-2025,Karnataka
5145,CUST_141,Books,1438,4,31-10-2025,Mumbai
5146,CUST_105,Electronics,4305,2,13-01-2025,UP
5147,CUST_272,Books,625,4,10-10-2025,Rajasthan
5148,CUST_124,Electronics,4084,5,27-04-2025,Rajasthan
5149,CUST_160,Clothing,3888,1,02-02-2025,Karnataka
5150,CUST_270,Clothing,3413,4,30-06-2025,Rajasthan
5151,CUST_159,Books,3789,2,08-03-2025,UP
5152,CUST_150,Books,2161,1,08-07-2025,Mumbai
5153,CUST_146,Books,4022,3,18-09-2025,Karnataka
5154,CUST_228,Books,957,5,11-01-2025,Rajasthan
5155,CUST_161,Books,1508,2,14-05-2025,Rajasthan
5156,CUST_116,Books,3111,5,19-06-2025,Karnataka
5157,CUST_115,Electronics,2212,2,11-04-2025,Rajasthan
5158,CUST_292,Clothing,366,1,13-01-2025,UP
5159,CUST_284,Home Decor,2930,1,02-02-2025,Karnataka
5160,CUST_202,Electronics,3873,1,05-04-2025,Mumbai
5161,CUST_149,Electronics,2718,3,02-07-2025,Rajasthan
5162,CUST_261,Clothing,4478,4,10-06-2025,Mumbai
5163,CUST_293,Clothing,217,4,05-04-2025,Delhi
5164,CUST_110,Books,2886,3,28-08-2025,Delhi
5165,CUST_206,Clothing,4885,1,27-03-2025,UP
5166,CUST_172,Electronics,4625,1,14-07-2025,UP
5167,CUST_263,Home Decor,2695,4,21-01-2025,Karnataka
5168,CUST_149,Electronics,4939,2,29-09-2025,Delhi
5169,CUST_119,Books,4292,1,28-04-2025,Delhi
5170,CUST_141,Home Decor,4144,5,12-10-2025,Mumbai
5171,CUST_279,Electronics,3076,5,12-12-2025,Delhi
5172,CUST_261,Books,4727,5,16-11-2025,Mumbai
5173,CUST_268,Home Decor,1847,2,14-11-2025,Mumbai
5174,CUST_132,Clothing,1297,4,31-10-2025,Karnataka
5175,CUST_172,Clothing,4969,3,20-04-2025,Mumbai
5176,CUST_116,Clothing,537,1,15-07-2025,Karnataka
5177,CUST_113,Books,3839,3,14-09-2025,Delhi
5178,CUST_279,Books,355,5,05-06-2025,UP
5179,CUST_179,Home Decor,234,4,02-06-2025,Karnataka
5180,CUST_149,Clothing,184,1,18-07-2025,Karnataka
5181,CUST_174,Electronics,2216,1,11-12-2025,Rajasthan
5182,CUST_207,Clothing,4702,3,31-07-2025,UP
5183,CUST_246,Electronics,3384,5,30-05-2025,Delhi
5184,CUST_253,Electronics,1167,3,17-09-2025,Karnataka
5185,CUST_177,Clothing,538,3,17-05-2025,Delhi
5186,CUST_248,Clothing,4538,3,27-04-2025,Rajasthan
5187,CUST_166,Home Decor,2995,1,17-01-2025,Mumbai
5188,CUST_104,Electronics,1559,2,04-08-2025,Karnataka
5189,CUST_188,Clothing,1211,3,24-10-2025,Mumbai
5190,CUST_133,Clothing,468,5,14-12-2025,Mumbai
5191,CUST_217,Clothing,4600,5,11-12-2025,Delhi
5192,CUST_163,Home Decor,1354,1,01-11-2025,UP
5193,CUST_113,Clothing,908,5,05-04-2025,Delhi
5194,CUST_132,Home Decor,4024,1,12-10-2025,Delhi
5195,CUST_141,Books,1286,5,07-04-2025,Mumbai
5196,CUST_268,Clothing,1123,2,04-09-2025,Karnataka
5197,CUST_112,Clothing,4612,1,18-09-2025,Karnataka
5198,CUST_161,Electronics,3584,2,12-08-2025,Delhi
5199,CUST_189,Home Decor,2425,2,11-02-2025,Delhi
5200,CUST_282,Electronics,585,1,22-10-2025,UP
5201,CUST_130,Electronics,4959,4,05-02-2025,Delhi
5202,CUST_174,Electronics,3438,2,06-08-2025,UP
5203,CUST_106,Clothing,2062,1,18-11-2025,Karnataka
5204,CUST_112,Electronics,654,5,20-09-2025,Rajasthan
5205,CUST_104,Books,3974,1,08-03-2025,UP
5206,CUST_251,Books,4153,3,01-11-2025,Rajasthan
5207,CUST_111,Home Decor,1530,5,10-08-2025,Karnataka
5208,CUST_165,Clothing,2479,5,03-07-2025,Karnataka
5209,CUST_175,Books,1575,3,16-03-2025,Delhi
5210,CUST_148,Clothing,4069,4,05-02-2025,Karnataka
5211,CUST_274,Books,3318,4,12-12-2025,Karnataka
5212,CUST_103,Home Decor,3534,1,23-06-2025,Rajasthan
5213,CUST_208,Electronics,3676,1,17-10-2025,Delhi
5214,CUST_228,Clothing,2197,1,24-07-2025,Mumbai
5215,CUST_300,Home Decor,3837,3,18-03-2025,UP
5216,CUST_248,Clothing,3418,4,18-09-2025,Delhi
5217,CUST_177,Clothing,1970,1,20-01-2025,UP
5218,CUST_182,Home Decor,2194,5,28-05-2025,UP
5219,CUST_159,Electronics,2572,1,18-07-2025,UP
5220,CUST_296,Electronics,2810,3,06-09-2025,Karnataka
5221,CUST_232,Electronics,1904,1,23-06-2025,Karnataka
5222,CUST_156,Home Decor,2395,1,19-10-2025,Karnataka
5223,CUST_160,Home Decor,3360,3,19-08-2025,UP
5224,CUST_285,Clothing,1007,4,11-05-2025,UP
5225,CUST_183,Books,3231,2,02-10-2025,UP
5226,CUST_284,Clothing,758,3,18-05-2025,Delhi
5227,CUST_259,Home Decor,3851,2,30-04-2025,Karnataka
5228,CUST_115,Clothing,4965,5,23-11-2025,Mumbai
5229,CUST_107,Home Decor,4394,4,12-01-2025,Rajasthan
5230,CUST_210,Books,1688,2,10-03-2025,UP
5231,CUST_148,Electronics,4139,5,03-11-2025,Delhi
5232,CUST_127,Books,3775,2,06-04-2025,Karnataka
5233,CUST_197,Clothing,4764,2,16-10-2025,UP
5234,CUST_234,Home Decor,1115,1,07-06-2025,UP
5235,CUST_201,Clothing,4474,2,12-06-2025,Karnataka
5236,CUST_221,Electronics,2287,2,08-02-2025,Mumbai
5237,CUST_259,Clothing,768,2,15-09-2025,Mumbai
5238,CUST_244,Books,4376,3,22-08-2025,Delhi
5239,CUST_153,Books,3430,3,03-04-2025,Mumbai
5240,CUST_115,Clothing,4359,2,22-03-2025,UP
5241,CUST_263,Clothing,2565,3,27-03-2025,Delhi
5242,CUST_239,Electronics,1724,2,29-12-2025,Karnataka
5243,CUST_111,Books,1424,3,13-06-2025,Delhi
5244,CUST_295,Home Decor,4696,4,08-08-2025,Mumbai
5245,CUST_204,Books,123,3,07-02-2025,Rajasthan
5246,CUST_297,Electronics,4041,2,05-03-2025,Delhi
5247,CUST_115,Books,4162,1,30-12-2025,UP
5248,CUST_208,Home Decor,934,1,23-05-2025,Rajasthan
5249,CUST_131,Home Decor,2976,2,14-06-2025,UP
5250,CUST_258,Clothing,3321,5,30-08-2025,Rajasthan
5251,CUST_255,Clothing,788,4,15-02-2025,Mumbai
5252,CUST_192,Books,3344,2,21-03-2025,UP
5253,CUST_254,Books,1483,5,01-09-2025,Rajasthan
5254,CUST_129,Books,3435,1,16-05-2025,Mumbai
5255,CUST_268,Clothing,1374,4,18-01-2025,Rajasthan
5256,CUST_250,Clothing,2742,2,28-02-2025,UP
5257,CUST_140,Electronics,658,3,06-07-2025,Rajasthan
5258,CUST_153,Books,1742,1,26-02-2025,UP
5259,CUST_119,Clothing,2417,1,27-10-2025,Karnataka
5260,CUST_136,Electronics,2595,3,04-03-2025,UP
5261,CUST_270,Clothing,4302,2,10-03-2025,Delhi
5262,CUST_176,Home Decor,3939,1,20-06-2025,Karnataka
5263,CUST_231,Books,1879,3,02-07-2025,Rajasthan
5264,CUST_234,Books,4186,4,21-11-2025,Rajasthan
5265,CUST_125,Electronics,4848,4,01-04-2025,Delhi
5266,CUST_115,Home Decor,4474,2,23-04-2025,UP
5267,CUST_256,Clothing,1645,2,29-08-2025,Rajasthan
5268,CUST_166,Home Decor,3115,2,05-04-2025,Delhi
5269,CUST_149,Electronics,4465,5,16-01-2025,UP
5270,CUST_219,Home Decor,2592,1,09-12-2025,Delhi
5271,CUST_195,Home Decor,1085,3,22-03-2025,Delhi
5272,CUST_198,Home Decor,3149,1,05-01-2025,UP
5273,CUST_227,Electronics,4557,4,05-09-2025,Rajasthan
5274,CUST_113,Clothing,2607,1,07-06-2025,Rajasthan
5275,CUST_244,Home Decor,2839,5,12-06-2025,Rajasthan
5276,CUST_165,Electronics,3085,1,23-01-2025,UP
5277,CUST_259,Electronics,3496,1,18-12-2025,Mumbai
5278,CUST_194,Clothing,4902,1,03-12-2025,Rajasthan
5279,CUST_269,Home Decor,1313,4,11-06-2025,Mumbai
5280,CUST_267,Electronics,956,5,05-04-2025,Mumbai
5281,CUST_169,Electronics,3616,2,04-06-2025,Karnataka
5282,CUST_161,Electronics,4642,1,07-07-2025,Rajasthan
5283,CUST_160,Clothing,500,1,07-06-2025,UP
5284,CUST_144,Electronics,2680,5,01-12-2025,UP
5285,CUST_185,Books,4005,4,02-11-2025,Mumbai
5286,CUST_155,Home Decor,627,4,06-03-2025,Delhi
5287,CUST_176,Clothing,3163,2,12-07-2025,UP
5288,CUST_172,Clothing,3917,3,09-04-2025,UP
5289,CUST_183,Home Decor,162,2,06-09-2025,Karnataka
5290,CUST_177,Electronics,2959,3,06-11-2025,Mumbai
5291,CUST_262,Electronics,1073,4,27-05-2025,UP
5292,CUST_105,Books,759,5,09-07-2025,UP
5293,CUST_190,Home Decor,4641,1,30-05-2025,Mumbai
5294,CUST_278,Clothing,4651,2,14-04-2025,Rajasthan
5295,CUST_225,Electronics,2041,5,03-12-2025,Delhi
5296,CUST_266,Home Decor,2441,2,22-08-2025,Mumbai
5297,CUST_196,Electronics,859,3,02-03-2025,UP
5298,CUST_144,Books,4949,5,01-08-2025,Karnataka
5299,CUST_128,Home Decor,2152,5,24-08-2025,Mumbai
5300,CUST_190,Electronics,995,3,27-05-2025,Karnataka
5301,CUST_147,Home Decor,1854,3,08-05-2025,Mumbai
5302,CUST_214,Home Decor,2789,5,15-11-2025,Karnataka
5303,CUST_220,Clothing,2532,5,15-09-2025,Mumbai
5304,CUST_124,Clothing,1815,4,16-11-2025,Delhi
5305,CUST_184,Electronics,2838,3,23-02-2025,Delhi
5306,CUST_203,Electronics,3156,4,20-04-2025,Delhi
5307,CUST_106,Books,2463,5,29-06-2025,Mumbai
5308,CUST_174,Clothing,2100,3,28-09-2025,Rajasthan
5309,CUST_211,Clothing,3872,3,10-12-2025,Karnataka
5310,CUST_136,Electronics,1393,3,08-06-2025,Mumbai
5311,CUST_236,Books,3193,3,16-09-2025,Rajasthan
5312,CUST_236,Clothing,4169,5,07-08-2025,UP
5313,CUST_182,Books,672,5,02-09-2025,UP
5314,CUST_181,Home Decor,4850,1,28-04-2025,UP
5315,CUST_218,Electronics,2476,2,11-10-2025,UP
5316,CUST_164,Home Decor,273,2,07-09-2025,Rajasthan
5317,CUST_193,Books,1740,5,23-12-2025,Mumbai
5318,CUST_163,Books,1456,1,03-11-2025,UP
5319,CUST_106,Clothing,3640,5,15-07-2025,Karnataka
5320,CUST_191,Clothing,4883,2,18-03-2025,UP
5321,CUST_172,Electronics,3208,3,03-03-2025,UP
5322,CUST_248,Clothing,4862,1,01-04-2025,Rajasthan
5323,CUST_175,Books,2285,4,02-12-2025,Karnataka
5324,CUST_226,Home Decor,3117,1,23-05-2025,Mumbai
5325,CUST_243,Electronics,1691,5,04-04-2025,Karnataka
5326,CUST_185,Clothing,1565,1,04-05-2025,UP
5327,CUST_266,Electronics,4057,1,19-09-2025,Delhi
5328,CUST_155,Clothing,1089,3,27-05-2025,Mumbai
5329,CUST_232,Electronics,1509,1,20-09-2025,UP
5330,CUST_155,Home Decor,3281,5,27-01-2025,Mumbai
5331,CUST_199,Clothing,1315,1,02-04-2025,Karnataka
5332,CUST_113,Electronics,1260,1,18-12-2025,Rajasthan
5333,CUST_214,Electronics,4785,1,13-03-2025,Rajasthan
5334,CUST_285,Clothing,3678,3,20-04-2025,UP
5335,CUST_252,Home Decor,213,2,31-05-2025,Mumbai
5336,CUST_244,Clothing,1050,1,21-08-2025,Mumbai
5337,CUST_299,Clothing,3845,3,20-08-2025,Karnataka
5338,CUST_127,Electronics,436,3,20-10-2025,Delhi
5339,CUST_210,Home Decor,665,4,17-07-2025,Delhi
5340,CUST_155,Books,4923,3,08-09-2025,UP
5341,CUST_106,Clothing,3024,3,06-02-2025,Delhi
5342,CUST_254,Clothing,630,5,23-04-2025,Rajasthan
5343,CUST_238,Books,1710,2,07-04-2025,UP
5344,CUST_213,Home Decor,4650,1,14-07-2025,UP
5345,CUST_238,Clothing,3705,3,25-09-2025,Delhi
5346,CUST_203,Clothing,460,5,03-12-2025,Delhi
5347,CUST_174,Home Decor,3050,3,16-04-2025,UP
5348,CUST_131,Clothing,2707,5,25-10-2025,Delhi
5349,CUST_199,Clothing,2487,5,05-08-2025,UP
5350,CUST_255,Home Decor,4114,2,23-04-2025,UP
5351,CUST_281,Books,396,5,22-05-2025,UP
5352,CUST_267,Home Decor,2638,1,08-11-2025,Delhi
5353,CUST_221,Home Decor,2352,5,27-01-2025,Karnataka
5354,CUST_135,Home Decor,4434,3,13-09-2025,Rajasthan
5355,CUST_147,Home Decor,1059,1,03-03-2025,UP
5356,CUST_200,Clothing,2443,4,30-06-2025,Mumbai
5357,CUST_106,Home Decor,2594,5,30-12-2025,Rajasthan
5358,CUST_243,Electronics,3782,4,22-01-2025,Mumbai
5359,CUST_107,Electronics,4436,2,01-10-2025,Karnataka
5360,CUST_169,Electronics,1672,1,26-11-2025,UP
5361,CUST_233,Books,4374,3,03-01-2025,Mumbai
5362,CUST_278,Books,4739,4,07-08-2025,Karnataka
5363,CUST_103,Books,799,1,10-09-2025,UP
5364,CUST_253,Books,2147,4,12-06-2025,UP
5365,CUST_151,Home Decor,1974,4,24-05-2025,Delhi
5366,CUST_187,Books,3478,4,25-11-2025,UP
5367,CUST_235,Home Decor,3274,2,25-04-2025,Delhi
5368,CUST_252,Electronics,1505,4,28-11-2025,Delhi
5369,CUST_259,Clothing,1889,1,01-07-2025,Delhi
5370,CUST_256,Electronics,2970,2,22-06-2025,UP
5371,CUST_149,Home Decor,2947,3,07-09-2025,Karnataka
5372,CUST_298,Books,1361,1,26-12-2025,Delhi
5373,CUST_173,Home Decor,3411,2,24-08-2025,Mumbai
5374,CUST_196,Books,3690,3,08-03-2025,Rajasthan
5375,CUST_143,Books,3172,4,29-11-2025,Rajasthan
5376,CUST_250,Books,3624,1,20-11-2025,Delhi
5377,CUST_268,Electronics,822,1,09-11-2025,Mumbai
5378,CUST_296,Electronics,1273,3,07-01-2025,Karnataka
5379,CUST_101,Books,1006,2,01-11-2025,Delhi
5380,CUST_241,Books,2055,5,29-11-2025,Rajasthan
5381,CUST_250,Electronics,4792,5,08-10-2025,Rajasthan
5382,CUST_140,Clothing,362,1,17-12-2025,UP
5383,CUST_140,Books,559,2,03-03-2025,Karnataka
5384,CUST_263,Home Decor,2294,4,06-12-2025,Delhi
5385,CUST_102,Books,2534,1,01-10-2025,Rajasthan
5386,CUST_135,Home Decor,1467,2,31-01-2025,Karnataka
5387,CUST_102,Books,933,1,28-07-2025,Karnataka
5388,CUST_145,Clothing,3675,1,09-10-2025,Delhi
5389,CUST_102,Home Decor,4706,2,10-08-2025,Delhi
5390,CUST_117,Home Decor,1426,4,05-09-2025,Mumbai
5391,CUST_177,Electronics,1461,2,27-01-2025,Rajasthan
5392,CUST_145,Home Decor,2934,1,19-06-2025,UP
5393,CUST_262,Clothing,3315,1,10-01-2025,UP
5394,CUST_237,Home Decor,337,1,13-08-2025,Mumbai
5395,CUST_287,Books,4636,4,18-11-2025,Mumbai
5396,CUST_183,Clothing,2183,3,17-03-2025,Rajasthan
5397,CUST_167,Clothing,4184,5,20-08-2025,Mumbai
5398,CUST_188,Clothing,1601,2,20-04-2025,Delhi
5399,CUST_252,Books,3954,2,16-01-2025,Karnataka
5400,CUST_247,Home Decor,2874,2,19-07-2025,Rajasthan
5401,CUST_109,Clothing,1678,1,21-07-2025,UP
5402,CUST_264,Electronics,4199,1,09-10-2025,Delhi
5403,CUST_183,Books,4299,3,26-01-2025,Delhi
5404,CUST_180,Electronics,4341,3,07-05-2025,Mumbai
5405,CUST_221,Electronics,3862,3,16-09-2025,Delhi
5406,CUST_279,Books,581,1,29-12-2025,Mumbai
5407,CUST_121,Home Decor,3880,3,06-09-2025,Karnataka
5408,CUST_133,Books,2585,5,22-09-2025,Mumbai
5409,CUST_146,Clothing,4472,2,11-02-2025,Karnataka
5410,CUST_284,Clothing,831,2,17-03-2025,Rajasthan
5411,CUST_205,Home Decor,2868,1,13-07-2025,Delhi
5412,CUST_240,Home Decor,3273,1,27-04-2025,Delhi
5413,CUST_252,Clothing,3674,3,19-08-2025,Delhi
5414,CUST_155,Books,4142,3,16-01-2025,Rajasthan
5415,CUST_218,Electronics,4011,1,02-03-2025,UP
5416,CUST_177,Electronics,3517,3,31-07-2025,Mumbai
5417,CUST_277,Electronics,2979,4,16-05-2025,Rajasthan
5418,CUST_258,Electronics,2899,5,16-10-2025,Karnataka
5419,CUST_212,Electronics,1148,3,12-02-2025,Karnataka
5420,CUST_240,Electronics,1438,1,07-05-2025,Mumbai
5421,CUST_300,Electronics,2419,5,20-04-2025,UP
5422,CUST_175,Electronics,2846,1,26-01-2025,Delhi
5423,CUST_150,Books,3166,4,02-12-2025,Karnataka
5424,CUST_289,Electronics,1542,5,09-06-2025,Delhi
5425,CUST_268,Electronics,455,4,08-12-2025,UP
5426,CUST_197,Electronics,3916,3,06-09-2025,Delhi
5427,CUST_145,Home Decor,3435,4,18-07-2025,Rajasthan
5428,CUST_242,Clothing,3569,3,21-09-2025,Karnataka
5429,CUST_214,Books,4497,4,17-05-2025,UP
5430,CUST_127,Clothing,2962,1,05-12-2025,Delhi
5431,CUST_284,Home Decor,4086,5,21-07-2025,Mumbai
5432,CUST_252,Books,2963,5,01-11-2025,Mumbai
5433,CUST_180,Electronics,3592,4,17-05-2025,Delhi
5434,CUST_121,Home Decor,511,5,05-08-2025,Rajasthan
5435,CUST_175,Home Decor,3277,4,04-11-2025,Mumbai
5436,CUST_274,Books,4687,3,28-10-2025,Delhi
5437,CUST_157,Home Decor,913,2,17-09-2025,UP
5438,CUST_156,Clothing,3911,4,07-07-2025,Rajasthan
5439,CUST_275,Electronics,3004,5,11-09-2025,Mumbai
5440,CUST_248,Clothing,206,3,01-02-2025,Rajasthan
5441,CUST_206,Clothing,1950,4,20-05-2025,Delhi
5442,CUST_123,Clothing,899,3,04-02-2025,Rajasthan
5443,CUST_162,Books,2506,1,06-02-2025,Karnataka
5444,CUST_225,Books,3452,3,17-12-2025,UP
5445,CUST_178,Books,1880,3,17-03-2025,Rajasthan
5446,CUST_145,Books,3664,3,29-12-2025,UP
5447,CUST_255,Home Decor,3583,5,26-03-2025,UP
5448,CUST_197,Books,2880,1,29-07-2025,Delhi
5449,CUST_292,Books,1594,3,11-04-2025,Delhi
5450,CUST_110,Books,1995,3,19-04-2025,Delhi
5451,CUST_114,Clothing,3643,4,22-08-2025,UP
5452,CUST_226,Home Decor,2580,4,29-12-2025,Rajasthan
5453,CUST_288,Books,2697,2,29-08-2025,Rajasthan
5454,CUST_138,Electronics,3087,3,15-09-2025,UP
5455,CUST_282,Home Decor,4334,5,18-05-2025,Karnataka
5456,CUST_257,Electronics,142,3,20-08-2025,UP
5457,CUST_236,Clothing,602,1,18-05-2025,UP
5458,CUST_163,Clothing,2232,1,03-07-2025,Karnataka
5459,CUST_155,Clothing,1399,5,23-06-2025,UP
5460,CUST_204,Clothing,1030,5,15-01-2025,UP
5461,CUST_170,Electronics,1515,5,06-04-2025,Delhi
5462,CUST_284,Books,1089,4,20-10-2025,Delhi
5463,CUST_265,Electronics,4094,2,24-07-2025,Karnataka
5464,CUST_255,Home Decor,2857,2,21-02-2025,Rajasthan
5465,CUST_254,Electronics,2370,5,31-07-2025,Karnataka
5466,CUST_112,Home Decor,1265,3,20-12-2025,UP
5467,CUST_244,Electronics,425,4,11-01-2025,UP
5468,CUST_157,Clothing,3763,4,05-11-2025,Karnataka
5469,CUST_295,Clothing,3806,4,05-01-2025,Delhi
5470,CUST_214,Home Decor,4173,4,18-11-2025,Mumbai
5471,CUST_102,Home Decor,4575,3,07-01-2025,Rajasthan
5472,CUST_252,Home Decor,1645,2,16-02-2025,Rajasthan
5473,CUST_144,Books,3101,2,17-11-2025,UP
5474,CUST_180,Home Decor,1419,1,03-09-2025,Mumbai
5475,CUST_107,Clothing,710,4,19-11-2025,UP
5476,CUST_155,Clothing,1874,4,13-09-2025,Rajasthan
5477,CUST_192,Home Decor,1489,2,30-10-2025,Delhi
5478,CUST_234,Books,4948,4,19-02-2025,Mumbai
5479,CUST_209,Electronics,396,5,10-08-2025,Rajasthan
5480,CUST_266,Clothing,4657,4,26-01-2025,Mumbai
5481,CUST_271,Books,1267,4,15-03-2025,Mumbai
5482,CUST_162,Clothing,3805,3,29-11-2025,UP
5483,CUST_158,Home Decor,494,2,20-07-2025,Mumbai
5484,CUST_262,Electronics,3646,1,10-12-2025,Mumbai
5485,CUST_141,Clothing,1340,2,14-11-2025,Rajasthan
5486,CUST_199,Books,898,3,22-11-2025,Rajasthan
5487,CUST_282,Home Decor,1638,3,21-10-2025,Delhi
5488,CUST_272,Home Decor,1062,2,11-05-2025,Rajasthan
5489,CUST_248,Electronics,2098,2,17-08-2025,Karnataka
5490,CUST_128,Electronics,2146,5,24-09-2025,Karnataka
5491,CUST_294,Electronics,2906,4,31-01-2025,Rajasthan
5492,CUST_185,Books,1389,1,28-01-2025,Karnataka
5493,CUST_248,Clothing,4618,2,20-04-2025,Delhi
5494,CUST_295,Electronics,1317,4,25-06-2025,Rajasthan
5495,CUST_275,Books,3311,1,25-06-2025,Karnataka
5496,CUST_213,Books,2014,2,27-05-2025,Karnataka
5497,CUST_265,Clothing,4193,1,08-12-2025,UP
5498,CUST_149,Books,117,2,01-10-2025,Mumbai
5499,CUST_226,Home Decor,3048,5,20-07-2025,Rajasthan
5500,CUST_218,Clothing,4693,1,10-10-2025,Mumbai
5501,CUST_104,Electronics,739,1,30-04-2025,Delhi
5502,CUST_288,Electronics,1156,3,23-10-2025,Rajasthan
5503,CUST_110,Electronics,1309,1,27-06-2025,UP
5504,CUST_295,Home Decor,2125,1,01-07-2025,Delhi
5505,CUST_269,Electronics,3080,5,26-03-2025,Delhi
5506,CUST_266,Books,1930,2,26-04-2025,Karnataka
5507,CUST_153,Clothing,4256,1,11-12-2025,UP
5508,CUST_223,Clothing,3181,2,30-07-2025,Karnataka
5509,CUST_173,Electronics,3399,2,15-07-2025,UP
5510,CUST_127,Books,2793,4,15-05-2025,Mumbai
5511,CUST_213,Electronics,4848,3,11-06-2025,Karnataka
5512,CUST_112,Home Decor,424,5,18-10-2025,Karnataka
5513,CUST_282,Books,3538,5,24-03-2025,Delhi
5514,CUST_208,Clothing,3556,4,11-11-2025,UP
5515,CUST_167,Home Decor,4406,4,07-11-2025,UP
5516,CUST_288,Books,1452,5,09-05-2025,Mumbai
5517,CUST_128,Electronics,170,4,02-05-2025,Rajasthan
5518,CUST_129,Electronics,4139,5,23-11-2025,Karnataka
5519,CUST_109,Books,1445,5,01-12-2025,Delhi
5520,CUST_137,Books,3572,4,01-11-2025,Karnataka
5521,CUST_141,Clothing,4073,5,25-05-2025,Karnataka
5522,CUST_115,Home Decor,2811,1,05-11-2025,Rajasthan
5523,CUST_300,Electronics,1813,5,08-02-2025,Mumbai
5524,CUST_183,Home Decor,1482,1,18-08-2025,UP
5525,CUST_270,Home Decor,1663,1,17-08-2025,Rajasthan
5526,CUST_232,Books,2172,5,20-04-2025,Mumbai
5527,CUST_197,Books,619,3,10-02-2025,Karnataka
5528,CUST_255,Books,2130,2,01-05-2025,Mumbai
5529,CUST_155,Electronics,1191,4,10-09-2025,Karnataka
5530,CUST_209,Home Decor,2237,2,31-03-2025,Mumbai
5531,CUST_234,Home Decor,2960,5,22-01-2025,Delhi
5532,CUST_242,Electronics,2221,2,05-11-2025,Karnataka
5533,CUST_295,Home Decor,617,1,10-01-2025,UP
5534,CUST_197,Electronics,2543,5,14-07-2025,Rajasthan
5535,CUST_267,Electronics,2504,2,20-05-2025,Delhi
5536,CUST_287,Books,2929,1,28-10-2025,UP
5537,CUST_218,Books,922,2,19-01-2025,Karnataka
5538,CUST_186,Electronics,4774,4,11-10-2025,Mumbai
5539,CUST_299,Electronics,3711,4,30-09-2025,Mumbai
5540,CUST_300,Books,284,1,29-08-2025,Mumbai
5541,CUST_288,Books,1711,2,20-09-2025,UP
5542,CUST_297,Clothing,1123,4,23-12-2025,Rajasthan
5543,CUST_106,Home Decor,2095,2,30-09-2025,Delhi
5544,CUST_137,Electronics,1973,4,26-04-2025,Rajasthan
5545,CUST_177,Electronics,4820,5,27-06-2025,Delhi
5546,CUST_146,Home Decor,1241,4,17-03-2025,Rajasthan
5547,CUST_261,Books,2472,3,31-10-2025,Rajasthan
5548,CUST_250,Books,1204,3,11-01-2025,Rajasthan
5549,CUST_248,Clothing,1542,3,28-10-2025,UP
5550,CUST_170,Clothing,3364,5,20-03-2025,Delhi
5551,CUST_145,Clothing,4381,3,30-05-2025,UP
5552,CUST_129,Electronics,1524,1,27-01-2025,Delhi
5553,CUST_108,Clothing,2514,3,16-08-2025,Karnataka
5554,CUST_183,Books,4604,5,26-12-2025,Karnataka
5555,CUST_108,Books,3570,4,07-03-2025,Delhi
5556,CUST_246,Home Decor,1057,3,24-11-2025,UP
5557,CUST_112,Books,1805,2,28-10-2025,Delhi
5558,CUST_161,Clothing,3443,4,26-04-2025,Delhi
5559,CUST_279,Electronics,1473,3,19-12-2025,Delhi
5560,CUST_224,Electronics,4358,3,08-12-2025,UP
5561,CUST_255,Clothing,3430,2,25-08-2025,Delhi
5562,CUST_183,Clothing,3545,4,15-03-2025,Karnataka
5563,CUST_276,Electronics,4948,4,16-03-2025,Rajasthan
5564,CUST_147,Electronics,137,1,20-12-2025,Karnataka
5565,CUST_176,Clothing,3561,2,16-12-2025,Delhi
5566,CUST_121,Books,2337,3,25-12-2025,Delhi
5567,CUST_295,Books,4862,4,23-06-2025,Karnataka
5568,CUST_148,Clothing,4625,3,18-08-2025,Delhi
5569,CUST_289,Clothing,2654,2,22-10-2025,Rajasthan
5570,CUST_111,Books,2600,2,06-05-2025,Delhi
5571,CUST_104,Electronics,2425,1,16-04-2025,Rajasthan
5572,CUST_120,Electronics,1951,3,07-10-2025,Rajasthan
5573,CUST_201,Books,2865,4,03-06-2025,Delhi
5574,CUST_285,Electronics,1132,2,13-12-2025,Delhi
5575,CUST_268,Electronics,1934,5,30-04-2025,UP
5576,CUST_220,Electronics,4656,2,08-11-2025,Delhi
5577,CUST_231,Electronics,4899,1,16-09-2025,UP
5578,CUST_211,Electronics,3428,3,08-03-2025,Delhi
5579,CUST_211,Books,3807,3,26-04-2025,UP
5580,CUST_205,Electronics,420,2,28-06-2025,Rajasthan
5581,CUST_102,Electronics,3906,4,18-08-2025,UP
5582,CUST_161,Clothing,819,2,07-12-2025,UP
5583,CUST_144,Clothing,2101,3,16-07-2025,UP
5584,CUST_271,Home Decor,4613,2,22-04-2025,Karnataka
5585,CUST_173,Clothing,4283,1,21-04-2025,Rajasthan
5586,CUST_299,Books,4459,5,06-10-2025,Delhi
5587,CUST_120,Home Decor,4543,3,28-02-2025,Delhi
5588,CUST_265,Home Decor,470,2,27-07-2025,Rajasthan
5589,CUST_163,Electronics,883,1,04-09-2025,Delhi
5590,CUST_151,Books,4932,4,24-06-2025,Karnataka
5591,CUST_240,Home Decor,4343,4,27-07-2025,Rajasthan
5592,CUST_114,Clothing,1342,4,06-12-2025,Mumbai
5593,CUST_156,Clothing,4785,2,21-02-2025,UP
5594,CUST_219,Books,2055,4,04-08-2025,Delhi
5595,CUST_173,Electronics,486,5,13-02-2025,UP
5596,CUST_278,Clothing,377,1,14-07-2025,Mumbai
5597,CUST_252,Clothing,4556,4,16-11-2025,Delhi
5598,CUST_192,Clothing,2703,3,29-08-2025,UP
5599,CUST_141,Electronics,2873,3,09-02-2025,Delhi
5600,CUST_233,Home Decor,3899,4,04-08-2025,Mumbai
5601,CUST_110,Electronics,4469,4,22-02-2025,Mumbai
5602,CUST_249,Electronics,1826,1,08-12-2025,Mumbai
5603,CUST_176,Clothing,2893,1,05-12-2025,Rajasthan
5604,CUST_189,Electronics,1526,1,16-06-2025,Karnataka
5605,CUST_108,Clothing,2248,3,26-12-2025,Delhi
5606,CUST_268,Home Decor,3159,4,10-11-2025,UP
5607,CUST_157,Electronics,3154,1,06-12-2025,Karnataka
5608,CUST_294,Home Decor,2120,3,15-08-2025,Rajasthan
5609,CUST_242,Home Decor,214,1,23-05-2025,Rajasthan
5610,CUST_267,Clothing,287,4,29-08-2025,UP
5611,CUST_185,Home Decor,4264,4,11-05-2025,UP
5612,CUST_202,Books,2167,1,28-08-2025,Rajasthan
5613,CUST_182,Clothing,4963,5,14-04-2025,UP
5614,CUST_267,Clothing,2780,1,10-10-2025,Mumbai
5615,CUST_124,Clothing,4875,3,22-04-2025,UP
5616,CUST_236,Clothing,4160,4,25-10-2025,Delhi
5617,CUST_214,Home Decor,2640,3,22-03-2025,Delhi
5618,CUST_130,Electronics,4022,4,22-04-2025,UP
5619,CUST_268,Books,1256,3,12-09-2025,Rajasthan
5620,CUST_180,Clothing,523,3,12-03-2025,Rajasthan
5621,CUST_235,Books,2358,1,17-11-2025,Karnataka
5622,CUST_223,Electronics,1269,1,22-02-2025,Delhi
5623,CUST_262,Electronics,1035,1,29-10-2025,Mumbai
5624,CUST_175,Home Decor,1772,2,12-02-2025,Delhi
5625,CUST_244,Books,1149,2,15-09-2025,Mumbai
5626,CUST_267,Electronics,3046,5,29-09-2025,Mumbai
5627,CUST_289,Books,2582,2,21-07-2025,Mumbai
5628,CUST_101,Home Decor,2627,2,31-01-2025,Rajasthan
5629,CUST_223,Books,3040,5,01-04-2025,Karnataka
5630,CUST_102,Home Decor,2535,1,05-12-2025,UP
5631,CUST_206,Clothing,2188,5,01-08-2025,UP
5632,CUST_285,Books,1000,5,13-07-2025,Rajasthan
5633,CUST_118,Clothing,1551,3,12-08-2025,Rajasthan
5634,CUST_246,Clothing,4048,5,14-02-2025,Rajasthan
5635,CUST_115,Home Decor,921,1,03-05-2025,Delhi
5636,CUST_151,Electronics,2903,1,30-06-2025,Rajasthan
5637,CUST_183,Home Decor,2602,4,17-04-2025,UP
5638,CUST_126,Home Decor,1951,1,28-04-2025,Karnataka
5639,CUST_100,Books,3970,5,11-07-2025,UP
5640,CUST_168,Clothing,1404,3,16-03-2025,Rajasthan
5641,CUST_275,Home Decor,4315,2,10-02-2025,Rajasthan
5642,CUST_165,Electronics,4470,2,28-07-2025,Rajasthan
5643,CUST_289,Electronics,3219,2,29-10-2025,Mumbai
5644,CUST_115,Electronics,3019,4,28-11-2025,Mumbai
5645,CUST_223,Books,2330,5,16-01-2025,Mumbai
5646,CUST_196,Books,1800,2,20-04-2025,Delhi
5647,CUST_219,Books,921,5,07-06-2025,UP
5648,CUST_106,Clothing,1418,4,20-12-2025,Mumbai
5649,CUST_136,Books,4846,4,11-06-2025,Delhi
5650,CUST_166,Books,4932,1,09-07-2025,Rajasthan
5651,CUST_270,Books,1404,4,27-03-2025,Karnataka
5652,CUST_225,Books,467,5,23-12-2025,Rajasthan
5653,CUST_124,Electronics,3911,3,20-02-2025,Mumbai
5654,CUST_194,Home Decor,2265,3,12-10-2025,UP
5655,CUST_292,Clothing,984,5,11-04-2025,Delhi
5656,CUST_146,Electronics,3944,4,24-01-2025,Delhi
5657,CUST_300,Books,2090,4,25-11-2025,Karnataka
5658,CUST_100,Books,4713,3,16-06-2025,Karnataka
5659,CUST_156,Clothing,1159,4,08-10-2025,Mumbai
5660,CUST_130,Electronics,216,5,31-12-2025,Rajasthan
5661,CUST_250,Electronics,1785,1,01-02-2025,Delhi
5662,CUST_196,Books,159,2,15-07-2025,UP
5663,CUST_146,Clothing,519,4,16-09-2025,UP
5664,CUST_200,Electronics,850,3,15-04-2025,Delhi
5665,CUST_115,Clothing,4408,5,14-11-2025,Delhi
5666,CUST_238,Electronics,4874,1,15-10-2025,Karnataka
5667,CUST_125,Clothing,4188,2,25-10-2025,Rajasthan
5668,CUST_189,Clothing,1977,5,08-02-2025,Mumbai
5669,CUST_214,Home Decor,1366,1,08-12-2025,UP
5670,CUST_230,Clothing,4115,5,10-02-2025,Karnataka
5671,CUST_244,Books,4882,5,20-06-2025,Rajasthan
5672,CUST_273,Clothing,2044,1,21-05-2025,Delhi
5673,CUST_203,Clothing,1878,5,23-12-2025,UP
5674,CUST_269,Clothing,2345,3,19-03-2025,Rajasthan
5675,CUST_126,Electronics,4577,3,10-05-2025,Mumbai
5676,CUST_133,Books,3738,3,10-11-2025,Rajasthan
5677,CUST_237,Clothing,1604,3,07-11-2025,Delhi
5678,CUST_127,Electronics,4913,5,23-03-2025,Karnataka
5679,CUST_118,Home Decor,3368,3,17-03-2025,Delhi
5680,CUST_135,Books,2964,4,20-10-2025,Rajasthan
5681,CUST_290,Books,216,3,15-08-2025,UP
5682,CUST_138,Clothing,1862,1,09-03-2025,Rajasthan
5683,CUST_140,Home Decor,3359,5,04-07-2025,UP
5684,CUST_199,Electronics,1603,3,26-10-2025,UP
5685,CUST_194,Electronics,569,1,24-01-2025,Rajasthan
5686,CUST_276,Books,3087,3,15-02-2025,Mumbai
5687,CUST_115,Electronics,1333,3,19-09-2025,Karnataka
5688,CUST_226,Books,4799,4,04-11-2025,Delhi
5689,CUST_273,Books,1172,3,18-10-2025,Mumbai
5690,CUST_166,Clothing,211,3,25-04-2025,Karnataka
5691,CUST_128,Electronics,157,3,11-01-2025,Karnataka
5692,CUST_138,Books,965,2,08-12-2025,Karnataka
5693,CUST_116,Books,1066,1,23-08-2025,UP
5694,CUST_234,Home Decor,2848,1,19-02-2025,UP
5695,CUST_235,Electronics,841,1,13-04-2025,Delhi
5696,CUST_217,Books,2988,3,08-02-2025,Karnataka
5697,CUST_129,Electronics,2197,3,01-09-2025,Rajasthan
5698,CUST_128,Home Decor,3838,2,02-12-2025,Mumbai
5699,CUST_286,Electronics,3681,1,03-07-2025,Rajasthan
5700,CUST_137,Home Decor,4992,1,14-06-2025,Rajasthan
5701,CUST_213,Books,4572,4,23-01-2025,Mumbai
5702,CUST_188,Home Decor,4091,1,21-01-2025,Karnataka
5703,CUST_107,Electronics,619,1,10-10-2025,UP
5704,CUST_272,Clothing,569,3,21-04-2025,Delhi
5705,CUST_295,Home Decor,4818,1,23-11-2025,Delhi
5706,CUST_236,Electronics,1530,4,07-05-2025,Rajasthan
5707,CUST_210,Books,4804,4,09-12-2025,Rajasthan
5708,CUST_169,Home Decor,1908,3,08-12-2025,Rajasthan
5709,CUST_135,Books,2334,3,03-10-2025,UP
5710,CUST_183,Electronics,4025,4,14-11-2025,Mumbai
5711,CUST_289,Electronics,3105,3,20-01-2025,Karnataka
5712,CUST_274,Home Decor,3964,5,04-04-2025,Rajasthan
5713,CUST_207,Clothing,4174,3,23-04-2025,Delhi
5714,CUST_108,Electronics,2357,5,22-12-2025,UP
5715,CUST_206,Home Decor,615,2,12-12-2025,Mumbai
5716,CUST_202,Home Decor,799,3,21-05-2025,Mumbai
5717,CUST_284,Home Decor,3013,5,22-09-2025,UP
5718,CUST_296,Books,1082,1,06-08-2025,Delhi
5719,CUST_274,Electronics,2048,3,06-07-2025,Delhi
5720,CUST_105,Books,3200,5,01-12-2025,Delhi
5721,CUST_300,Clothing,779,4,05-11-2025,Mumbai
5722,CUST_222,Home Decor,1371,4,07-07-2025,Karnataka
5723,CUST_121,Clothing,3871,2,29-03-2025,UP
5724,CUST_105,Home Decor,915,3,10-08-2025,UP
5725,CUST_184,Home Decor,1521,2,09-04-2025,Karnataka
5726,CUST_172,Clothing,2474,5,15-12-2025,Delhi
5727,CUST_216,Clothing,2807,5,27-11-2025,Mumbai
5728,CUST_244,Books,1638,4,26-11-2025,Rajasthan
5729,CUST_107,Books,309,4,28-08-2025,Karnataka
5730,CUST_191,Clothing,3171,4,20-06-2025,Rajasthan
5731,CUST_185,Electronics,407,1,05-08-2025,Rajasthan
5732,CUST_280,Home Decor,798,4,02-03-2025,Mumbai
5733,CUST_258,Clothing,1567,2,09-10-2025,UP
5734,CUST_135,Books,241,3,01-02-2025,Mumbai
5735,CUST_118,Home Decor,377,2,25-10-2025,UP
5736,CUST_144,Clothing,1568,4,18-07-2025,Rajasthan
5737,CUST_133,Electronics,3546,4,26-10-2025,Rajasthan
5738,CUST_269,Books,1821,5,30-11-2025,UP
5739,CUST_258,Clothing,2909,2,20-06-2025,Mumbai
5740,CUST_113,Clothing,2780,4,01-01-2025,Mumbai
5741,CUST_217,Electronics,3846,4,09-11-2025,Rajasthan
5742,CUST_168,Home Decor,3142,1,20-09-2025,UP
5743,CUST_124,Books,2847,2,08-08-2025,Rajasthan
5744,CUST_168,Books,1706,2,17-04-2025,Rajasthan
5745,CUST_269,Clothing,901,2,11-02-2025,Delhi
5746,CUST_154,Clothing,993,1,16-06-2025,Rajasthan
5747,CUST_229,Clothing,2790,4,11-06-2025,Mumbai
5748,CUST_186,Books,3230,3,04-09-2025,Karnataka
5749,CUST_237,Electronics,1264,2,20-05-2025,Mumbai
5750,CUST_213,Clothing,148,3,15-12-2025,Mumbai
5751,CUST_199,Clothing,4154,2,15-07-2025,Rajasthan
5752,CUST_256,Home Decor,4659,4,03-09-2025,UP
5753,CUST_135,Clothing,1972,3,24-10-2025,Rajasthan
5754,CUST_149,Books,4656,3,08-12-2025,Karnataka
5755,CUST_229,Electronics,4331,1,08-05-2025,Delhi
5756,CUST_135,Clothing,4163,5,19-03-2025,Rajasthan
5757,CUST_131,Books,1663,5,15-12-2025,Delhi
5758,CUST_176,Electronics,2781,2,06-05-2025,Delhi
5759,CUST_265,Home Decor,2361,4,11-10-2025,Karnataka
5760,CUST_138,Electronics,4708,1,09-11-2025,Mumbai
5761,CUST_289,Home Decor,1830,5,07-02-2025,Rajasthan
5762,CUST_173,Electronics,965,1,25-02-2025,UP
5763,CUST_182,Clothing,4993,3,07-12-2025,Karnataka
5764,CUST_300,Books,754,2,15-10-2025,Delhi
5765,CUST_258,Books,595,3,03-05-2025,Karnataka
5766,CUST_251,Clothing,2285,1,22-08-2025,Rajasthan
5767,CUST_114,Clothing,291,3,11-04-2025,Mumbai
5768,CUST_194,Books,2891,2,03-02-2025,Delhi
5769,CUST_112,Electronics,1502,1,06-03-2025,Karnataka
5770,CUST_273,Electronics,3926,5,12-02-2025,Rajasthan
5771,CUST_269,Electronics,2982,2,01-08-2025,Delhi
5772,CUST_226,Books,2568,5,05-07-2025,UP
5773,CUST_156,Clothing,1579,4,08-09-2025,Rajasthan
5774,CUST_149,Electronics,722,3,12-06-2025,Karnataka
5775,CUST_158,Books,1091,3,16-06-2025,Mumbai
5776,CUST_136,Electronics,586,2,23-02-2025,Rajasthan
5777,CUST_298,Clothing,816,3,13-06-2025,Rajasthan
5778,CUST_290,Electronics,4389,5,24-09-2025,UP
5779,CUST_196,Electronics,3159,4,13-02-2025,Rajasthan
5780,CUST_142,Electronics,725,5,28-02-2025,UP
5781,CUST_263,Books,624,2,01-09-2025,Mumbai
5782,CUST_187,Clothing,557,5,06-08-2025,Mumbai
5783,CUST_268,Clothing,707,4,06-01-2025,UP
5784,CUST_142,Electronics,726,3,23-02-2025,Karnataka
5785,CUST_126,Clothing,3184,3,04-10-2025,Delhi
5786,CUST_269,Electronics,3424,1,20-08-2025,Delhi
5787,CUST_243,Clothing,286,3,26-02-2025,UP
5788,CUST_142,Clothing,3156,4,29-04-2025,Karnataka
5789,CUST_248,Clothing,781,2,12-08-2025,UP
5790,CUST_241,Clothing,331,3,24-06-2025,Rajasthan
5791,CUST_128,Clothing,1629,2,26-11-2025,Mumbai
5792,CUST_244,Home Decor,4019,2,12-03-2025,Delhi
5793,CUST_222,Electronics,3483,5,21-12-2025,Mumbai
5794,CUST_161,Electronics,694,2,08-04-2025,UP
5795,CUST_281,Clothing,4227,2,02-02-2025,UP
5796,CUST_283,Home Decor,446,1,02-01-2025,Rajasthan
5797,CUST_142,Electronics,838,5,01-04-2025,Rajasthan
5798,CUST_198,Clothing,2710,5,08-06-2025,Delhi
5799,CUST_242,Books,2374,2,17-06-2025,Rajasthan
5800,CUST_280,Home Decor,2619,4,27-07-2025,Karnataka
5801,CUST_273,Home Decor,552,4,14-04-2025,UP
5802,CUST_123,Books,4794,3,02-12-2025,Rajasthan
5803,CUST_163,Home Decor,3465,3,03-01-2025,Rajasthan
5804,CUST_135,Electronics,3101,1,14-06-2025,UP
5805,CUST_291,Home Decor,1056,4,22-12-2025,UP
5806,CUST_132,Books,3936,1,09-05-2025,UP
5807,CUST_136,Home Decor,2035,4,10-04-2025,Delhi
5808,CUST_211,Clothing,3630,1,04-05-2025,UP
5809,CUST_252,Books,2489,2,02-03-2025,UP
5810,CUST_283,Electronics,4918,2,03-04-2025,Karnataka
5811,CUST_167,Home Decor,2705,1,20-10-2025,Karnataka
5812,CUST_273,Books,3030,2,10-06-2025,Karnataka
5813,CUST_229,Books,828,4,16-12-2025,Mumbai
5814,CUST_232,Books,1709,5,17-05-2025,UP
5815,CUST_129,Books,179,4,08-09-2025,Rajasthan
5816,CUST_140,Electronics,142,4,25-09-2025,UP
5817,CUST_209,Electronics,1447,1,22-01-2025,Delhi
5818,CUST_237,Clothing,2825,5,17-03-2025,UP
5819,CUST_221,Books,128,4,05-09-2025,UP
5820,CUST_135,Home Decor,4172,5,19-11-2025,Karnataka
5821,CUST_138,Books,2847,4,27-04-2025,Karnataka
5822,CUST_275,Home Decor,3901,4,16-07-2025,Delhi
5823,CUST_175,Home Decor,160,2,22-03-2025,UP
5824,CUST_274,Electronics,4976,1,23-01-2025,Mumbai
5825,CUST_205,Electronics,4034,1,21-07-2025,Rajasthan
5826,CUST_161,Books,1758,2,29-04-2025,Mumbai
5827,CUST_261,Books,2191,2,27-02-2025,UP
5828,CUST_274,Electronics,1010,2,27-11-2025,Karnataka
5829,CUST_278,Electronics,4607,5,20-03-2025,Mumbai
5830,CUST_288,Clothing,1531,5,15-09-2025,Rajasthan
5831,CUST_160,Electronics,3674,1,26-05-2025,Mumbai
5832,CUST_261,Electronics,4442,1,08-12-2025,UP
5833,CUST_127,Books,4088,4,09-11-2025,Rajasthan
5834,CUST_274,Home Decor,3077,4,24-07-2025,Rajasthan
5835,CUST_258,Home Decor,790,3,25-07-2025,Delhi
5836,CUST_168,Books,4649,4,31-03-2025,Mumbai
5837,CUST_227,Books,1503,5,17-06-2025,Delhi
5838,CUST_178,Books,4122,1,29-05-2025,Delhi
5839,CUST_139,Clothing,690,5,08-05-2025,UP
5840,CUST_209,Home Decor,1668,3,26-07-2025,Delhi
5841,CUST_130,Home Decor,1281,4,02-12-2025,Karnataka
5842,CUST_140,Electronics,4453,3,14-05-2025,Rajasthan
5843,CUST_167,Clothing,4210,2,23-11-2025,Delhi
5844,CUST_100,Clothing,3271,1,07-05-2025,Mumbai
5845,CUST_214,Home Decor,3828,4,26-07-2025,Delhi
5846,CUST_174,Home Decor,814,1,10-10-2025,Mumbai
5847,CUST_156,Clothing,3889,3,21-08-2025,Delhi
5848,CUST_265,Books,730,3,07-02-2025,Karnataka
5849,CUST_286,Home Decor,3296,4,01-07-2025,UP
5850,CUST_243,Home Decor,2773,3,14-11-2025,UP
5851,CUST_118,Home Decor,3118,5,23-06-2025,Mumbai
5852,CUST_124,Books,4803,4,18-02-2025,Delhi
5853,CUST_179,Books,2104,1,10-12-2025,Delhi
5854,CUST_266,Books,3451,1,14-03-2025,Karnataka
5855,CUST_145,Home Decor,3952,4,11-09-2025,UP
5856,CUST_161,Electronics,518,1,11-09-2025,Rajasthan
5857,CUST_210,Electronics,3366,1,02-08-2025,Rajasthan
5858,CUST_200,Electronics,1378,3,24-05-2025,Mumbai
5859,CUST_246,Clothing,1285,1,02-11-2025,Rajasthan
5860,CUST_220,Electronics,3706,5,10-05-2025,Delhi
5861,CUST_138,Electronics,4577,2,04-09-2025,Mumbai
5862,CUST_184,Home Decor,4286,1,19-12-2025,Mumbai
5863,CUST_226,Home Decor,4415,5,11-04-2025,Rajasthan
5864,CUST_286,Books,2724,4,22-12-2025,Mumbai
5865,CUST_188,Clothing,4066,5,15-04-2025,Mumbai
5866,CUST_237,Home Decor,2670,3,04-01-2025,Rajasthan
5867,CUST_288,Home Decor,2677,3,05-07-2025,UP
5868,CUST_268,Books,3412,5,30-06-2025,Karnataka
5869,CUST_235,Home Decor,1723,5,13-01-2025,UP
5870,CUST_160,Clothing,3118,3,21-05-2025,UP
5871,CUST_261,Clothing,4626,2,05-12-2025,UP
5872,CUST_135,Clothing,2891,4,29-12-2025,UP
5873,CUST_165,Books,1798,3,20-07-2025,Delhi
5874,CUST_250,Home Decor,1916,3,11-06-2025,Rajasthan
5875,CUST_248,Home Decor,3751,5,01-11-2025,Delhi
5876,CUST_119,Electronics,1839,3,18-08-2025,Rajasthan
5877,CUST_279,Clothing,3756,1,06-06-2025,Karnataka
5878,CUST_278,Home Decor,266,5,04-02-2025,Mumbai
5879,CUST_127,Clothing,1040,1,11-09-2025,Delhi
5880,CUST_157,Clothing,4743,5,12-10-2025,Rajasthan
5881,CUST_168,Home Decor,184,5,14-01-2025,Mumbai
5882,CUST_283,Clothing,4095,3,24-06-2025,Delhi
5883,CUST_239,Clothing,3408,4,05-12-2025,Karnataka
5884,CUST_259,Home Decor,4110,2,13-10-2025,Rajasthan
5885,CUST_223,Clothing,1941,3,16-02-2025,Rajasthan
5886,CUST_153,Electronics,3512,4,21-02-2025,Mumbai
5887,CUST_246,Home Decor,987,2,05-03-2025,UP
5888,CUST_122,Books,1546,3,23-02-2025,UP
5889,CUST_189,Home Decor,3815,3,19-12-2025,Delhi
5890,CUST_209,Home Decor,684,1,19-02-2025,Karnataka
5891,CUST_272,Books,2779,2,25-04-2025,Rajasthan
5892,CUST_256,Home Decor,1771,1,02-05-2025,Delhi
5893,CUST_125,Electronics,319,3,13-01-2025,Mumbai
5894,CUST_294,Electronics,4527,3,01-03-2025,Delhi
5895,CUST_135,Electronics,4071,4,11-03-2025,Rajasthan
5896,CUST_106,Electronics,2771,3,07-10-2025,Karnataka
5897,CUST_150,Home Decor,2138,4,21-09-2025,Mumbai
5898,CUST_297,Books,1571,3,29-11-2025,UP
5899,CUST_209,Books,2452,3,05-11-2025,UP
5900,CUST_182,Clothing,2876,2,07-04-2025,UP
5901,CUST_184,Clothing,2361,5,29-08-2025,UP
5902,CUST_226,Home Decor,3228,1,24-06-2025,Karnataka
5903,CUST_126,Home Decor,1152,5,28-11-2025,Rajasthan
5904,CUST_163,Electronics,3072,4,01-05-2025,Delhi
5905,CUST_157,Books,3122,2,17-09-2025,Karnataka
5906,CUST_226,Books,2459,5,02-02-2025,UP
5907,CUST_258,Electronics,1665,4,12-03-2025,Delhi
5908,CUST_232,Electronics,1499,2,13-01-2025,Mumbai
5909,CUST_233,Clothing,2546,3,10-07-2025,UP
5910,CUST_233,Books,3928,1,20-01-2025,Karnataka
5911,CUST_227,Home Decor,3351,1,15-04-2025,Rajasthan
5912,CUST_122,Home Decor,2874,2,14-01-2025,Rajasthan
5913,CUST_226,Clothing,4929,2,30-12-2025,Rajasthan
5914,CUST_254,Electronics,2722,1,26-09-2025,Mumbai
5915,CUST_124,Books,1141,3,19-08-2025,Delhi
5916,CUST_106,Home Decor,2052,2,13-11-2025,Delhi
5917,CUST_150,Electronics,1620,1,07-04-2025,Karnataka
5918,CUST_151,Home Decor,2887,5,05-11-2025,Karnataka
5919,CUST_285,Electronics,4971,4,10-06-2025,Mumbai
5920,CUST_291,Electronics,2239,5,02-11-2025,UP
5921,CUST_148,Books,409,5,14-07-2025,Karnataka
5922,CUST_123,Books,797,1,13-09-2025,Delhi
5923,CUST_176,Home Decor,666,3,05-05-2025,Karnataka
5924,CUST_290,Home Decor,3587,5,06-12-2025,Karnataka
5925,CUST_218,Books,4993,4,25-08-2025,Delhi
5926,CUST_148,Clothing,973,5,11-11-2025,UP
5927,CUST_105,Electronics,2062,5,14-06-2025,Rajasthan
5928,CUST_114,Electronics,289,4,01-05-2025,Delhi
5929,CUST_241,Home Decor,154,5,01-09-2025,UP
5930,CUST_143,Books,3947,4,25-11-2025,Karnataka
5931,CUST_130,Home Decor,1777,3,25-06-2025,Rajasthan
5932,CUST_141,Books,4786,5,02-01-2025,UP
5933,CUST_218,Clothing,2540,5,01-06-2025,Karnataka
5934,CUST_204,Electronics,1794,3,22-12-2025,Mumbai
5935,CUST_249,Books,1866,3,07-03-2025,Karnataka
5936,CUST_102,Home Decor,168,3,15-10-2025,Rajasthan
5937,CUST_248,Electronics,4358,4,30-12-2025,Delhi
5938,CUST_161,Books,3304,1,17-01-2025,UP
5939,CUST_223,Books,2027,3,17-05-2025,Mumbai
5940,CUST_141,Electronics,1996,4,25-11-2025,Mumbai
5941,CUST_277,Clothing,3075,2,19-04-2025,Rajasthan
5942,CUST_186,Home Decor,3540,4,08-10-2025,Mumbai
5943,CUST_216,Home Decor,806,2,01-11-2025,Karnataka
5944,CUST_217,Books,3522,4,19-11-2025,UP
5945,CUST_290,Electronics,3796,2,18-12-2025,UP
5946,CUST_182,Books,165,4,14-10-2025,UP
5947,CUST_176,Electronics,416,4,29-06-2025,Delhi
5948,CUST_210,Home Decor,154,2,15-02-2025,Rajasthan
5949,CUST_169,Home Decor,491,1,06-02-2025,Karnataka
5950,CUST_242,Clothing,2941,2,08-05-2025,Rajasthan
5951,CUST_118,Books,3812,1,05-03-2025,Rajasthan
5952,CUST_141,Clothing,1802,1,05-12-2025,Delhi
5953,CUST_137,Books,4694,1,23-09-2025,UP
5954,CUST_242,Books,3374,2,06-10-2025,Rajasthan
5955,CUST_149,Clothing,2672,2,02-02-2025,Mumbai
5956,CUST_153,Home Decor,3110,2,20-03-2025,Rajasthan
5957,CUST_272,Books,2652,3,24-06-2025,UP
5958,CUST_138,Books,1773,1,02-08-2025,Rajasthan
5959,CUST_288,Books,4003,1,27-12-2025,Rajasthan
5960,CUST_263,Electronics,1188,3,28-09-2025,Mumbai
5961,CUST_114,Home Decor,421,3,14-06-2025,Delhi
5962,CUST_249,Electronics,1463,1,01-04-2025,Karnataka
5963,CUST_104,Books,4879,1,08-04-2025,Rajasthan
5964,CUST_150,Electronics,1237,4,23-11-2025,Rajasthan
5965,CUST_197,Books,4724,2,21-05-2025,Rajasthan
5966,CUST_300,Home Decor,2915,5,18-12-2025,Mumbai
5967,CUST_193,Electronics,4260,4,28-02-2025,Mumbai
5968,CUST_279,Home Decor,1183,4,04-12-2025,Mumbai
5969,CUST_192,Home Decor,4985,3,05-05-2025,Delhi
5970,CUST_191,Clothing,2172,4,19-08-2025,Mumbai
5971,CUST_217,Electronics,2991,3,28-03-2025,Rajasthan
5972,CUST_226,Electronics,988,1,17-03-2025,Delhi
5973,CUST_276,Books,3019,4,18-02-2025,Delhi
5974,CUST_240,Electronics,1169,3,20-02-2025,Karnataka
5975,CUST_249,Books,2089,5,25-01-2025,Karnataka
5976,CUST_261,Electronics,4396,3,07-12-2025,Rajasthan
5977,CUST_147,Books,3524,4,26-01-2025,UP
5978,CUST_260,Home Decor,3608,1,06-07-2025,Delhi
5979,CUST_135,Electronics,2236,2,05-04-2025,Mumbai
5980,CUST_169,Electronics,1565,5,27-10-2025,Delhi
5981,CUST_132,Electronics,3618,2,11-09-2025,UP
5982,CUST_101,Electronics,3812,5,29-10-2025,Rajasthan
5983,CUST_135,Books,3789,4,19-12-2025,Karnataka
5984,CUST_168,Books,4590,3,27-05-2025,Mumbai
5985,CUST_111,Electronics,2585,5,11-04-2025,Delhi
5986,CUST_284,Clothing,3447,2,26-06-2025,Rajasthan
5987,CUST_288,Electronics,1608,1,30-05-2025,Delhi
5988,CUST_177,Books,3614,5,03-01-2025,Rajasthan
5989,CUST_201,Books,4610,3,10-06-2025,Rajasthan
5990,CUST_108,Clothing,886,1,06-07-2025,Delhi
5991,CUST_238,Books,3194,4,11-03-2025,UP
5992,CUST_100,Clothing,3684,2,21-11-2025,UP
5993,CUST_284,Home Decor,2240,1,31-12-2025,Karnataka
5994,CUST_264,Electronics,1532,4,25-08-2025,Rajasthan
5995,CUST_255,Home Decor,3699,3,19-09-2025,Delhi
5996,CUST_185,Books,2879,4,21-03-2025,Rajasthan
5997,CUST_192,Clothing,2998,5,17-09-2025,Mumbai
5998,CUST_142,Clothing,2488,3,07-11-2025,Karnataka
5999,CUST_255,Clothing,3237,5,10-07-2025,Delhi
6000,CUST_289,Clothing,3587,5,05-05-2025,Rajasthan
6001,CUST_296,Clothing,2945,2,16-01-2025,Karnataka
6002,CUST_262,Clothing,3676,3,07-11-2025,Karnataka
6003,CUST_238,Electronics,3990,3,17-09-2025,Delhi
6004,CUST_164,Home Decor,2428,3,05-03-2025,Rajasthan
6005,CUST_160,Home Decor,1106,5,04-08-2025,Rajasthan
6006,CUST_209,Clothing,4578,5,17-10-2025,Mumbai
6007,CUST_229,Books,4789,4,28-03-2025,Delhi
6008,CUST_230,Books,4829,2,24-04-2025,UP
6009,CUST_196,Home Decor,4107,2,05-07-2025,UP
6010,CUST_175,Clothing,2025,1,09-11-2025,Mumbai
6011,CUST_255,Electronics,1419,2,29-03-2025,UP
6012,CUST_223,Electronics,776,4,08-03-2025,Rajasthan
6013,CUST_228,Electronics,2486,3,16-01-2025,Delhi
6014,CUST_126,Home Decor,188,2,02-08-2025,Mumbai
6015,CUST_170,Books,4713,2,21-11-2025,Rajasthan
6016,CUST_266,Electronics,589,3,21-12-2025,Rajasthan
6017,CUST_218,Electronics,3325,2,04-06-2025,UP
6018,CUST_288,Books,3424,3,04-08-2025,Rajasthan
6019,CUST_202,Clothing,3125,2,01-01-2025,Delhi
6020,CUST_124,Electronics,3562,2,28-05-2025,Rajasthan
6021,CUST_243,Home Decor,3724,2,28-02-2025,Mumbai
6022,CUST_176,Books,3562,3,03-03-2025,Delhi
6023,CUST_189,Home Decor,1662,1,24-02-2025,Karnataka
6024,CUST_235,Books,4292,3,04-10-2025,Delhi
6025,CUST_124,Electronics,2456,2,21-03-2025,Delhi
6026,CUST_198,Electronics,2927,4,13-03-2025,UP
6027,CUST_238,Home Decor,1067,1,30-01-2025,Karnataka
6028,CUST_276,Books,4821,5,31-12-2025,UP
6029,CUST_110,Clothing,234,5,09-08-2025,Mumbai
6030,CUST_171,Electronics,3920,2,29-11-2025,Mumbai
6031,CUST_174,Books,177,2,27-11-2025,Rajasthan
6032,CUST_286,Home Decor,2548,4,20-11-2025,Karnataka
6033,CUST_176,Electronics,4640,4,24-06-2025,Mumbai
6034,CUST_244,Clothing,2789,5,03-02-2025,Mumbai
6035,CUST_298,Clothing,3731,2,26-03-2025,Rajasthan
6036,CUST_203,Home Decor,4100,3,17-10-2025,Delhi
6037,CUST_258,Clothing,721,3,16-01-2025,Karnataka
6038,CUST_239,Books,3908,4,15-05-2025,Delhi
6039,CUST_299,Electronics,462,1,01-02-2025,Mumbai
6040,CUST_192,Books,518,3,08-10-2025,Rajasthan
6041,CUST_261,Electronics,4675,3,02-07-2025,UP
6042,CUST_120,Home Decor,1933,1,03-01-2025,Delhi
6043,CUST_241,Clothing,1014,3,02-10-2025,UP
6044,CUST_227,Electronics,2784,3,31-01-2025,Mumbai
6045,CUST_126,Home Decor,637,2,20-11-2025,Mumbai
6046,CUST_213,Electronics,450,4,23-04-2025,Mumbai
6047,CUST_178,Home Decor,2029,2,25-12-2025,Rajasthan
6048,CUST_170,Electronics,2360,3,31-12-2025,Karnataka
6049,CUST_104,Clothing,3006,2,29-11-2025,Mumbai
6050,CUST_149,Clothing,1777,4,25-07-2025,UP
6051,CUST_237,Electronics,2152,4,03-04-2025,Rajasthan
6052,CUST_211,Electronics,2875,1,09-03-2025,Mumbai
6053,CUST_253,Clothing,3194,4,03-03-2025,Karnataka
6054,CUST_290,Electronics,3869,1,17-06-2025,Karnataka
6055,CUST_230,Home Decor,587,1,06-03-2025,Karnataka
6056,CUST_249,Books,4143,4,15-07-2025,Karnataka
6057,CUST_167,Home Decor,2305,3,08-03-2025,Karnataka
6058,CUST_260,Clothing,273,2,20-03-2025,Mumbai
6059,CUST_153,Clothing,477,1,23-01-2025,Delhi
6060,CUST_174,Clothing,3454,3,26-10-2025,Mumbai
6061,CUST_288,Home Decor,1282,5,22-12-2025,UP
6062,CUST_193,Clothing,4277,3,07-07-2025,Rajasthan
6063,CUST_194,Home Decor,1715,2,11-04-2025,Delhi
6064,CUST_216,Home Decor,762,2,01-05-2025,Rajasthan
6065,CUST_254,Electronics,573,1,24-11-2025,Rajasthan
6066,CUST_127,Electronics,2235,2,28-02-2025,Karnataka
6067,CUST_117,Home Decor,2034,2,09-01-2025,UP
6068,CUST_269,Home Decor,1333,4,01-02-2025,Rajasthan
6069,CUST_171,Clothing,4409,2,23-08-2025,UP
6070,CUST_135,Electronics,4451,1,28-11-2025,UP
6071,CUST_268,Clothing,2226,4,30-05-2025,Karnataka
6072,CUST_266,Electronics,4561,1,02-01-2025,UP
6073,CUST_235,Electronics,217,4,10-03-2025,Rajasthan
6074,CUST_154,Books,2365,2,13-08-2025,Karnataka
6075,CUST_189,Home Decor,219,1,09-03-2025,Mumbai
6076,CUST_141,Electronics,2025,1,02-10-2025,Karnataka
6077,CUST_138,Electronics,2306,3,23-02-2025,Rajasthan
6078,CUST_153,Clothing,2889,1,05-08-2025,Mumbai
6079,CUST_119,Home Decor,1803,3,10-01-2025,Karnataka
6080,CUST_173,Books,3494,1,03-06-2025,UP
6081,CUST_107,Electronics,4049,4,10-08-2025,Delhi
6082,CUST_231,Home Decor,154,3,16-01-2025,Delhi
6083,CUST_231,Electronics,1870,2,25-03-2025,Delhi
6084,CUST_217,Home Decor,807,1,19-11-2025,Delhi
6085,CUST_227,Home Decor,4663,1,28-05-2025,Delhi
6086,CUST_144,Clothing,3894,5,29-12-2025,UP
6087,CUST_152,Books,3111,3,15-08-2025,Karnataka
6088,CUST_223,Clothing,2077,4,17-08-2025,UP
6089,CUST_297,Electronics,2147,2,28-08-2025,Mumbai
6090,CUST_187,Clothing,2308,2,26-03-2025,Delhi
6091,CUST_225,Books,3970,2,13-12-2025,Delhi
6092,CUST_165,Clothing,1438,2,26-01-2025,UP
6093,CUST_151,Clothing,1026,2,30-01-2025,Karnataka
6094,CUST_256,Clothing,4354,4,21-10-2025,Karnataka
6095,CUST_223,Electronics,2232,1,09-05-2025,Rajasthan
6096,CUST_233,Electronics,2091,2,31-10-2025,Karnataka
6097,CUST_187,Electronics,1906,2,10-02-2025,Karnataka
6098,CUST_261,Clothing,4828,4,06-05-2025,Rajasthan
6099,CUST_185,Home Decor,1371,5,05-02-2025,UP
6100,CUST_187,Clothing,4760,2,18-08-2025,Karnataka
6101,CUST_216,Electronics,4730,3,16-11-2025,Delhi
6102,CUST_265,Books,3217,4,31-07-2025,UP
6103,CUST_261,Clothing,4307,2,30-07-2025,Delhi
6104,CUST_110,Home Decor,3620,4,10-08-2025,Karnataka
6105,CUST_187,Home Decor,1154,1,07-10-2025,Rajasthan
6106,CUST_170,Clothing,3100,3,04-12-2025,Rajasthan
6107,CUST_233,Books,2936,1,15-06-2025,Delhi
6108,CUST_289,Clothing,1116,1,07-07-2025,Delhi
6109,CUST_261,Home Decor,2042,5,16-05-2025,Karnataka
6110,CUST_234,Home Decor,745,5,22-05-2025,Karnataka
6111,CUST_144,Electronics,2048,5,27-01-2025,UP
6112,CUST_222,Home Decor,4321,5,25-02-2025,Mumbai
6113,CUST_286,Clothing,3548,3,21-06-2025,UP
6114,CUST_138,Books,3541,2,26-02-2025,Delhi
6115,CUST_241,Electronics,681,5,26-04-2025,Rajasthan
6116,CUST_155,Clothing,3091,1,21-03-2025,Rajasthan
6117,CUST_100,Clothing,982,3,30-04-2025,Mumbai
6118,CUST_200,Clothing,3337,2,01-02-2025,Karnataka
6119,CUST_116,Electronics,3721,5,03-10-2025,Karnataka
6120,CUST_172,Home Decor,1772,1,11-09-2025,Mumbai
6121,CUST_233,Home Decor,2433,2,14-06-2025,Rajasthan
6122,CUST_139,Books,4956,3,01-10-2025,Karnataka
6123,CUST_245,Electronics,4429,3,16-04-2025,Rajasthan
6124,CUST_269,Home Decor,472,3,16-10-2025,UP
6125,CUST_150,Clothing,4725,3,14-06-2025,Rajasthan
6126,CUST_272,Home Decor,1742,3,09-03-2025,Karnataka
6127,CUST_169,Home Decor,4608,3,06-05-2025,Delhi
6128,CUST_206,Books,4161,5,27-05-2025,Karnataka
6129,CUST_135,Electronics,3549,4,23-02-2025,Rajasthan
6130,CUST_297,Home Decor,4266,5,21-06-2025,Rajasthan
6131,CUST_135,Books,3163,2,11-02-2025,Mumbai
6132,CUST_240,Books,4669,5,28-11-2025,UP
6133,CUST_273,Electronics,3797,5,15-07-2025,Mumbai
6134,CUST_148,Electronics,485,2,18-12-2025,UP
6135,CUST_139,Books,166,2,16-08-2025,Mumbai
6136,CUST_227,Home Decor,2058,3,16-03-2025,UP
6137,CUST_122,Books,1481,5,09-04-2025,UP
6138,CUST_189,Home Decor,1141,4,07-05-2025,Delhi
6139,CUST_220,Home Decor,3741,3,07-12-2025,Delhi
6140,CUST_205,Books,371,1,28-07-2025,Mumbai
6141,CUST_278,Clothing,3373,3,30-12-2025,Rajasthan
6142,CUST_102,Home Decor,118,2,06-04-2025,Karnataka
6143,CUST_225,Clothing,2355,5,05-04-2025,Rajasthan
6144,CUST_223,Books,3336,1,19-12-2025,Karnataka
6145,CUST_200,Home Decor,1672,5,09-01-2025,Mumbai
6146,CUST_255,Home Decor,4598,1,02-08-2025,UP
6147,CUST_121,Electronics,2557,2,29-08-2025,Karnataka
6148,CUST_265,Home Decor,4819,1,22-10-2025,Delhi
6149,CUST_223,Clothing,274,2,05-06-2025,Mumbai
6150,CUST_218,Clothing,433,2,20-05-2025,Rajasthan
6151,CUST_254,Home Decor,3943,3,29-01-2025,Mumbai
6152,CUST_213,Home Decor,733,2,29-03-2025,Delhi
6153,CUST_105,Electronics,4734,1,02-06-2025,Rajasthan
6154,CUST_232,Clothing,1265,4,14-11-2025,Mumbai
6155,CUST_200,Clothing,218,1,04-06-2025,Karnataka
6156,CUST_200,Books,1366,3,30-09-2025,Mumbai
6157,CUST_187,Clothing,4107,3,15-10-2025,UP
6158,CUST_198,Clothing,2401,1,03-04-2025,Delhi
6159,CUST_283,Home Decor,2762,5,09-06-2025,Rajasthan
6160,CUST_204,Books,533,3,16-03-2025,Mumbai
6161,CUST_120,Clothing,1510,4,03-05-2025,Karnataka
6162,CUST_300,Books,3025,2,23-02-2025,Delhi
6163,CUST_245,Electronics,2381,1,22-11-2025,Delhi
6164,CUST_298,Home Decor,1990,5,18-07-2025,Rajasthan
6165,CUST_158,Books,1955,2,25-05-2025,Rajasthan
6166,CUST_173,Books,2192,3,30-11-2025,Karnataka
6167,CUST_233,Clothing,522,5,27-12-2025,Mumbai
6168,CUST_249,Home Decor,3149,2,24-11-2025,Karnataka
6169,CUST_143,Home Decor,3088,1,27-06-2025,Delhi
6170,CUST_277,Home Decor,2705,4,17-01-2025,Mumbai
6171,CUST_162,Electronics,3131,4,02-12-2025,Rajasthan
6172,CUST_165,Home Decor,791,5,22-11-2025,Rajasthan
6173,CUST_153,Electronics,1286,2,01-03-2025,Rajasthan
6174,CUST_245,Books,262,1,25-05-2025,Karnataka
6175,CUST_221,Books,3705,1,17-10-2025,Karnataka
6176,CUST_108,Home Decor,1704,4,06-09-2025,Delhi
6177,CUST_212,Books,2498,3,17-05-2025,Delhi
6178,CUST_104,Electronics,1799,3,08-03-2025,Rajasthan
6179,CUST_178,Electronics,4304,2,10-09-2025,UP
6180,CUST_137,Electronics,3453,4,19-03-2025,Mumbai
6181,CUST_236,Electronics,3207,3,06-03-2025,Rajasthan
6182,CUST_112,Books,547,3,20-07-2025,UP
6183,CUST_197,Clothing,4465,1,09-09-2025,Mumbai
6184,CUST_219,Home Decor,4437,3,02-04-2025,Mumbai
6185,CUST_102,Electronics,2849,2,28-08-2025,Delhi
6186,CUST_264,Home Decor,2432,1,20-03-2025,Rajasthan
6187,CUST_268,Home Decor,2840,3,18-06-2025,Delhi
6188,CUST_112,Home Decor,1096,4,30-04-2025,Karnataka
6189,CUST_206,Books,1644,1,03-02-2025,Delhi
6190,CUST_276,Home Decor,2947,4,24-06-2025,Rajasthan
6191,CUST_107,Electronics,4540,3,05-10-2025,Mumbai
6192,CUST_297,Books,524,1,28-06-2025,Rajasthan
6193,CUST_242,Home Decor,1918,5,17-03-2025,Rajasthan
6194,CUST_290,Books,4240,5,09-01-2025,Rajasthan
6195,CUST_213,Electronics,4761,5,05-06-2025,Karnataka
6196,CUST_151,Home Decor,3032,3,06-09-2025,Delhi
6197,CUST_129,Electronics,2226,4,25-10-2025,Delhi
6198,CUST_208,Home Decor,3971,5,21-10-2025,UP
6199,CUST_114,Books,2450,5,02-12-2025,Delhi
6200,CUST_115,Books,2828,3,12-09-2025,UP
6201,CUST_250,Home Decor,1892,1,27-12-2025,Delhi
6202,CUST_273,Electronics,1161,3,17-06-2025,Karnataka
6203,CUST_101,Clothing,2466,5,05-11-2025,UP
6204,CUST_249,Books,2554,4,08-07-2025,Mumbai
6205,CUST_130,Books,3731,5,06-02-2025,Delhi
6206,CUST_223,Books,884,5,05-09-2025,UP
6207,CUST_163,Electronics,1830,5,14-08-2025,Karnataka
6208,CUST_130,Home Decor,1270,1,21-09-2025,UP
6209,CUST_210,Books,4874,2,11-09-2025,Rajasthan
6210,CUST_167,Clothing,841,3,17-07-2025,UP
6211,CUST_288,Home Decor,2564,2,22-03-2025,Delhi
6212,CUST_203,Home Decor,4733,2,25-03-2025,Karnataka
6213,CUST_154,Electronics,3858,5,29-11-2025,UP
6214,CUST_230,Books,3023,5,15-08-2025,Delhi
6215,CUST_114,Home Decor,1784,4,01-11-2025,Rajasthan
6216,CUST_297,Clothing,4435,4,22-10-2025,Delhi
6217,CUST_155,Electronics,4319,4,18-02-2025,Karnataka
6218,CUST_102,Electronics,2219,2,20-11-2025,Delhi
6219,CUST_107,Books,583,2,29-07-2025,Rajasthan
6220,CUST_229,Home Decor,282,4,03-04-2025,Mumbai
6221,CUST_177,Electronics,4547,3,11-01-2025,UP
6222,CUST_251,Books,1498,1,26-01-2025,Delhi
6223,CUST_109,Electronics,4797,2,19-10-2025,Rajasthan
6224,CUST_143,Home Decor,1854,5,07-11-2025,Karnataka
6225,CUST_161,Electronics,1284,2,09-03-2025,UP
6226,CUST_276,Books,343,5,03-12-2025,Delhi
6227,CUST_146,Books,987,3,14-04-2025,Mumbai
6228,CUST_157,Clothing,2787,4,20-04-2025,Karnataka
6229,CUST_193,Books,4761,3,24-02-2025,UP
6230,CUST_127,Books,3677,1,10-03-2025,Delhi
6231,CUST_136,Home Decor,483,1,04-08-2025,Karnataka
6232,CUST_192,Clothing,4023,4,20-10-2025,Delhi
6233,CUST_173,Clothing,1651,4,30-04-2025,Mumbai
6234,CUST_107,Books,3106,5,05-04-2025,UP
6235,CUST_154,Electronics,3648,5,27-07-2025,Mumbai
6236,CUST_299,Clothing,4868,5,10-10-2025,Delhi
6237,CUST_251,Clothing,3523,5,13-02-2025,Mumbai
6238,CUST_196,Clothing,864,1,29-11-2025,Rajasthan
6239,CUST_108,Books,1483,5,14-03-2025,Rajasthan
6240,CUST_121,Clothing,126,3,05-08-2025,UP
6241,CUST_109,Books,352,5,21-07-2025,UP
6242,CUST_255,Clothing,3585,1,20-10-2025,Mumbai
6243,CUST_180,Books,4141,4,17-12-2025,Delhi
6244,CUST_111,Books,106,1,17-05-2025,Delhi
6245,CUST_198,Home Decor,2049,1,20-06-2025,Rajasthan
6246,CUST_142,Books,3939,4,31-05-2025,UP
6247,CUST_172,Books,231,1,01-10-2025,Rajasthan
6248,CUST_222,Home Decor,2173,2,12-12-2025,Rajasthan
6249,CUST_237,Home Decor,116,1,09-09-2025,Rajasthan
6250,CUST_269,Clothing,999,1,11-06-2025,UP
6251,CUST_213,Electronics,2152,2,03-11-2025,Mumbai
6252,CUST_199,Books,225,4,03-08-2025,Delhi
6253,CUST_237,Books,3819,3,22-12-2025,Mumbai
6254,CUST_112,Clothing,1116,2,26-01-2025,Rajasthan
6255,CUST_261,Home Decor,2281,5,07-09-2025,UP
6256,CUST_222,Home Decor,1376,1,15-01-2025,Rajasthan
6257,CUST_251,Clothing,1365,4,15-07-2025,Delhi
6258,CUST_204,Clothing,2199,4,04-12-2025,Rajasthan
6259,CUST_276,Books,1960,4,31-03-2025,UP
6260,CUST_169,Home Decor,3876,3,24-10-2025,Mumbai
6261,CUST_245,Books,2636,5,05-08-2025,Rajasthan
6262,CUST_228,Home Decor,4249,1,07-07-2025,UP
6263,CUST_225,Electronics,186,3,13-07-2025,UP
6264,CUST_200,Home Decor,3992,5,17-09-2025,Mumbai
6265,CUST_236,Clothing,786,5,11-06-2025,Karnataka
6266,CUST_286,Home Decor,1902,2,28-10-2025,Rajasthan
6267,CUST_224,Home Decor,3383,5,20-10-2025,Karnataka
6268,CUST_159,Home Decor,988,4,24-05-2025,Delhi
6269,CUST_116,Books,3443,3,16-10-2025,Rajasthan
6270,CUST_243,Clothing,3021,3,17-02-2025,Rajasthan
6271,CUST_274,Clothing,754,5,06-02-2025,Karnataka
6272,CUST_287,Books,2898,1,21-11-2025,Delhi
6273,CUST_249,Electronics,2067,4,05-12-2025,Delhi
6274,CUST_200,Electronics,4709,1,18-02-2025,Mumbai
6275,CUST_267,Clothing,1240,1,20-05-2025,Delhi
6276,CUST_238,Home Decor,713,5,18-06-2025,Mumbai
6277,CUST_180,Clothing,217,3,15-06-2025,Rajasthan
6278,CUST_192,Electronics,1442,4,27-08-2025,Karnataka
6279,CUST_281,Clothing,3467,2,13-05-2025,Mumbai
6280,CUST_224,Books,3659,5,24-07-2025,Delhi
6281,CUST_160,Electronics,3285,5,17-10-2025,Karnataka
6282,CUST_198,Electronics,2245,3,14-09-2025,Karnataka
6283,CUST_100,Clothing,3333,5,18-06-2025,Mumbai
6284,CUST_200,Home Decor,3789,2,02-12-2025,Delhi
6285,CUST_204,Books,449,3,18-04-2025,Karnataka
6286,CUST_205,Books,4906,1,20-11-2025,Delhi
6287,CUST_279,Clothing,1374,1,14-08-2025,Delhi
6288,CUST_259,Home Decor,2732,3,05-09-2025,Mumbai
6289,CUST_127,Home Decor,1751,2,09-07-2025,Delhi
6290,CUST_231,Home Decor,4854,2,21-04-2025,Mumbai
6291,CUST_179,Electronics,3975,3,19-12-2025,Delhi
6292,CUST_102,Clothing,1203,5,11-09-2025,UP
6293,CUST_278,Electronics,3453,1,17-06-2025,Mumbai
6294,CUST_182,Clothing,1956,5,11-02-2025,Karnataka
6295,CUST_243,Home Decor,1393,1,11-07-2025,Rajasthan
6296,CUST_224,Books,4592,5,07-12-2025,Karnataka
6297,CUST_153,Books,233,3,16-02-2025,Delhi
6298,CUST_165,Home Decor,2823,3,11-11-2025,Karnataka
6299,CUST_178,Books,2974,4,20-04-2025,Karnataka
6300,CUST_217,Home Decor,3587,1,22-11-2025,Rajasthan
6301,CUST_300,Clothing,3813,2,04-08-2025,Delhi
6302,CUST_162,Home Decor,723,5,15-12-2025,UP
6303,CUST_263,Electronics,730,2,02-10-2025,Rajasthan
6304,CUST_272,Home Decor,3099,1,14-06-2025,Delhi
6305,CUST_125,Clothing,1133,5,02-09-2025,UP
6306,CUST_218,Clothing,2498,3,30-11-2025,UP
6307,CUST_217,Clothing,4463,2,01-03-2025,Delhi
6308,CUST_174,Home Decor,3532,2,10-08-2025,UP
6309,CUST_187,Home Decor,3871,5,22-05-2025,UP
6310,CUST_184,Home Decor,4666,3,04-02-2025,Delhi
6311,CUST_270,Electronics,4486,2,28-05-2025,Karnataka
6312,CUST_198,Home Decor,2829,3,09-11-2025,Delhi
6313,CUST_186,Electronics,4805,4,21-05-2025,UP
6314,CUST_220,Clothing,3015,4,21-11-2025,Karnataka
6315,CUST_181,Books,2954,1,04-08-2025,Rajasthan
6316,CUST_273,Books,4887,3,04-01-2025,UP
6317,CUST_165,Electronics,1627,2,22-05-2025,UP
6318,CUST_219,Electronics,4068,5,05-08-2025,Delhi
6319,CUST_280,Books,2664,3,21-07-2025,Rajasthan
6320,CUST_252,Home Decor,3719,5,28-09-2025,UP
6321,CUST_263,Books,210,5,10-10-2025,Karnataka
6322,CUST_216,Home Decor,3571,5,12-06-2025,Rajasthan
6323,CUST_143,Home Decor,507,3,21-02-2025,Mumbai
6324,CUST_138,Home Decor,2489,2,04-01-2025,Rajasthan
6325,CUST_120,Clothing,4875,1,03-03-2025,Delhi
6326,CUST_150,Electronics,1158,4,08-04-2025,UP
6327,CUST_140,Clothing,3140,1,04-09-2025,Mumbai
6328,CUST_269,Electronics,3309,2,25-03-2025,UP
6329,CUST_105,Home Decor,1735,4,14-04-2025,UP
6330,CUST_250,Electronics,2699,2,18-12-2025,Karnataka
6331,CUST_272,Electronics,2093,3,30-04-2025,Mumbai
6332,CUST_228,Books,2425,1,03-02-2025,UP
6333,CUST_248,Home Decor,1089,4,02-01-2025,Mumbai
6334,CUST_268,Clothing,4550,4,01-07-2025,Delhi
6335,CUST_187,Books,2918,1,28-06-2025,Mumbai
6336,CUST_180,Clothing,741,4,05-10-2025,Karnataka
6337,CUST_257,Books,1760,1,07-10-2025,Karnataka
6338,CUST_176,Home Decor,3043,5,19-01-2025,Delhi
6339,CUST_256,Home Decor,1242,4,16-05-2025,Mumbai
6340,CUST_242,Clothing,1046,5,16-06-2025,Karnataka
6341,CUST_231,Clothing,3298,1,31-05-2025,Karnataka
6342,CUST_150,Clothing,4836,2,24-10-2025,Mumbai
6343,CUST_106,Books,1125,5,17-05-2025,UP
6344,CUST_161,Home Decor,480,5,17-04-2025,Delhi
6345,CUST_205,Electronics,4369,1,12-12-2025,Delhi
6346,CUST_223,Books,1654,2,17-02-2025,Delhi
6347,CUST_243,Books,1392,1,19-11-2025,Delhi
6348,CUST_300,Clothing,752,2,25-03-2025,Delhi
6349,CUST_287,Home Decor,4311,3,24-01-2025,Delhi
6350,CUST_109,Books,4396,1,28-02-2025,UP
6351,CUST_110,Clothing,3892,2,03-08-2025,Karnataka
6352,CUST_180,Home Decor,4152,1,24-10-2025,Delhi
6353,CUST_163,Books,865,2,23-03-2025,Karnataka
6354,CUST_244,Clothing,4662,3,23-04-2025,Delhi
6355,CUST_257,Clothing,3105,5,18-11-2025,Delhi
6356,CUST_252,Home Decor,3166,1,06-03-2025,Delhi
6357,CUST_117,Clothing,4089,1,09-06-2025,Mumbai
6358,CUST_154,Books,236,4,02-06-2025,Rajasthan
6359,CUST_126,Clothing,3551,4,08-03-2025,Rajasthan
6360,CUST_300,Home Decor,775,5,24-12-2025,UP
6361,CUST_175,Home Decor,2014,4,31-07-2025,UP
6362,CUST_251,Clothing,3039,4,24-09-2025,Karnataka
6363,CUST_156,Home Decor,2540,1,05-11-2025,Karnataka
6364,CUST_158,Home Decor,2169,2,15-12-2025,Karnataka
6365,CUST_191,Electronics,849,1,11-09-2025,Delhi
6366,CUST_165,Clothing,4747,1,29-03-2025,Rajasthan
6367,CUST_203,Home Decor,4530,2,02-07-2025,Delhi
6368,CUST_246,Books,2664,2,16-09-2025,Mumbai
6369,CUST_238,Electronics,4969,4,09-12-2025,UP
6370,CUST_187,Home Decor,642,5,12-04-2025,Rajasthan
6371,CUST_112,Books,4002,5,22-06-2025,Delhi
6372,CUST_149,Home Decor,3789,4,13-10-2025,Delhi
6373,CUST_113,Books,1175,4,21-02-2025,Delhi
6374,CUST_229,Clothing,3998,2,28-05-2025,Rajasthan
6375,CUST_292,Home Decor,2033,4,15-11-2025,Mumbai
6376,CUST_223,Clothing,126,1,28-06-2025,Delhi
6377,CUST_150,Clothing,1010,5,08-03-2025,Mumbai
6378,CUST_258,Clothing,4241,2,15-01-2025,Delhi
6379,CUST_154,Electronics,1018,1,29-08-2025,Rajasthan
6380,CUST_151,Books,3683,5,19-09-2025,Mumbai
6381,CUST_216,Home Decor,2401,2,04-07-2025,Karnataka
6382,CUST_167,Clothing,3136,4,02-04-2025,Mumbai
6383,CUST_117,Electronics,272,4,06-11-2025,Karnataka
6384,CUST_278,Clothing,484,3,30-07-2025,Delhi
6385,CUST_169,Electronics,2552,3,05-02-2025,Karnataka
6386,CUST_111,Electronics,3463,2,16-05-2025,Mumbai
6387,CUST_229,Clothing,3514,4,21-08-2025,Karnataka
6388,CUST_277,Home Decor,2960,4,29-06-2025,Rajasthan
6389,CUST_254,Clothing,4887,1,19-03-2025,Mumbai
6390,CUST_214,Clothing,2681,4,09-08-2025,Rajasthan
6391,CUST_282,Electronics,1303,1,11-09-2025,Rajasthan
6392,CUST_179,Electronics,1104,3,25-08-2025,Mumbai
6393,CUST_212,Clothing,4662,2,16-12-2025,Mumbai
6394,CUST_138,Books,1850,1,08-05-2025,Karnataka
6395,CUST_276,Electronics,1130,3,01-08-2025,Mumbai
6396,CUST_196,Electronics,946,4,14-10-2025,UP
6397,CUST_122,Home Decor,1967,2,11-10-2025,Delhi
6398,CUST_111,Books,4200,3,29-09-2025,Karnataka
6399,CUST_177,Clothing,2941,5,15-12-2025,UP
6400,CUST_288,Home Decor,3963,4,02-05-2025,Rajasthan
6401,CUST_116,Electronics,352,4,12-10-2025,UP
6402,CUST_124,Books,4360,5,16-02-2025,Delhi
6403,CUST_124,Clothing,4045,2,17-02-2025,UP
6404,CUST_139,Electronics,3020,3,01-11-2025,UP
6405,CUST_253,Clothing,4260,4,01-08-2025,UP
6406,CUST_243,Books,3316,1,15-10-2025,Delhi
6407,CUST_135,Electronics,2529,2,23-09-2025,UP
6408,CUST_129,Books,404,2,21-07-2025,UP
6409,CUST_153,Electronics,3118,3,26-03-2025,Karnataka
6410,CUST_208,Books,433,2,06-11-2025,Rajasthan
6411,CUST_165,Books,107,5,24-06-2025,Rajasthan
6412,CUST_240,Clothing,1041,2,10-08-2025,Mumbai
6413,CUST_234,Home Decor,2849,4,24-11-2025,Delhi
6414,CUST_240,Electronics,4562,3,30-06-2025,UP
6415,CUST_234,Books,2148,2,30-01-2025,Rajasthan
6416,CUST_269,Clothing,403,1,21-03-2025,Karnataka
6417,CUST_151,Books,2370,3,25-01-2025,Karnataka
6418,CUST_165,Books,4727,4,04-10-2025,Delhi
6419,CUST_137,Books,863,4,11-06-2025,Rajasthan
6420,CUST_132,Books,3103,1,05-05-2025,Karnataka
6421,CUST_222,Clothing,1462,3,07-10-2025,UP
6422,CUST_296,Books,2132,4,06-05-2025,Rajasthan
6423,CUST_253,Books,203,4,01-09-2025,Rajasthan
6424,CUST_221,Clothing,3742,1,25-02-2025,UP
6425,CUST_204,Electronics,2473,3,17-08-2025,Karnataka
6426,CUST_106,Electronics,2746,3,11-01-2025,UP
6427,CUST_257,Home Decor,4377,1,02-03-2025,Karnataka
6428,CUST_297,Clothing,3400,4,14-06-2025,Delhi
6429,CUST_237,Electronics,3492,5,20-10-2025,Mumbai
6430,CUST_186,Books,3137,5,24-12-2025,Rajasthan
6431,CUST_171,Home Decor,357,2,09-07-2025,Mumbai
6432,CUST_290,Home Decor,3279,3,07-09-2025,Delhi
6433,CUST_213,Clothing,3980,4,28-02-2025,Delhi
6434,CUST_267,Electronics,4279,3,26-01-2025,Delhi
6435,CUST_254,Clothing,1035,1,27-11-2025,Karnataka
6436,CUST_255,Home Decor,2518,1,12-06-2025,Karnataka
6437,CUST_233,Clothing,3906,5,31-03-2025,UP
6438,CUST_243,Books,3374,3,04-07-2025,Rajasthan
6439,CUST_158,Clothing,1663,2,20-12-2025,Rajasthan
6440,CUST_125,Clothing,4255,1,12-08-2025,Mumbai
6441,CUST_159,Home Decor,4611,1,17-09-2025,Rajasthan
6442,CUST_203,Clothing,4961,5,16-08-2025,Rajasthan
6443,CUST_224,Home Decor,1293,5,22-02-2025,Karnataka
6444,CUST_113,Home Decor,3520,1,03-05-2025,Mumbai
6445,CUST_146,Books,1535,5,30-10-2025,Karnataka
6446,CUST_293,Electronics,3535,3,25-07-2025,Delhi
6447,CUST_142,Home Decor,2852,1,15-11-2025,Rajasthan
6448,CUST_249,Clothing,4035,2,23-09-2025,Delhi
6449,CUST_270,Books,4587,4,21-11-2025,Mumbai
6450,CUST_267,Clothing,3971,1,13-11-2025,Rajasthan
6451,CUST_253,Clothing,1225,5,18-01-2025,Mumbai
6452,CUST_172,Clothing,3094,3,10-03-2025,UP
6453,CUST_234,Electronics,2867,1,14-11-2025,UP
6454,CUST_223,Home Decor,489,1,17-10-2025,UP
6455,CUST_148,Clothing,3473,2,19-07-2025,Karnataka
6456,CUST_114,Books,712,2,15-05-2025,Karnataka
6457,CUST_260,Books,3206,1,08-03-2025,Mumbai
6458,CUST_178,Home Decor,1099,2,17-03-2025,Delhi
6459,CUST_224,Clothing,2052,3,12-11-2025,UP
6460,CUST_287,Electronics,3252,2,22-01-2025,Karnataka
6461,CUST_272,Home Decor,3219,5,11-02-2025,Karnataka
6462,CUST_121,Electronics,934,5,17-08-2025,Mumbai
6463,CUST_239,Home Decor,1306,3,30-11-2025,Delhi
6464,CUST_211,Books,4825,4,15-01-2025,Karnataka
6465,CUST_255,Home Decor,3794,1,16-05-2025,Rajasthan
6466,CUST_195,Books,1818,5,10-10-2025,UP
6467,CUST_234,Home Decor,632,2,21-10-2025,Delhi
6468,CUST_168,Home Decor,2781,2,28-07-2025,UP
6469,CUST_151,Home Decor,625,1,05-11-2025,Rajasthan
6470,CUST_264,Electronics,1322,5,16-10-2025,UP
6471,CUST_255,Books,4963,2,10-11-2025,Mumbai
6472,CUST_234,Clothing,4646,3,25-04-2025,UP
6473,CUST_233,Clothing,2336,1,01-12-2025,Mumbai
6474,CUST_140,Electronics,2347,4,21-06-2025,Rajasthan
6475,CUST_228,Home Decor,2312,3,12-08-2025,Delhi
6476,CUST_193,Home Decor,4175,1,20-08-2025,Mumbai
6477,CUST_279,Home Decor,3906,3,19-03-2025,Mumbai
6478,CUST_201,Clothing,4317,1,24-07-2025,UP
6479,CUST_159,Home Decor,4593,2,27-08-2025,Delhi
6480,CUST_199,Home Decor,1426,5,08-07-2025,Rajasthan
6481,CUST_171,Home Decor,805,4,30-12-2025,Karnataka
6482,CUST_195,Electronics,3645,5,27-11-2025,Delhi
6483,CUST_171,Clothing,987,1,24-08-2025,Delhi
6484,CUST_189,Clothing,2308,4,12-05-2025,Delhi
6485,CUST_202,Home Decor,2395,4,20-07-2025,UP
6486,CUST_275,Books,4756,2,23-01-2025,Mumbai
6487,CUST_252,Books,2083,4,26-06-2025,Delhi
6488,CUST_220,Home Decor,3928,4,22-12-2025,Mumbai
6489,CUST_114,Books,773,1,06-04-2025,Rajasthan
6490,CUST_250,Electronics,3334,5,02-06-2025,Rajasthan
6491,CUST_116,Clothing,1065,2,20-03-2025,Delhi
6492,CUST_271,Home Decor,1324,3,06-08-2025,Delhi
6493,CUST_268,Home Decor,2276,1,09-01-2025,Karnataka
6494,CUST_103,Books,4984,5,21-03-2025,Karnataka
6495,CUST_151,Electronics,3393,1,26-11-2025,Rajasthan
6496,CUST_225,Electronics,1510,3,14-09-2025,UP
6497,CUST_131,Books,4734,4,08-10-2025,Mumbai
6498,CUST_247,Books,4622,2,23-07-2025,Delhi
6499,CUST_228,Home Decor,3539,5,13-08-2025,Karnataka
6500,CUST_264,Books,3584,1,07-02-2025,Rajasthan
6501,CUST_114,Electronics,193,1,22-11-2025,Delhi
6502,CUST_297,Home Decor,2285,1,12-11-2025,Rajasthan
6503,CUST_150,Home Decor,2228,5,30-12-2025,Rajasthan
6504,CUST_175,Home Decor,4616,3,11-05-2025,Delhi
6505,CUST_253,Home Decor,1341,2,07-07-2025,Rajasthan
6506,CUST_140,Books,2097,5,30-10-2025,Delhi
6507,CUST_122,Books,2680,2,31-03-2025,Rajasthan
6508,CUST_153,Home Decor,4908,1,04-11-2025,UP
6509,CUST_202,Clothing,3406,4,17-05-2025,UP
6510,CUST_257,Home Decor,1046,4,02-07-2025,Karnataka
6511,CUST_102,Electronics,4433,2,17-05-2025,Mumbai
6512,CUST_243,Home Decor,3008,2,28-06-2025,Rajasthan
6513,CUST_287,Books,2344,5,03-04-2025,Rajasthan
6514,CUST_183,Home Decor,4111,2,24-10-2025,Rajasthan
6515,CUST_149,Electronics,3185,2,05-08-2025,UP
6516,CUST_260,Home Decor,2095,4,24-09-2025,Rajasthan
6517,CUST_181,Clothing,1800,3,25-04-2025,UP
6518,CUST_222,Electronics,1029,4,20-05-2025,Mumbai
6519,CUST_234,Clothing,4516,1,02-08-2025,Rajasthan
6520,CUST_251,Books,1118,1,29-06-2025,UP
6521,CUST_166,Electronics,1372,2,21-12-2025,Delhi
6522,CUST_153,Home Decor,2154,4,26-06-2025,Mumbai
6523,CUST_234,Clothing,2064,4,31-03-2025,UP
6524,CUST_270,Electronics,3617,3,26-08-2025,Karnataka
6525,CUST_177,Home Decor,2719,1,17-06-2025,Rajasthan
6526,CUST_166,Clothing,775,1,16-12-2025,Mumbai
6527,CUST_297,Books,2082,1,25-02-2025,Rajasthan
6528,CUST_170,Books,2621,4,04-07-2025,UP
6529,CUST_232,Home Decor,3153,5,31-10-2025,Karnataka
6530,CUST_286,Electronics,1133,3,28-08-2025,Delhi
6531,CUST_256,Books,726,4,16-12-2025,Mumbai
6532,CUST_145,Electronics,3943,5,07-07-2025,Karnataka
6533,CUST_273,Home Decor,3857,2,01-05-2025,Rajasthan
6534,CUST_240,Electronics,4277,1,24-04-2025,UP
6535,CUST_129,Books,618,1,31-10-2025,UP
6536,CUST_266,Books,3535,5,13-08-2025,Rajasthan
6537,CUST_225,Clothing,4720,3,14-05-2025,Karnataka
6538,CUST_160,Electronics,3678,1,26-01-2025,UP
6539,CUST_160,Books,4268,3,13-08-2025,Karnataka
6540,CUST_154,Home Decor,4004,1,22-09-2025,Mumbai
6541,CUST_117,Home Decor,2528,4,13-04-2025,Delhi
6542,CUST_154,Books,2137,2,15-07-2025,Rajasthan
6543,CUST_160,Home Decor,3477,5,03-11-2025,Delhi
6544,CUST_160,Books,932,1,21-05-2025,Karnataka
6545,CUST_214,Electronics,4671,2,25-01-2025,Rajasthan
6546,CUST_298,Electronics,930,3,24-11-2025,Rajasthan
6547,CUST_255,Electronics,2128,1,25-09-2025,Delhi
6548,CUST_191,Home Decor,1065,4,26-01-2025,Delhi
6549,CUST_291,Books,2764,2,31-05-2025,Delhi
6550,CUST_287,Home Decor,1478,4,26-06-2025,Delhi
6551,CUST_236,Clothing,4948,3,21-06-2025,Mumbai
6552,CUST_279,Clothing,2429,3,02-01-2025,Mumbai
6553,CUST_113,Home Decor,4145,1,29-05-2025,Delhi
6554,CUST_275,Clothing,4667,1,25-04-2025,UP
6555,CUST_271,Electronics,1633,4,18-10-2025,Rajasthan
6556,CUST_121,Home Decor,786,4,28-04-2025,Rajasthan
6557,CUST_283,Clothing,1127,2,31-12-2025,Delhi
6558,CUST_258,Clothing,3604,2,30-04-2025,Karnataka
6559,CUST_193,Books,1460,5,22-11-2025,UP
6560,CUST_270,Books,112,3,04-02-2025,Delhi
6561,CUST_201,Clothing,4835,1,12-11-2025,Karnataka
6562,CUST_216,Home Decor,4517,5,15-06-2025,Delhi
6563,CUST_282,Home Decor,1595,4,05-02-2025,Mumbai
6564,CUST_113,Books,4826,1,14-04-2025,Delhi
6565,CUST_288,Clothing,4260,2,03-10-2025,Rajasthan
6566,CUST_123,Electronics,2485,3,14-05-2025,UP
6567,CUST_270,Books,792,3,21-05-2025,Rajasthan
6568,CUST_208,Clothing,3333,3,25-04-2025,UP
6569,CUST_248,Books,2368,3,21-07-2025,Mumbai
6570,CUST_199,Home Decor,1208,1,29-05-2025,UP
6571,CUST_156,Home Decor,1189,5,09-10-2025,Delhi
6572,CUST_185,Electronics,220,1,18-03-2025,Rajasthan
6573,CUST_163,Clothing,3797,2,10-02-2025,Karnataka
6574,CUST_138,Clothing,4741,4,15-08-2025,Mumbai
6575,CUST_193,Clothing,2139,3,26-10-2025,Mumbai
6576,CUST_295,Clothing,1115,4,07-05-2025,Delhi
6577,CUST_140,Books,4178,4,13-09-2025,Mumbai
6578,CUST_186,Electronics,1955,1,23-03-2025,Rajasthan
6579,CUST_269,Books,630,2,03-06-2025,Mumbai
6580,CUST_131,Books,3476,4,09-01-2025,Karnataka
6581,CUST_227,Home Decor,1008,3,17-02-2025,Mumbai
6582,CUST_210,Home Decor,2374,5,25-12-2025,Karnataka
6583,CUST_286,Home Decor,4341,5,11-08-2025,Delhi
6584,CUST_291,Books,4982,5,11-05-2025,Rajasthan
6585,CUST_209,Home Decor,3640,2,16-04-2025,Mumbai
6586,CUST_170,Clothing,2876,4,16-11-2025,Karnataka
6587,CUST_107,Electronics,2952,2,25-06-2025,UP
6588,CUST_293,Clothing,4352,1,19-03-2025,Delhi
6589,CUST_180,Books,3161,4,05-03-2025,Rajasthan
6590,CUST_209,Books,2979,5,12-04-2025,Rajasthan
6591,CUST_156,Electronics,2274,2,20-05-2025,UP
6592,CUST_286,Books,672,4,27-06-2025,Delhi
6593,CUST_298,Home Decor,4296,2,13-02-2025,Mumbai
6594,CUST_257,Books,1294,2,14-07-2025,Delhi
6595,CUST_274,Books,2531,5,10-07-2025,UP
6596,CUST_248,Home Decor,2742,1,15-10-2025,Mumbai
6597,CUST_239,Clothing,2729,1,02-09-2025,Rajasthan
6598,CUST_112,Home Decor,1555,2,20-04-2025,Mumbai
6599,CUST_186,Electronics,2605,3,24-08-2025,Karnataka
6600,CUST_160,Electronics,1446,3,15-03-2025,Mumbai
6601,CUST_144,Home Decor,3918,3,22-03-2025,Rajasthan
6602,CUST_105,Home Decor,2995,3,30-11-2025,Delhi
6603,CUST_201,Clothing,4884,1,12-08-2025,Mumbai
6604,CUST_257,Home Decor,4451,4,26-02-2025,Mumbai
6605,CUST_189,Home Decor,3061,1,02-06-2025,UP
6606,CUST_294,Books,1406,4,06-05-2025,Mumbai
6607,CUST_257,Clothing,2438,5,15-04-2025,Mumbai
6608,CUST_275,Electronics,3723,3,30-07-2025,Karnataka
6609,CUST_210,Clothing,2747,4,05-12-2025,Mumbai
6610,CUST_243,Clothing,4014,4,10-04-2025,Delhi
6611,CUST_251,Home Decor,2087,4,27-12-2025,Rajasthan
6612,CUST_276,Books,1323,2,30-10-2025,Karnataka
6613,CUST_238,Clothing,3101,3,29-07-2025,UP
6614,CUST_170,Electronics,4084,2,09-04-2025,Karnataka
6615,CUST_256,Clothing,574,3,22-03-2025,UP
6616,CUST_207,Clothing,4813,1,09-02-2025,Karnataka
6617,CUST_188,Books,4946,1,17-08-2025,Delhi
6618,CUST_219,Electronics,494,1,28-04-2025,Mumbai
6619,CUST_106,Books,1943,2,05-12-2025,Delhi
6620,CUST_181,Home Decor,3957,4,30-08-2025,Mumbai
6621,CUST_295,Books,2720,5,19-02-2025,Karnataka
6622,CUST_300,Clothing,3042,4,06-01-2025,Mumbai
6623,CUST_185,Clothing,2717,4,26-04-2025,Karnataka
6624,CUST_139,Books,1636,2,22-11-2025,Karnataka
6625,CUST_184,Books,2279,3,06-06-2025,Karnataka
6626,CUST_264,Home Decor,3294,2,15-06-2025,Karnataka
6627,CUST_156,Home Decor,147,4,20-11-2025,Delhi
6628,CUST_145,Home Decor,1321,2,16-10-2025,Rajasthan
6629,CUST_268,Electronics,1720,3,07-09-2025,UP
6630,CUST_222,Books,1104,3,19-09-2025,UP
6631,CUST_107,Clothing,1811,2,06-09-2025,Delhi
6632,CUST_159,Books,3226,5,13-02-2025,Rajasthan
6633,CUST_236,Electronics,627,5,13-02-2025,Delhi
6634,CUST_139,Electronics,4036,5,17-07-2025,Mumbai
6635,CUST_247,Electronics,1999,3,05-03-2025,Delhi
6636,CUST_112,Clothing,2461,2,22-04-2025,UP
6637,CUST_179,Clothing,4290,2,30-01-2025,Rajasthan
6638,CUST_290,Home Decor,1048,1,31-07-2025,UP
6639,CUST_217,Home Decor,1354,4,18-05-2025,Karnataka
6640,CUST_282,Electronics,935,2,18-02-2025,Karnataka
6641,CUST_263,Home Decor,747,5,27-12-2025,Karnataka
6642,CUST_114,Electronics,1897,2,14-01-2025,UP
6643,CUST_142,Clothing,919,2,02-10-2025,Delhi
6644,CUST_112,Electronics,2771,2,13-04-2025,Rajasthan
6645,CUST_176,Books,1963,4,06-07-2025,Mumbai
6646,CUST_220,Clothing,3386,5,10-09-2025,Mumbai
6647,CUST_141,Books,985,5,23-12-2025,UP
6648,CUST_213,Home Decor,1043,4,15-07-2025,Karnataka
6649,CUST_208,Electronics,4613,2,14-08-2025,Karnataka
6650,CUST_120,Electronics,3668,1,26-06-2025,UP
6651,CUST_248,Clothing,1113,5,01-10-2025,Delhi
6652,CUST_208,Clothing,4308,2,03-09-2025,Mumbai
6653,CUST_288,Electronics,2617,2,07-09-2025,Mumbai
6654,CUST_179,Books,4959,3,17-02-2025,Rajasthan
6655,CUST_276,Books,4227,3,07-02-2025,Delhi
6656,CUST_280,Clothing,4752,1,08-11-2025,Delhi
6657,CUST_153,Books,4748,2,08-07-2025,Rajasthan
6658,CUST_267,Books,3966,3,14-08-2025,Delhi
6659,CUST_185,Books,543,4,23-02-2025,Rajasthan
6660,CUST_287,Electronics,173,4,15-04-2025,Delhi
6661,CUST_108,Books,4196,2,12-11-2025,Karnataka
6662,CUST_265,Books,448,4,15-06-2025,Mumbai
6663,CUST_219,Home Decor,2335,3,24-10-2025,UP
6664,CUST_228,Electronics,1832,3,01-12-2025,UP
6665,CUST_205,Home Decor,4937,5,02-01-2025,Delhi
6666,CUST_246,Home Decor,2943,2,06-10-2025,Mumbai
6667,CUST_265,Electronics,2071,5,23-11-2025,Mumbai
6668,CUST_270,Electronics,2812,3,30-06-2025,Delhi
6669,CUST_276,Clothing,4339,2,07-05-2025,Delhi
6670,CUST_206,Books,2362,1,27-11-2025,Delhi
6671,CUST_196,Home Decor,1205,5,10-12-2025,Delhi
6672,CUST_127,Clothing,1555,1,20-12-2025,Rajasthan
6673,CUST_261,Clothing,119,4,09-11-2025,Rajasthan
6674,CUST_131,Home Decor,4775,4,20-04-2025,Mumbai
6675,CUST_209,Electronics,4486,5,28-10-2025,Karnataka
6676,CUST_151,Clothing,4586,5,14-12-2025,Mumbai
6677,CUST_198,Electronics,955,1,10-12-2025,UP
6678,CUST_180,Books,4233,1,21-01-2025,Delhi
6679,CUST_168,Books,4821,5,04-07-2025,UP
6680,CUST_181,Home Decor,4275,3,15-01-2025,Delhi
6681,CUST_234,Electronics,3117,2,03-03-2025,Karnataka
6682,CUST_289,Clothing,637,5,23-09-2025,Mumbai
6683,CUST_256,Clothing,1858,1,13-04-2025,Karnataka
6684,CUST_293,Books,176,2,09-06-2025,Karnataka
6685,CUST_264,Clothing,2218,1,13-02-2025,Karnataka
6686,CUST_249,Clothing,1447,4,01-09-2025,Karnataka
6687,CUST_195,Books,1264,4,20-07-2025,Rajasthan
6688,CUST_102,Clothing,2235,2,02-06-2025,UP
6689,CUST_104,Books,4857,1,31-08-2025,UP
6690,CUST_137,Books,2948,4,01-10-2025,Mumbai
6691,CUST_153,Clothing,4934,5,03-08-2025,Delhi
6692,CUST_143,Electronics,4557,1,05-09-2025,Delhi
6693,CUST_158,Electronics,4153,5,15-05-2025,Karnataka
6694,CUST_210,Home Decor,2202,3,08-04-2025,Rajasthan
6695,CUST_215,Electronics,2163,3,29-01-2025,UP
6696,CUST_260,Books,2998,2,08-12-2025,Karnataka
6697,CUST_130,Electronics,1184,3,12-07-2025,Mumbai
6698,CUST_152,Home Decor,1468,5,12-06-2025,Mumbai
6699,CUST_256,Home Decor,1346,2,14-07-2025,Karnataka
6700,CUST_212,Electronics,4545,2,18-05-2025,UP
6701,CUST_170,Clothing,3275,3,22-01-2025,UP
6702,CUST_111,Clothing,3987,3,21-09-2025,Mumbai
6703,CUST_260,Clothing,271,5,13-08-2025,Delhi
6704,CUST_281,Electronics,4319,1,28-09-2025,UP
6705,CUST_254,Clothing,3568,1,06-05-2025,Karnataka
6706,CUST_140,Clothing,4886,4,29-07-2025,Mumbai
6707,CUST_264,Books,1475,2,26-10-2025,UP
6708,CUST_129,Books,3514,1,17-07-2025,Karnataka
6709,CUST_144,Books,939,3,09-12-2025,Karnataka
6710,CUST_190,Clothing,2612,3,22-03-2025,Mumbai
6711,CUST_246,Electronics,1712,2,27-11-2025,Delhi
6712,CUST_299,Electronics,1416,3,26-08-2025,Karnataka
6713,CUST_154,Books,2017,1,30-05-2025,Delhi
6714,CUST_166,Electronics,2939,3,21-07-2025,Rajasthan
6715,CUST_215,Home Decor,3835,1,07-01-2025,UP
6716,CUST_262,Books,2950,4,06-05-2025,Delhi
6717,CUST_144,Electronics,483,3,08-08-2025,Mumbai
6718,CUST_267,Clothing,4688,1,07-09-2025,Mumbai
6719,CUST_212,Clothing,4745,3,05-09-2025,Rajasthan
6720,CUST_152,Electronics,2739,3,15-05-2025,UP
6721,CUST_244,Home Decor,1072,1,18-06-2025,Rajasthan
6722,CUST_204,Home Decor,783,1,15-11-2025,UP
6723,CUST_249,Electronics,632,2,17-01-2025,Delhi
6724,CUST_300,Electronics,1406,1,24-07-2025,Karnataka
6725,CUST_221,Electronics,3972,2,17-03-2025,Rajasthan
6726,CUST_284,Home Decor,3189,4,03-10-2025,UP
6727,CUST_173,Clothing,4309,4,05-02-2025,Mumbai
6728,CUST_214,Books,2638,1,26-12-2025,Delhi
6729,CUST_171,Electronics,4214,5,26-07-2025,Mumbai
6730,CUST_163,Home Decor,1966,4,28-03-2025,Delhi
6731,CUST_233,Clothing,788,2,19-09-2025,Mumbai
6732,CUST_106,Home Decor,454,4,29-10-2025,Rajasthan
6733,CUST_210,Books,2047,4,07-01-2025,Rajasthan
6734,CUST_169,Clothing,3516,1,28-09-2025,Karnataka
6735,CUST_130,Home Decor,2862,4,07-08-2025,UP
6736,CUST_299,Home Decor,4717,4,08-07-2025,UP
6737,CUST_270,Home Decor,2335,2,10-06-2025,Karnataka
6738,CUST_290,Books,341,4,09-01-2025,Rajasthan
6739,CUST_259,Electronics,2736,2,03-07-2025,UP
6740,CUST_181,Books,1747,1,26-04-2025,Delhi
6741,CUST_156,Electronics,1161,5,08-02-2025,Delhi
6742,CUST_151,Books,368,5,07-03-2025,Karnataka
6743,CUST_110,Electronics,2858,3,27-04-2025,Karnataka
6744,CUST_171,Home Decor,1468,3,30-12-2025,UP
6745,CUST_275,Electronics,3341,2,25-12-2025,Mumbai
6746,CUST_184,Books,2381,2,13-11-2025,UP
6747,CUST_284,Electronics,734,1,08-12-2025,Mumbai
6748,CUST_279,Clothing,3133,3,27-03-2025,Delhi
6749,CUST_201,Clothing,2918,5,23-04-2025,UP
6750,CUST_224,Clothing,2028,1,15-11-2025,UP
6751,CUST_266,Books,2315,4,02-08-2025,Rajasthan
6752,CUST_162,Clothing,4272,2,18-06-2025,Mumbai
6753,CUST_268,Clothing,1005,1,17-03-2025,Karnataka
6754,CUST_122,Clothing,4326,1,13-10-2025,Mumbai
6755,CUST_259,Clothing,4670,4,13-09-2025,Mumbai
6756,CUST_289,Electronics,4235,3,14-08-2025,Mumbai
6757,CUST_199,Clothing,3319,5,03-05-2025,Rajasthan
6758,CUST_190,Electronics,2241,3,21-07-2025,UP
6759,CUST_288,Electronics,1609,1,04-08-2025,Mumbai
6760,CUST_165,Books,3663,2,16-03-2025,Rajasthan
6761,CUST_207,Clothing,2506,4,25-08-2025,Karnataka
6762,CUST_188,Clothing,3025,4,19-05-2025,Delhi
6763,CUST_245,Books,3499,1,04-06-2025,Delhi
6764,CUST_263,Home Decor,3796,1,03-08-2025,UP
6765,CUST_177,Clothing,2402,4,26-09-2025,UP
6766,CUST_112,Books,2354,3,13-07-2025,Karnataka
6767,CUST_214,Home Decor,1787,2,02-11-2025,UP
6768,CUST_236,Books,176,4,27-02-2025,Delhi
6769,CUST_255,Clothing,3368,2,17-05-2025,Rajasthan
6770,CUST_131,Books,2904,5,24-09-2025,Rajasthan
6771,CUST_157,Clothing,3053,2,06-11-2025,UP
6772,CUST_162,Electronics,1185,2,24-08-2025,UP
6773,CUST_178,Books,806,5,08-07-2025,Karnataka
6774,CUST_131,Electronics,313,5,02-04-2025,Mumbai
6775,CUST_279,Clothing,1652,1,07-01-2025,Delhi
6776,CUST_223,Books,3217,3,20-04-2025,UP
6777,CUST_277,Electronics,4227,3,01-10-2025,Rajasthan
6778,CUST_289,Home Decor,929,2,13-02-2025,Rajasthan
6779,CUST_139,Books,3637,3,24-08-2025,Mumbai
6780,CUST_225,Electronics,2274,2,11-10-2025,Delhi
6781,CUST_173,Electronics,3713,4,17-06-2025,Rajasthan
6782,CUST_176,Books,1247,4,15-05-2025,UP
6783,CUST_209,Clothing,2703,4,28-07-2025,Rajasthan
6784,CUST_192,Home Decor,1498,4,11-10-2025,Mumbai
6785,CUST_145,Books,461,3,16-09-2025,Rajasthan
6786,CUST_127,Home Decor,1095,5,03-09-2025,UP
6787,CUST_294,Electronics,3927,1,23-03-2025,Rajasthan
6788,CUST_166,Clothing,2662,3,29-07-2025,Karnataka
6789,CUST_221,Electronics,4378,1,31-03-2025,Karnataka
6790,CUST_223,Home Decor,2412,3,24-04-2025,Mumbai
6791,CUST_274,Electronics,3847,4,27-12-2025,Mumbai
6792,CUST_260,Electronics,2652,1,22-11-2025,Mumbai
6793,CUST_117,Clothing,1379,4,16-01-2025,Mumbai
6794,CUST_223,Electronics,2904,3,20-09-2025,Delhi
6795,CUST_259,Electronics,851,5,28-07-2025,Rajasthan
6796,CUST_168,Electronics,2024,1,03-11-2025,Rajasthan
6797,CUST_257,Home Decor,4269,4,07-01-2025,Mumbai
6798,CUST_110,Books,1743,1,18-12-2025,Karnataka
6799,CUST_210,Clothing,3511,4,18-01-2025,Karnataka
6800,CUST_124,Home Decor,4365,1,25-02-2025,Rajasthan
6801,CUST_295,Home Decor,1365,1,02-01-2025,Rajasthan
6802,CUST_185,Electronics,4473,5,14-06-2025,Mumbai
6803,CUST_239,Home Decor,2612,4,17-11-2025,Mumbai
6804,CUST_183,Home Decor,1489,3,27-08-2025,UP
6805,CUST_282,Books,1409,1,08-02-2025,Delhi
6806,CUST_192,Home Decor,4256,2,06-04-2025,Mumbai
6807,CUST_197,Home Decor,1596,2,17-03-2025,Mumbai
6808,CUST_283,Clothing,4679,1,02-01-2025,Mumbai
6809,CUST_200,Books,1361,2,24-06-2025,Mumbai
6810,CUST_217,Electronics,1335,4,01-08-2025,Karnataka
6811,CUST_263,Electronics,3818,2,30-07-2025,Karnataka
6812,CUST_263,Clothing,1308,3,16-09-2025,Karnataka
6813,CUST_211,Books,3993,4,09-02-2025,Mumbai
6814,CUST_194,Home Decor,1670,5,10-03-2025,Delhi
6815,CUST_179,Clothing,1015,4,31-12-2025,Rajasthan
6816,CUST_106,Electronics,4812,2,15-07-2025,Karnataka
6817,CUST_161,Clothing,4636,1,22-10-2025,Karnataka
6818,CUST_228,Clothing,3321,1,04-06-2025,Karnataka
6819,CUST_229,Home Decor,3424,1,07-03-2025,UP
6820,CUST_149,Electronics,4147,1,02-07-2025,Rajasthan
6821,CUST_274,Home Decor,1065,5,04-02-2025,Rajasthan
6822,CUST_267,Clothing,2812,2,02-02-2025,Delhi
6823,CUST_176,Books,2677,4,26-03-2025,Delhi
6824,CUST_130,Home Decor,4358,1,23-01-2025,Rajasthan
6825,CUST_274,Books,2733,1,05-07-2025,UP
6826,CUST_210,Electronics,2652,4,24-01-2025,UP
6827,CUST_208,Books,4409,4,18-02-2025,Rajasthan
6828,CUST_220,Books,4632,2,28-06-2025,Delhi
6829,CUST_168,Home Decor,3724,2,08-06-2025,Delhi
6830,CUST_175,Books,756,1,10-09-2025,UP
6831,CUST_218,Clothing,4533,5,18-06-2025,Karnataka
6832,CUST_247,Clothing,2253,2,26-01-2025,Karnataka
6833,CUST_236,Home Decor,4674,2,10-04-2025,Delhi
6834,CUST_158,Electronics,2375,4,15-10-2025,Karnataka
6835,CUST_187,Electronics,2960,1,06-11-2025,Karnataka
6836,CUST_238,Home Decor,1336,2,03-04-2025,Mumbai
6837,CUST_255,Clothing,2006,5,25-02-2025,Rajasthan
6838,CUST_121,Clothing,3498,5,03-06-2025,Delhi
6839,CUST_176,Home Decor,2369,4,30-05-2025,Rajasthan
6840,CUST_240,Clothing,467,1,12-04-2025,Delhi
6841,CUST_288,Electronics,2256,2,24-12-2025,Delhi
6842,CUST_239,Clothing,1635,5,04-11-2025,Delhi
6843,CUST_140,Books,1266,5,30-05-2025,Delhi
6844,CUST_251,Electronics,4693,4,16-07-2025,Karnataka
6845,CUST_173,Home Decor,3472,5,15-11-2025,Rajasthan
6846,CUST_272,Books,2948,4,19-03-2025,Mumbai
6847,CUST_252,Electronics,1628,4,06-06-2025,Rajasthan
6848,CUST_233,Clothing,2343,1,29-12-2025,Delhi
6849,CUST_101,Home Decor,1378,1,07-04-2025,Delhi
6850,CUST_299,Books,2910,1,07-09-2025,UP
6851,CUST_154,Clothing,849,4,20-07-2025,Delhi
6852,CUST_167,Home Decor,992,2,08-06-2025,UP
6853,CUST_172,Electronics,3116,2,14-09-2025,Rajasthan
6854,CUST_270,Home Decor,2994,4,26-08-2025,Delhi
6855,CUST_141,Home Decor,3297,4,17-02-2025,Rajasthan
6856,CUST_184,Clothing,3390,3,28-06-2025,Mumbai
6857,CUST_167,Home Decor,470,2,16-06-2025,Delhi
6858,CUST_101,Home Decor,4567,2,16-07-2025,Rajasthan
6859,CUST_117,Books,3180,1,09-10-2025,Karnataka
6860,CUST_143,Electronics,1788,2,15-01-2025,Rajasthan
6861,CUST_115,Books,2988,4,24-03-2025,Karnataka
6862,CUST_289,Home Decor,1244,1,28-07-2025,Karnataka
6863,CUST_246,Clothing,1866,2,17-07-2025,UP
6864,CUST_185,Clothing,553,2,15-03-2025,Karnataka
6865,CUST_280,Books,2272,1,13-01-2025,Delhi
6866,CUST_103,Electronics,3613,5,12-04-2025,Rajasthan
6867,CUST_180,Electronics,1869,3,16-08-2025,Delhi
6868,CUST_255,Electronics,4271,3,18-10-2025,UP
6869,CUST_285,Books,1575,2,03-12-2025,Karnataka
6870,CUST_173,Electronics,792,1,07-08-2025,Mumbai
6871,CUST_215,Home Decor,4280,5,29-08-2025,Mumbai
6872,CUST_229,Electronics,433,3,01-01-2025,Rajasthan
6873,CUST_270,Home Decor,3362,5,03-06-2025,UP
6874,CUST_258,Home Decor,1234,2,04-01-2025,Mumbai
6875,CUST_256,Electronics,2974,3,26-09-2025,Rajasthan
6876,CUST_130,Electronics,2037,5,20-03-2025,Delhi
6877,CUST_168,Home Decor,1748,4,14-08-2025,Mumbai
6878,CUST_256,Books,2717,4,29-05-2025,Mumbai
6879,CUST_125,Books,4271,1,14-07-2025,Karnataka
6880,CUST_271,Clothing,775,2,08-08-2025,UP
6881,CUST_117,Books,2518,5,10-05-2025,Mumbai
6882,CUST_165,Home Decor,2042,1,25-07-2025,UP
6883,CUST_144,Books,3562,5,13-11-2025,Karnataka
6884,CUST_229,Books,1231,1,17-05-2025,Karnataka
6885,CUST_274,Books,3910,2,03-10-2025,Mumbai
6886,CUST_276,Clothing,2060,5,08-08-2025,Rajasthan
6887,CUST_252,Clothing,4905,3,20-05-2025,Delhi
6888,CUST_282,Home Decor,3448,2,23-11-2025,UP
6889,CUST_188,Books,1707,3,19-03-2025,Mumbai
6890,CUST_270,Electronics,2307,1,28-11-2025,Delhi
6891,CUST_119,Electronics,1667,5,04-06-2025,UP
6892,CUST_216,Electronics,779,2,29-06-2025,Rajasthan
6893,CUST_269,Home Decor,3318,3,21-10-2025,Delhi
6894,CUST_249,Home Decor,4153,2,18-10-2025,Delhi
6895,CUST_251,Electronics,1122,2,05-06-2025,UP
6896,CUST_280,Clothing,1193,2,01-01-2025,Karnataka
6897,CUST_113,Home Decor,3962,3,03-09-2025,Rajasthan
6898,CUST_150,Home Decor,1858,5,02-12-2025,Delhi
6899,CUST_249,Clothing,4381,4,18-11-2025,Delhi
6900,CUST_174,Books,1839,3,22-12-2025,Delhi
6901,CUST_100,Books,729,3,16-08-2025,Delhi
6902,CUST_155,Home Decor,2546,5,02-10-2025,Mumbai
6903,CUST_206,Home Decor,4140,5,03-08-2025,Rajasthan
6904,CUST_222,Clothing,2339,4,07-02-2025,Mumbai
6905,CUST_101,Books,4269,2,11-02-2025,Rajasthan
6906,CUST_265,Clothing,3728,4,06-12-2025,Delhi
6907,CUST_106,Books,2817,5,27-08-2025,Karnataka
6908,CUST_143,Clothing,4484,5,21-11-2025,Delhi
6909,CUST_160,Books,2584,4,05-09-2025,Karnataka
6910,CUST_144,Electronics,4582,5,25-06-2025,Rajasthan
6911,CUST_160,Books,277,1,11-03-2025,UP
6912,CUST_247,Electronics,4373,1,08-11-2025,Karnataka
6913,CUST_146,Electronics,940,5,10-05-2025,UP
6914,CUST_193,Books,1653,5,11-04-2025,UP
6915,CUST_136,Clothing,4360,1,02-07-2025,Mumbai
6916,CUST_151,Home Decor,1701,2,03-10-2025,Delhi
6917,CUST_227,Books,4234,4,29-06-2025,Mumbai
6918,CUST_133,Home Decor,4366,1,01-02-2025,Rajasthan
6919,CUST_126,Books,997,4,24-08-2025,Karnataka
6920,CUST_299,Electronics,4904,5,18-05-2025,Rajasthan
6921,CUST_163,Books,2387,4,01-10-2025,Mumbai
6922,CUST_273,Books,2278,5,02-05-2025,Mumbai
6923,CUST_176,Books,3691,2,25-04-2025,UP
6924,CUST_266,Home Decor,2967,5,13-03-2025,Mumbai
6925,CUST_242,Books,1492,2,22-04-2025,Karnataka
6926,CUST_127,Home Decor,2601,2,11-03-2025,UP
6927,CUST_160,Electronics,223,2,30-12-2025,Rajasthan
6928,CUST_100,Home Decor,1728,2,28-07-2025,Delhi
6929,CUST_237,Clothing,1084,2,22-07-2025,Mumbai
6930,CUST_189,Electronics,4808,3,01-12-2025,Mumbai
6931,CUST_122,Electronics,2007,5,11-11-2025,Rajasthan
6932,CUST_234,Home Decor,3123,2,25-05-2025,Delhi
6933,CUST_273,Home Decor,4473,4,23-02-2025,UP
6934,CUST_119,Clothing,4672,1,25-05-2025,Rajasthan
6935,CUST_151,Electronics,4982,3,22-05-2025,UP
6936,CUST_181,Home Decor,794,3,11-08-2025,Karnataka
6937,CUST_274,Electronics,941,4,01-03-2025,Rajasthan
6938,CUST_192,Books,2786,2,11-04-2025,Mumbai
6939,CUST_194,Clothing,2313,2,14-10-2025,Mumbai
6940,CUST_151,Electronics,3950,3,31-01-2025,Mumbai
6941,CUST_223,Electronics,4621,1,12-05-2025,UP
6942,CUST_177,Home Decor,2132,4,10-10-2025,Rajasthan
6943,CUST_295,Clothing,725,5,21-05-2025,Karnataka
6944,CUST_101,Electronics,1923,4,07-08-2025,Delhi
6945,CUST_223,Books,3279,3,08-09-2025,Delhi
6946,CUST_142,Books,2518,4,08-03-2025,Delhi
6947,CUST_105,Electronics,2942,3,06-03-2025,Rajasthan
6948,CUST_294,Electronics,1752,4,18-10-2025,Rajasthan
6949,CUST_205,Home Decor,946,4,01-07-2025,Delhi
6950,CUST_166,Clothing,807,3,13-04-2025,Mumbai
6951,CUST_209,Clothing,245,3,19-03-2025,UP
6952,CUST_180,Clothing,830,5,27-03-2025,Mumbai
6953,CUST_263,Electronics,1537,4,20-08-2025,Delhi
6954,CUST_104,Clothing,1193,5,15-10-2025,Mumbai
6955,CUST_266,Books,2129,5,23-09-2025,UP
6956,CUST_284,Electronics,2233,3,19-07-2025,Delhi
6957,CUST_108,Electronics,764,4,25-07-2025,Delhi
6958,CUST_158,Home Decor,409,3,17-06-2025,Mumbai
6959,CUST_270,Electronics,4354,5,09-06-2025,Mumbai
6960,CUST_210,Home Decor,497,4,02-10-2025,Karnataka
6961,CUST_272,Books,2344,3,05-10-2025,Delhi
6962,CUST_288,Clothing,4999,3,17-04-2025,Rajasthan
6963,CUST_272,Home Decor,1273,5,28-12-2025,Karnataka
6964,CUST_107,Clothing,4780,3,24-02-2025,UP
6965,CUST_164,Books,2425,3,12-03-2025,Rajasthan
6966,CUST_281,Books,633,5,24-10-2025,Delhi
6967,CUST_155,Books,3891,2,30-05-2025,Mumbai
6968,CUST_132,Electronics,2901,5,28-05-2025,Rajasthan
6969,CUST_230,Home Decor,890,2,24-09-2025,Karnataka
6970,CUST_108,Electronics,1642,3,29-03-2025,Mumbai
6971,CUST_281,Books,236,4,28-06-2025,UP
6972,CUST_284,Books,207,1,31-10-2025,Karnataka
6973,CUST_165,Electronics,1429,4,11-05-2025,Mumbai
6974,CUST_258,Books,4804,4,06-06-2025,Delhi
6975,CUST_186,Home Decor,2065,5,14-12-2025,Karnataka
6976,CUST_123,Electronics,2260,4,15-07-2025,Rajasthan
6977,CUST_167,Clothing,2306,2,15-12-2025,Rajasthan
6978,CUST_227,Electronics,3153,1,10-09-2025,Delhi
6979,CUST_167,Books,4615,5,20-05-2025,UP
6980,CUST_219,Electronics,1170,1,06-11-2025,Karnataka
6981,CUST_253,Electronics,4706,1,15-02-2025,Karnataka
6982,CUST_242,Books,4620,1,20-12-2025,Delhi
6983,CUST_279,Books,4948,4,06-07-2025,Mumbai
6984,CUST_126,Clothing,3871,2,25-06-2025,Mumbai
6985,CUST_109,Clothing,4000,2,01-01-2025,UP
6986,CUST_138,Clothing,2591,4,14-09-2025,UP
6987,CUST_154,Home Decor,4225,5,26-02-2025,Mumbai
6988,CUST_121,Electronics,250,5,10-06-2025,Karnataka
6989,CUST_159,Clothing,4692,2,10-02-2025,Delhi
6990,CUST_132,Books,753,2,24-02-2025,UP
6991,CUST_183,Clothing,2301,4,28-02-2025,Rajasthan
6992,CUST_211,Clothing,3546,2,24-09-2025,Karnataka
6993,CUST_293,Electronics,2951,1,28-10-2025,UP
6994,CUST_203,Clothing,3256,4,28-07-2025,Rajasthan
6995,CUST_187,Clothing,2723,4,21-01-2025,Mumbai
6996,CUST_133,Home Decor,4194,5,27-08-2025,Karnataka
6997,CUST_110,Books,4309,4,19-11-2025,Mumbai
6998,CUST_289,Home Decor,815,5,25-01-2025,UP
6999,CUST_181,Books,1728,2,01-04-2025,Delhi
7000,CUST_285,Home Decor,3244,1,30-04-2025,Karnataka
7001,CUST_245,Clothing,2527,2,22-06-2025,Karnataka
7002,CUST_165,Home Decor,3401,5,02-11-2025,Rajasthan
7003,CUST_108,Clothing,3019,2,04-10-2025,UP
7004,CUST_224,Books,868,4,17-07-2025,Delhi
7005,CUST_250,Clothing,4375,2,04-03-2025,UP
7006,CUST_296,Books,2989,5,04-12-2025,Rajasthan
7007,CUST_147,Clothing,692,4,29-10-2025,Karnataka
7008,CUST_297,Clothing,110,1,03-03-2025,UP
7009,CUST_105,Home Decor,122,2,30-06-2025,Karnataka
7010,CUST_295,Electronics,2023,4,01-05-2025,Mumbai
7011,CUST_164,Clothing,3202,5,13-08-2025,UP
7012,CUST_182,Home Decor,209,4,14-10-2025,Delhi
7013,CUST_275,Books,4580,3,06-03-2025,Delhi
7014,CUST_125,Electronics,3752,3,03-09-2025,Rajasthan
7015,CUST_131,Electronics,1791,5,20-04-2025,UP
7016,CUST_162,Clothing,2634,5,04-02-2025,Mumbai
7017,CUST_220,Clothing,259,5,28-04-2025,Rajasthan
7018,CUST_251,Electronics,1044,4,08-01-2025,Delhi
7019,CUST_115,Electronics,3713,1,12-10-2025,Karnataka
7020,CUST_252,Books,4490,1,11-03-2025,Delhi
7021,CUST_228,Home Decor,2677,3,23-01-2025,Mumbai
7022,CUST_116,Books,4413,4,13-02-2025,Rajasthan
7023,CUST_159,Books,662,4,02-07-2025,Mumbai
7024,CUST_140,Electronics,1016,3,16-01-2025,Karnataka
7025,CUST_273,Home Decor,3631,4,08-07-2025,Mumbai
7026,CUST_113,Home Decor,1028,1,09-10-2025,UP
7027,CUST_283,Electronics,1860,2,16-02-2025,Mumbai
7028,CUST_236,Books,3055,2,19-06-2025,UP
7029,CUST_164,Books,3030,4,05-02-2025,Delhi
7030,CUST_265,Clothing,2357,1,06-06-2025,Delhi
7031,CUST_288,Clothing,1972,3,04-04-2025,Karnataka
7032,CUST_104,Books,3153,5,25-09-2025,Delhi
7033,CUST_138,Clothing,1365,3,23-10-2025,Karnataka
7034,CUST_235,Books,4230,1,02-06-2025,Karnataka
7035,CUST_211,Books,1512,5,25-11-2025,Delhi
7036,CUST_156,Electronics,1737,2,23-05-2025,Delhi
7037,CUST_210,Books,1496,4,11-11-2025,UP
7038,CUST_146,Books,1052,2,09-07-2025,UP
7039,CUST_161,Clothing,3760,1,04-09-2025,Rajasthan
7040,CUST_282,Electronics,1388,4,21-04-2025,Rajasthan
7041,CUST_214,Home Decor,2993,4,16-02-2025,Rajasthan
7042,CUST_269,Home Decor,267,4,11-05-2025,Rajasthan
7043,CUST_258,Electronics,1055,5,05-05-2025,Karnataka
7044,CUST_243,Electronics,3687,3,20-06-2025,Rajasthan
7045,CUST_173,Electronics,4451,5,08-11-2025,Karnataka
7046,CUST_199,Home Decor,137,2,11-03-2025,Delhi
7047,CUST_103,Home Decor,347,4,07-12-2025,Karnataka
7048,CUST_225,Electronics,3721,5,04-09-2025,UP
7049,CUST_190,Books,4262,5,14-06-2025,Rajasthan
7050,CUST_153,Electronics,4987,3,20-12-2025,Karnataka
7051,CUST_243,Electronics,3932,4,09-09-2025,Rajasthan
7052,CUST_140,Electronics,472,2,24-05-2025,Rajasthan
7053,CUST_151,Books,2480,5,04-04-2025,Delhi
7054,CUST_218,Electronics,902,5,03-09-2025,Karnataka
7055,CUST_268,Electronics,2010,1,30-11-2025,Karnataka
7056,CUST_262,Books,892,1,11-07-2025,Delhi
7057,CUST_183,Electronics,3511,3,03-10-2025,UP
7058,CUST_148,Home Decor,1730,4,18-08-2025,Mumbai
7059,CUST_165,Home Decor,1048,5,28-06-2025,Delhi
7060,CUST_288,Electronics,1087,5,12-09-2025,Rajasthan
7061,CUST_271,Electronics,4088,1,18-12-2025,Karnataka
7062,CUST_183,Electronics,1210,4,07-04-2025,Mumbai
7063,CUST_222,Electronics,2164,2,29-09-2025,Mumbai
7064,CUST_100,Books,502,5,30-12-2025,Mumbai
7065,CUST_145,Books,1573,1,09-04-2025,Rajasthan
7066,CUST_296,Electronics,175,3,23-01-2025,Karnataka
7067,CUST_239,Clothing,2113,4,01-04-2025,Mumbai
7068,CUST_283,Home Decor,4596,2,23-10-2025,Mumbai
7069,CUST_255,Electronics,2934,2,28-05-2025,Delhi
7070,CUST_134,Electronics,2430,2,04-01-2025,Delhi
7071,CUST_260,Home Decor,737,5,24-11-2025,Mumbai
7072,CUST_236,Home Decor,1601,1,10-09-2025,UP
7073,CUST_262,Electronics,4623,5,15-01-2025,Mumbai
7074,CUST_244,Electronics,3025,1,28-08-2025,Karnataka
7075,CUST_293,Electronics,2897,3,29-06-2025,Rajasthan
7076,CUST_192,Books,4090,1,04-12-2025,Rajasthan
7077,CUST_232,Books,637,5,01-03-2025,Rajasthan
7078,CUST_123,Books,1155,5,09-07-2025,Mumbai
7079,CUST_172,Books,3727,5,23-09-2025,Rajasthan
7080,CUST_202,Home Decor,2611,5,31-03-2025,UP
7081,CUST_224,Home Decor,4120,5,19-10-2025,Karnataka
7082,CUST_245,Clothing,749,3,22-12-2025,Rajasthan
7083,CUST_194,Clothing,1088,4,12-12-2025,Rajasthan
7084,CUST_162,Books,2943,5,16-12-2025,Rajasthan
7085,CUST_245,Clothing,3886,5,04-12-2025,UP
7086,CUST_287,Clothing,3986,3,23-06-2025,Delhi
7087,CUST_215,Electronics,297,4,19-02-2025,Rajasthan
7088,CUST_286,Clothing,3375,2,16-04-2025,UP
7089,CUST_226,Clothing,1394,4,17-07-2025,Mumbai
7090,CUST_233,Clothing,3446,5,13-07-2025,Karnataka
7091,CUST_241,Electronics,1105,1,06-12-2025,Delhi
7092,CUST_119,Home Decor,1722,4,28-03-2025,UP
7093,CUST_115,Home Decor,1080,2,27-07-2025,UP
7094,CUST_291,Electronics,1415,1,03-03-2025,UP
7095,CUST_124,Clothing,639,4,28-10-2025,Delhi
7096,CUST_176,Books,2617,5,12-11-2025,UP
7097,CUST_297,Books,3025,4,29-12-2025,UP
7098,CUST_207,Home Decor,347,3,04-08-2025,UP
7099,CUST_217,Books,3782,5,29-04-2025,UP
7100,CUST_273,Books,676,2,14-10-2025,Delhi
7101,CUST_255,Home Decor,802,1,17-08-2025,Mumbai
7102,CUST_220,Home Decor,3711,5,07-12-2025,Karnataka
7103,CUST_159,Electronics,3689,2,31-01-2025,UP
7104,CUST_192,Home Decor,1657,5,22-03-2025,Karnataka
7105,CUST_143,Electronics,650,2,13-04-2025,Karnataka
7106,CUST_153,Clothing,3621,2,28-10-2025,UP
7107,CUST_292,Clothing,4985,1,12-03-2025,Delhi
7108,CUST_291,Clothing,1186,5,14-12-2025,Rajasthan
7109,CUST_222,Clothing,4329,1,23-11-2025,Delhi
7110,CUST_162,Home Decor,4178,4,30-03-2025,Delhi
7111,CUST_165,Electronics,1959,1,11-11-2025,Delhi
7112,CUST_229,Home Decor,1403,2,04-03-2025,Rajasthan
7113,CUST_186,Books,198,4,08-06-2025,UP
7114,CUST_183,Electronics,1896,1,12-04-2025,Rajasthan
7115,CUST_268,Books,3596,4,28-10-2025,Karnataka
7116,CUST_111,Books,1268,3,22-01-2025,UP
7117,CUST_113,Electronics,4057,1,03-01-2025,Delhi
7118,CUST_102,Home Decor,3642,2,22-06-2025,Delhi
7119,CUST_249,Clothing,4475,4,20-04-2025,Mumbai
7120,CUST_169,Clothing,4348,1,25-08-2025,Mumbai
7121,CUST_163,Clothing,1725,5,22-03-2025,UP
7122,CUST_233,Home Decor,3343,3,02-01-2025,Delhi
7123,CUST_247,Clothing,2319,1,21-04-2025,UP
7124,CUST_106,Clothing,1920,1,22-01-2025,Rajasthan
7125,CUST_253,Books,4698,1,05-04-2025,Delhi
7126,CUST_294,Home Decor,3121,3,06-04-2025,Mumbai
7127,CUST_101,Home Decor,2338,5,19-04-2025,Mumbai
7128,CUST_282,Home Decor,3323,2,07-05-2025,Delhi
7129,CUST_234,Books,3806,4,10-11-2025,UP
7130,CUST_169,Clothing,4913,1,21-07-2025,Karnataka
7131,CUST_235,Home Decor,2082,1,28-12-2025,UP
7132,CUST_269,Home Decor,3567,3,12-11-2025,UP
7133,CUST_128,Books,1463,1,17-06-2025,Rajasthan
7134,CUST_289,Clothing,519,4,24-07-2025,Delhi
7135,CUST_176,Electronics,1583,4,03-05-2025,Mumbai
7136,CUST_202,Home Decor,2313,2,25-10-2025,Rajasthan
7137,CUST_170,Books,3061,2,08-10-2025,Delhi
7138,CUST_288,Books,2820,3,10-09-2025,Delhi
7139,CUST_261,Home Decor,1282,1,04-09-2025,Rajasthan
7140,CUST_223,Books,2188,2,14-01-2025,Rajasthan
7141,CUST_274,Electronics,3637,2,19-07-2025,Rajasthan
7142,CUST_183,Clothing,4859,4,05-02-2025,Mumbai
7143,CUST_271,Books,4785,5,27-10-2025,Karnataka
7144,CUST_208,Home Decor,4865,5,22-10-2025,Delhi
7145,CUST_170,Clothing,4552,2,03-08-2025,Delhi
7146,CUST_168,Electronics,4083,5,19-05-2025,Rajasthan
7147,CUST_219,Books,3549,2,25-07-2025,Delhi
7148,CUST_247,Clothing,4423,3,11-01-2025,Karnataka
7149,CUST_251,Clothing,558,1,15-10-2025,Delhi
7150,CUST_209,Electronics,2481,2,02-11-2025,Rajasthan
7151,CUST_126,Home Decor,3545,4,04-01-2025,Karnataka
7152,CUST_290,Clothing,4339,4,07-05-2025,Rajasthan
7153,CUST_266,Books,4968,5,29-03-2025,Delhi
7154,CUST_171,Books,2232,5,07-03-2025,Rajasthan
7155,CUST_218,Clothing,4415,2,09-03-2025,Delhi
7156,CUST_255,Clothing,2722,5,16-06-2025,Karnataka
7157,CUST_225,Home Decor,4940,5,07-07-2025,Rajasthan
7158,CUST_281,Home Decor,1283,3,18-11-2025,Mumbai
7159,CUST_200,Home Decor,4327,5,21-12-2025,Karnataka
7160,CUST_149,Books,4973,5,07-07-2025,Rajasthan
7161,CUST_288,Clothing,4521,4,07-04-2025,Karnataka
7162,CUST_230,Home Decor,4623,4,10-07-2025,Karnataka
7163,CUST_225,Clothing,2379,2,02-01-2025,Mumbai
7164,CUST_103,Home Decor,4603,1,24-05-2025,Karnataka
7165,CUST_264,Books,2600,2,22-12-2025,Mumbai
7166,CUST_259,Electronics,4172,1,21-06-2025,Delhi
7167,CUST_229,Electronics,971,4,30-07-2025,Karnataka
7168,CUST_289,Clothing,3494,3,06-12-2025,Rajasthan
7169,CUST_179,Home Decor,515,4,22-03-2025,Karnataka
7170,CUST_270,Electronics,4945,1,03-06-2025,Delhi
7171,CUST_234,Electronics,1881,5,08-07-2025,Rajasthan
7172,CUST_150,Clothing,1587,2,09-07-2025,UP
7173,CUST_140,Books,4161,4,08-10-2025,Karnataka
7174,CUST_151,Electronics,2062,4,05-06-2025,UP
7175,CUST_193,Clothing,1071,3,14-04-2025,Karnataka
7176,CUST_285,Electronics,4327,1,20-02-2025,Rajasthan
7177,CUST_123,Books,1552,2,27-06-2025,UP
7178,CUST_188,Clothing,4033,4,10-01-2025,Karnataka
7179,CUST_261,Books,1144,2,18-09-2025,UP
7180,CUST_194,Books,2853,5,09-06-2025,Mumbai
7181,CUST_112,Clothing,2030,3,24-11-2025,Delhi
7182,CUST_287,Home Decor,1652,1,16-06-2025,Mumbai
7183,CUST_129,Books,4422,5,20-03-2025,Karnataka
7184,CUST_142,Electronics,1675,2,05-03-2025,UP
7185,CUST_209,Home Decor,3547,4,07-08-2025,Delhi
7186,CUST_147,Clothing,3936,2,14-08-2025,Rajasthan
7187,CUST_130,Electronics,4105,3,19-08-2025,UP
7188,CUST_192,Books,1095,1,08-08-2025,Rajasthan
7189,CUST_196,Electronics,3104,3,01-03-2025,Karnataka
7190,CUST_102,Home Decor,1644,5,06-01-2025,Rajasthan
7191,CUST_222,Electronics,234,1,01-02-2025,Karnataka
7192,CUST_101,Electronics,3533,4,30-09-2025,Karnataka
7193,CUST_212,Home Decor,4643,4,20-08-2025,Karnataka
7194,CUST_217,Home Decor,3693,4,02-01-2025,UP
7195,CUST_134,Electronics,1077,5,04-05-2025,Delhi
7196,CUST_261,Books,1738,2,25-02-2025,Delhi
7197,CUST_201,Home Decor,3521,1,25-04-2025,UP
7198,CUST_195,Clothing,4610,2,30-06-2025,Karnataka
7199,CUST_106,Home Decor,2572,1,26-01-2025,Karnataka
7200,CUST_117,Home Decor,118,1,14-06-2025,UP
7201,CUST_237,Electronics,4290,5,17-05-2025,Mumbai
7202,CUST_113,Electronics,410,5,27-12-2025,Mumbai
7203,CUST_288,Electronics,2514,3,30-06-2025,Rajasthan
7204,CUST_196,Books,3306,5,30-01-2025,Rajasthan
7205,CUST_298,Clothing,3857,2,16-02-2025,Delhi
7206,CUST_288,Books,2504,3,06-05-2025,Karnataka
7207,CUST_102,Home Decor,4753,5,16-08-2025,Karnataka
7208,CUST_246,Electronics,270,5,05-07-2025,Mumbai
7209,CUST_247,Electronics,3335,3,30-08-2025,Mumbai
7210,CUST_176,Home Decor,2016,1,25-03-2025,Karnataka
7211,CUST_184,Books,1151,5,22-01-2025,Karnataka
7212,CUST_122,Home Decor,4886,1,02-05-2025,Mumbai
7213,CUST_183,Books,1401,1,04-04-2025,Karnataka
7214,CUST_268,Books,3636,3,12-05-2025,Rajasthan
7215,CUST_256,Home Decor,1030,3,24-03-2025,UP
7216,CUST_183,Clothing,498,1,17-08-2025,Rajasthan
7217,CUST_157,Home Decor,4234,3,19-09-2025,Mumbai
7218,CUST_188,Home Decor,604,2,05-12-2025,Rajasthan
7219,CUST_291,Home Decor,3924,1,13-05-2025,Delhi
7220,CUST_253,Clothing,4268,5,01-08-2025,Rajasthan
7221,CUST_292,Home Decor,1089,5,17-06-2025,UP
7222,CUST_250,Books,658,2,13-02-2025,Karnataka
7223,CUST_144,Electronics,4148,3,11-02-2025,Karnataka
7224,CUST_158,Books,3393,2,12-06-2025,Rajasthan
7225,CUST_232,Clothing,2660,5,31-10-2025,Delhi
7226,CUST_161,Home Decor,1123,3,25-02-2025,Karnataka
7227,CUST_113,Home Decor,767,1,08-05-2025,UP
7228,CUST_104,Electronics,2511,2,17-11-2025,Mumbai
7229,CUST_106,Books,4176,3,30-04-2025,Mumbai
7230,CUST_143,Home Decor,3273,4,17-03-2025,Mumbai
7231,CUST_134,Books,836,4,23-02-2025,Rajasthan
7232,CUST_261,Books,1738,4,26-10-2025,Rajasthan
7233,CUST_101,Electronics,4953,1,25-04-2025,UP
7234,CUST_194,Electronics,3886,2,10-09-2025,Rajasthan
7235,CUST_116,Electronics,3552,4,18-01-2025,UP
7236,CUST_167,Home Decor,1416,5,17-09-2025,UP
7237,CUST_165,Home Decor,3663,1,22-01-2025,Delhi
7238,CUST_167,Home Decor,629,4,07-05-2025,UP
7239,CUST_182,Books,3577,4,09-12-2025,Delhi
7240,CUST_187,Home Decor,2731,2,24-10-2025,UP
7241,CUST_156,Electronics,3657,1,02-09-2025,Mumbai
7242,CUST_182,Home Decor,2364,5,05-03-2025,Mumbai
7243,CUST_127,Home Decor,781,1,21-09-2025,Rajasthan
7244,CUST_121,Clothing,4099,2,19-01-2025,UP
7245,CUST_229,Home Decor,1879,4,20-01-2025,Karnataka
7246,CUST_197,Clothing,3872,5,17-08-2025,Rajasthan
7247,CUST_289,Books,3067,3,28-11-2025,Delhi
7248,CUST_157,Books,963,1,18-04-2025,Delhi
7249,CUST_131,Electronics,2511,5,21-05-2025,Delhi
7250,CUST_188,Books,3558,5,03-11-2025,UP
7251,CUST_129,Home Decor,4837,5,10-06-2025,Mumbai
7252,CUST_270,Electronics,4619,5,28-04-2025,UP
7253,CUST_140,Electronics,419,5,18-01-2025,UP
7254,CUST_177,Books,1216,2,03-02-2025,Rajasthan
7255,CUST_281,Books,2106,4,17-04-2025,Rajasthan
7256,CUST_163,Electronics,492,3,02-05-2025,Delhi
7257,CUST_138,Clothing,4726,3,05-10-2025,Rajasthan
7258,CUST_241,Electronics,1395,4,05-11-2025,Karnataka
7259,CUST_241,Clothing,1513,5,26-01-2025,Karnataka
7260,CUST_300,Home Decor,1196,1,19-09-2025,Delhi
7261,CUST_153,Books,2065,4,02-02-2025,Karnataka
7262,CUST_237,Books,1757,1,22-09-2025,UP
7263,CUST_119,Books,606,1,05-07-2025,Karnataka
7264,CUST_249,Home Decor,1802,4,18-02-2025,Delhi
7265,CUST_256,Electronics,4307,5,21-10-2025,UP
7266,CUST_173,Books,112,5,12-01-2025,Delhi
7267,CUST_258,Clothing,3711,4,12-09-2025,UP
7268,CUST_198,Electronics,850,3,28-07-2025,UP
7269,CUST_288,Books,317,4,04-03-2025,UP
7270,CUST_153,Home Decor,2264,5,31-10-2025,Rajasthan
7271,CUST_208,Books,2886,5,01-11-2025,Delhi
7272,CUST_167,Home Decor,3331,4,12-03-2025,Karnataka
7273,CUST_181,Clothing,3857,1,24-02-2025,Delhi
7274,CUST_274,Books,3945,2,16-12-2025,Rajasthan
7275,CUST_157,Electronics,1305,3,10-08-2025,Mumbai
7276,CUST_257,Books,1762,4,18-06-2025,Delhi
7277,CUST_279,Home Decor,4300,4,22-09-2025,Rajasthan
7278,CUST_293,Electronics,1100,4,25-12-2025,UP
7279,CUST_136,Books,416,3,01-01-2025,Mumbai
7280,CUST_218,Clothing,2995,1,08-05-2025,Karnataka
7281,CUST_190,Electronics,2367,4,01-08-2025,Mumbai
7282,CUST_230,Books,1956,5,14-07-2025,Karnataka
7283,CUST_242,Electronics,3280,4,27-06-2025,Delhi
7284,CUST_246,Home Decor,2328,4,26-06-2025,Rajasthan
7285,CUST_195,Clothing,1317,5,02-10-2025,Rajasthan
7286,CUST_253,Books,2296,1,05-11-2025,Rajasthan
7287,CUST_109,Books,1763,1,07-08-2025,Delhi
7288,CUST_290,Books,3758,1,05-02-2025,Mumbai
7289,CUST_110,Clothing,4238,1,25-02-2025,Delhi
7290,CUST_270,Home Decor,1121,3,25-07-2025,UP
7291,CUST_142,Home Decor,497,2,26-04-2025,Mumbai
7292,CUST_260,Electronics,1724,3,05-06-2025,UP
7293,CUST_225,Electronics,3499,3,14-07-2025,Rajasthan
7294,CUST_204,Home Decor,2093,2,31-10-2025,Karnataka
7295,CUST_200,Books,2821,2,05-11-2025,Delhi
7296,CUST_111,Home Decor,1683,5,11-01-2025,Rajasthan
7297,CUST_135,Books,4118,3,10-01-2025,UP
7298,CUST_288,Electronics,2002,2,27-03-2025,UP
7299,CUST_181,Clothing,1565,5,26-01-2025,Karnataka
7300,CUST_198,Clothing,4626,4,11-07-2025,Karnataka
7301,CUST_163,Home Decor,2974,2,30-01-2025,UP
7302,CUST_140,Electronics,4058,1,17-08-2025,Karnataka
7303,CUST_241,Electronics,1798,3,10-06-2025,Mumbai
7304,CUST_135,Clothing,4635,2,11-04-2025,Rajasthan
7305,CUST_109,Clothing,1729,3,14-02-2025,Karnataka
7306,CUST_285,Books,4315,1,03-02-2025,Rajasthan
7307,CUST_285,Home Decor,2784,5,17-10-2025,Rajasthan
7308,CUST_100,Electronics,3445,4,02-05-2025,Karnataka
7309,CUST_163,Electronics,2798,4,30-01-2025,Delhi
7310,CUST_248,Electronics,2978,1,22-09-2025,UP
7311,CUST_190,Home Decor,332,1,26-10-2025,Rajasthan
7312,CUST_210,Electronics,4180,5,30-10-2025,Rajasthan
7313,CUST_205,Books,2479,4,10-06-2025,Mumbai
7314,CUST_283,Books,1535,5,22-11-2025,Delhi
7315,CUST_145,Books,3976,5,26-04-2025,Karnataka
7316,CUST_281,Electronics,269,2,28-12-2025,Karnataka
7317,CUST_296,Home Decor,4127,2,28-05-2025,Rajasthan
7318,CUST_228,Clothing,2271,3,09-03-2025,UP
7319,CUST_283,Books,3937,2,03-02-2025,Mumbai
7320,CUST_229,Electronics,1610,5,15-07-2025,Rajasthan
7321,CUST_191,Electronics,1229,5,08-03-2025,Mumbai
7322,CUST_238,Clothing,2582,2,13-03-2025,Karnataka
7323,CUST_287,Clothing,3998,3,16-03-2025,Delhi
7324,CUST_110,Clothing,2674,4,23-10-2025,Delhi
7325,CUST_295,Electronics,2232,2,02-01-2025,Rajasthan
7326,CUST_195,Books,1301,5,19-01-2025,Rajasthan
7327,CUST_284,Home Decor,3812,1,16-09-2025,Rajasthan
7328,CUST_221,Books,1450,5,21-11-2025,Karnataka
7329,CUST_253,Home Decor,1170,2,18-08-2025,Rajasthan
7330,CUST_291,Electronics,2564,1,01-10-2025,Rajasthan
7331,CUST_138,Clothing,4512,3,30-03-2025,UP
7332,CUST_280,Books,610,1,18-10-2025,UP
7333,CUST_256,Home Decor,3568,2,01-01-2025,Rajasthan
7334,CUST_238,Electronics,1688,2,07-04-2025,Karnataka
7335,CUST_164,Home Decor,4523,3,03-03-2025,Mumbai
7336,CUST_179,Electronics,609,2,01-11-2025,Rajasthan
7337,CUST_168,Home Decor,978,4,28-09-2025,UP
7338,CUST_164,Electronics,3054,3,30-12-2025,Mumbai
7339,CUST_285,Clothing,3879,1,09-01-2025,Delhi
7340,CUST_213,Clothing,4924,5,27-04-2025,Karnataka
7341,CUST_144,Books,4322,1,02-06-2025,Rajasthan
7342,CUST_201,Home Decor,910,1,22-12-2025,Delhi
7343,CUST_289,Electronics,3961,4,29-05-2025,UP
7344,CUST_263,Books,2648,3,11-03-2025,Delhi
7345,CUST_183,Home Decor,2245,5,16-05-2025,Delhi
7346,CUST_282,Books,4919,1,09-02-2025,UP
7347,CUST_231,Home Decor,3889,4,06-08-2025,Mumbai
7348,CUST_157,Electronics,3823,4,21-12-2025,Rajasthan
7349,CUST_186,Electronics,1371,3,12-07-2025,Rajasthan
7350,CUST_107,Home Decor,813,5,05-07-2025,Delhi
7351,CUST_201,Books,1249,5,24-02-2025,Mumbai
7352,CUST_163,Electronics,1272,5,08-06-2025,Delhi
7353,CUST_196,Home Decor,1450,1,18-05-2025,Mumbai
7354,CUST_165,Books,2253,2,29-10-2025,Rajasthan
7355,CUST_258,Electronics,2920,2,08-07-2025,Delhi
7356,CUST_136,Home Decor,2180,4,16-07-2025,Karnataka
7357,CUST_286,Clothing,1386,3,22-12-2025,Rajasthan
7358,CUST_209,Books,4959,3,30-04-2025,Karnataka
7359,CUST_282,Clothing,2408,5,26-01-2025,Karnataka
7360,CUST_151,Books,3159,3,31-10-2025,Karnataka
7361,CUST_100,Home Decor,1548,4,15-10-2025,Delhi
7362,CUST_122,Books,2035,1,19-05-2025,Karnataka
7363,CUST_267,Books,4471,3,13-05-2025,UP
7364,CUST_240,Books,1125,2,03-10-2025,Karnataka
7365,CUST_115,Books,1959,4,31-03-2025,Karnataka
7366,CUST_155,Books,2573,5,17-09-2025,Mumbai
7367,CUST_108,Books,3918,3,06-10-2025,Mumbai
7368,CUST_107,Clothing,4963,3,28-10-2025,Delhi
7369,CUST_294,Home Decor,1965,1,28-06-2025,Delhi
7370,CUST_159,Home Decor,3125,4,24-01-2025,Karnataka
7371,CUST_178,Clothing,1615,5,12-11-2025,Karnataka
7372,CUST_289,Home Decor,790,4,18-07-2025,Karnataka
7373,CUST_260,Electronics,2835,4,28-05-2025,Karnataka
7374,CUST_251,Clothing,1982,2,15-06-2025,Karnataka
7375,CUST_171,Books,881,4,26-01-2025,Rajasthan
7376,CUST_117,Books,1970,5,08-03-2025,Rajasthan
7377,CUST_166,Books,297,5,26-04-2025,UP
7378,CUST_255,Books,4591,3,12-02-2025,Karnataka
7379,CUST_200,Home Decor,616,4,20-11-2025,Rajasthan
7380,CUST_114,Clothing,2243,5,07-09-2025,Karnataka
7381,CUST_221,Books,2373,4,06-05-2025,UP
7382,CUST_159,Books,2155,3,07-12-2025,UP
7383,CUST_177,Clothing,4869,2,12-07-2025,Karnataka
7384,CUST_176,Home Decor,2156,2,02-12-2025,UP
7385,CUST_225,Clothing,3048,4,18-04-2025,Mumbai
7386,CUST_134,Books,3102,4,06-09-2025,Delhi
7387,CUST_187,Books,3308,4,16-07-2025,Rajasthan
7388,CUST_253,Clothing,2842,1,26-01-2025,Karnataka
7389,CUST_162,Electronics,4268,3,03-09-2025,Mumbai
7390,CUST_195,Clothing,1076,4,21-05-2025,Karnataka
7391,CUST_190,Home Decor,3149,5,16-04-2025,Mumbai
7392,CUST_238,Electronics,4253,1,01-04-2025,Mumbai
7393,CUST_225,Home Decor,4337,4,15-01-2025,Mumbai
7394,CUST_131,Clothing,3720,3,28-08-2025,UP
7395,CUST_171,Books,168,1,20-10-2025,Delhi
7396,CUST_263,Electronics,2927,2,06-11-2025,Rajasthan
7397,CUST_239,Home Decor,1862,2,24-06-2025,Rajasthan
7398,CUST_200,Clothing,1573,1,12-08-2025,Mumbai
7399,CUST_275,Electronics,4898,1,09-04-2025,Karnataka
7400,CUST_222,Books,2856,4,24-11-2025,UP
7401,CUST_288,Electronics,776,4,31-07-2025,Delhi
7402,CUST_136,Home Decor,4119,3,21-03-2025,Delhi
7403,CUST_247,Books,4477,3,13-06-2025,Delhi
7404,CUST_184,Books,2136,5,29-07-2025,Delhi
7405,CUST_300,Home Decor,1735,4,15-08-2025,Karnataka
7406,CUST_207,Home Decor,988,4,26-08-2025,UP
7407,CUST_240,Electronics,3078,1,29-09-2025,Rajasthan
7408,CUST_183,Clothing,3597,4,05-12-2025,Karnataka
7409,CUST_208,Books,4145,3,08-08-2025,Mumbai
7410,CUST_190,Home Decor,1154,5,03-08-2025,Mumbai
7411,CUST_139,Home Decor,4844,1,27-02-2025,Rajasthan
7412,CUST_295,Electronics,1657,3,30-03-2025,Rajasthan
7413,CUST_131,Clothing,1166,3,05-07-2025,Karnataka
7414,CUST_121,Clothing,2359,5,29-07-2025,Delhi
7415,CUST_147,Books,1074,3,24-03-2025,Karnataka
7416,CUST_297,Clothing,3417,4,15-09-2025,Mumbai
7417,CUST_188,Books,4803,4,21-09-2025,Mumbai
7418,CUST_166,Clothing,1672,5,28-03-2025,UP
7419,CUST_297,Books,2619,3,09-09-2025,Rajasthan
7420,CUST_204,Home Decor,4798,4,27-05-2025,Mumbai
7421,CUST_208,Clothing,1113,4,22-09-2025,Karnataka
7422,CUST_269,Clothing,2289,4,04-09-2025,UP
7423,CUST_128,Books,2425,4,10-12-2025,Karnataka
7424,CUST_282,Books,1015,2,15-01-2025,UP
7425,CUST_272,Home Decor,3763,5,21-05-2025,Delhi
7426,CUST_212,Books,3845,1,24-08-2025,Delhi
7427,CUST_180,Electronics,3429,1,25-02-2025,Rajasthan
7428,CUST_227,Books,947,1,27-07-2025,UP
7429,CUST_300,Electronics,3829,2,19-11-2025,Rajasthan
7430,CUST_230,Home Decor,1318,2,24-05-2025,Delhi
7431,CUST_268,Books,3685,5,11-07-2025,Rajasthan
7432,CUST_200,Electronics,815,1,04-07-2025,UP
7433,CUST_109,Home Decor,792,2,18-04-2025,Karnataka
7434,CUST_288,Electronics,4379,3,07-07-2025,UP
7435,CUST_172,Home Decor,3105,4,03-02-2025,Delhi
7436,CUST_110,Home Decor,4686,5,14-03-2025,UP
7437,CUST_179,Books,3234,4,09-02-2025,Mumbai
7438,CUST_258,Books,1070,2,11-02-2025,Mumbai
7439,CUST_283,Electronics,1611,5,11-12-2025,Rajasthan
7440,CUST_150,Home Decor,2465,3,30-03-2025,Mumbai
7441,CUST_257,Books,2336,1,13-01-2025,Karnataka
7442,CUST_234,Books,2739,3,07-08-2025,UP
7443,CUST_101,Books,4288,2,15-02-2025,Karnataka
7444,CUST_297,Home Decor,405,1,14-07-2025,Rajasthan
7445,CUST_211,Books,363,2,10-06-2025,UP
7446,CUST_287,Clothing,2637,3,18-11-2025,Karnataka
7447,CUST_220,Clothing,2575,2,12-07-2025,UP
7448,CUST_174,Electronics,276,2,05-08-2025,UP
7449,CUST_270,Electronics,2493,1,09-02-2025,Mumbai
7450,CUST_203,Clothing,4377,1,31-12-2025,UP
7451,CUST_105,Home Decor,1488,2,01-11-2025,Mumbai
7452,CUST_146,Books,724,3,05-02-2025,Mumbai
7453,CUST_294,Electronics,3260,1,24-05-2025,UP
7454,CUST_125,Home Decor,3030,5,24-08-2025,UP
7455,CUST_131,Clothing,2343,3,17-10-2025,Delhi
7456,CUST_233,Home Decor,4940,1,11-08-2025,Delhi
7457,CUST_296,Home Decor,4205,4,23-06-2025,Karnataka
7458,CUST_277,Clothing,3136,5,29-01-2025,Karnataka
7459,CUST_220,Books,494,5,22-04-2025,UP
7460,CUST_257,Home Decor,840,5,07-06-2025,Delhi
7461,CUST_282,Home Decor,1080,4,25-01-2025,Karnataka
7462,CUST_172,Home Decor,2846,5,24-12-2025,Rajasthan
7463,CUST_203,Electronics,3680,1,05-10-2025,Rajasthan
7464,CUST_225,Books,1723,2,27-02-2025,Mumbai
7465,CUST_125,Electronics,403,2,08-12-2025,UP
7466,CUST_130,Home Decor,4186,5,18-01-2025,Mumbai
7467,CUST_215,Clothing,1234,4,18-10-2025,Karnataka
7468,CUST_171,Home Decor,2918,1,28-09-2025,Karnataka
7469,CUST_157,Clothing,707,4,05-05-2025,Mumbai
7470,CUST_180,Books,488,4,20-12-2025,Rajasthan
7471,CUST_292,Home Decor,4271,2,01-08-2025,UP
7472,CUST_200,Home Decor,2803,4,29-03-2025,Delhi
7473,CUST_275,Clothing,4660,5,23-08-2025,Delhi
7474,CUST_249,Electronics,448,2,20-02-2025,Delhi
7475,CUST_221,Books,3587,5,31-10-2025,Mumbai
7476,CUST_171,Clothing,2880,4,14-01-2025,UP
7477,CUST_282,Books,3300,4,04-07-2025,UP
7478,CUST_171,Electronics,2587,2,06-10-2025,Rajasthan
7479,CUST_232,Home Decor,1319,4,27-01-2025,UP
7480,CUST_135,Clothing,1861,5,11-08-2025,Karnataka
7481,CUST_187,Clothing,3973,4,06-12-2025,UP
7482,CUST_135,Clothing,3996,2,16-05-2025,Rajasthan
7483,CUST_275,Electronics,2823,4,20-03-2025,Karnataka
7484,CUST_256,Electronics,1132,5,08-08-2025,Delhi
7485,CUST_157,Home Decor,800,5,19-10-2025,Rajasthan
7486,CUST_115,Electronics,2229,5,28-05-2025,Rajasthan
7487,CUST_253,Home Decor,4106,1,07-05-2025,Rajasthan
7488,CUST_143,Clothing,3142,2,11-12-2025,UP
7489,CUST_154,Electronics,4856,2,19-11-2025,Rajasthan
7490,CUST_223,Books,2143,5,23-10-2025,Mumbai
7491,CUST_126,Clothing,3320,3,21-01-2025,Delhi
7492,CUST_125,Clothing,3009,4,10-07-2025,Karnataka
7493,CUST_176,Books,3374,5,11-10-2025,UP
7494,CUST_195,Clothing,2900,4,14-07-2025,Rajasthan
7495,CUST_281,Home Decor,3759,4,25-03-2025,Rajasthan
7496,CUST_237,Books,4829,3,03-02-2025,UP
7497,CUST_264,Home Decor,2292,4,23-09-2025,Delhi
7498,CUST_286,Home Decor,485,4,09-05-2025,Rajasthan
7499,CUST_169,Home Decor,1047,3,03-12-2025,Delhi
7500,CUST_136,Books,3378,2,20-04-2025,Delhi
7501,CUST_110,Books,4477,5,15-12-2025,Mumbai
7502,CUST_269,Electronics,3521,3,30-03-2025,Mumbai
7503,CUST_137,Home Decor,156,3,16-10-2025,UP
7504,CUST_145,Clothing,3319,4,28-01-2025,Mumbai
7505,CUST_141,Electronics,4339,5,14-09-2025,UP
7506,CUST_154,Home Decor,4847,1,10-03-2025,Rajasthan
7507,CUST_288,Books,600,2,06-01-2025,Delhi
7508,CUST_211,Clothing,1596,1,12-01-2025,Rajasthan
7509,CUST_294,Books,2653,4,17-11-2025,Karnataka
7510,CUST_241,Clothing,1198,4,16-06-2025,Rajasthan
7511,CUST_220,Electronics,4396,4,20-08-2025,Delhi
7512,CUST_146,Home Decor,1436,3,02-01-2025,Mumbai
7513,CUST_208,Electronics,3532,1,22-03-2025,Karnataka
7514,CUST_212,Clothing,1761,3,04-05-2025,UP
7515,CUST_281,Clothing,587,1,15-03-2025,Karnataka
7516,CUST_250,Home Decor,3999,3,10-08-2025,UP
7517,CUST_135,Books,4104,3,24-02-2025,Mumbai
7518,CUST_125,Clothing,4968,5,01-07-2025,UP
7519,CUST_244,Clothing,3587,2,06-06-2025,Rajasthan
7520,CUST_200,Clothing,4039,1,30-06-2025,UP
7521,CUST_141,Books,3411,1,31-10-2025,Mumbai
7522,CUST_211,Clothing,3596,2,03-11-2025,Mumbai
7523,CUST_145,Books,4155,2,20-04-2025,UP
7524,CUST_206,Books,648,5,18-10-2025,Rajasthan
7525,CUST_155,Clothing,2981,5,11-02-2025,Mumbai
7526,CUST_237,Electronics,3468,4,23-08-2025,Karnataka
7527,CUST_132,Books,2017,2,17-01-2025,Mumbai
7528,CUST_261,Clothing,2921,4,02-02-2025,Delhi
7529,CUST_159,Clothing,2365,1,01-03-2025,Mumbai
7530,CUST_111,Books,3751,4,13-01-2025,Delhi
7531,CUST_111,Books,2044,5,08-09-2025,UP
7532,CUST_155,Home Decor,1486,4,09-04-2025,UP
7533,CUST_197,Home Decor,163,3,24-08-2025,Mumbai
7534,CUST_272,Home Decor,3690,2,31-10-2025,Rajasthan
7535,CUST_239,Home Decor,3602,3,16-01-2025,UP
7536,CUST_211,Electronics,4204,1,10-07-2025,Delhi
7537,CUST_121,Home Decor,3776,2,21-03-2025,Delhi
7538,CUST_121,Electronics,1524,2,07-11-2025,UP
7539,CUST_192,Home Decor,3214,2,20-11-2025,UP
7540,CUST_255,Clothing,1215,4,05-07-2025,Rajasthan
7541,CUST_139,Electronics,1943,4,25-08-2025,UP
7542,CUST_218,Home Decor,2819,4,21-06-2025,UP
7543,CUST_163,Electronics,879,3,12-03-2025,UP
7544,CUST_181,Home Decor,4417,4,29-03-2025,Delhi
7545,CUST_200,Books,4407,1,21-08-2025,Rajasthan
7546,CUST_182,Home Decor,4677,2,20-05-2025,UP
7547,CUST_116,Home Decor,166,1,24-09-2025,Rajasthan
7548,CUST_265,Home Decor,709,1,06-10-2025,Delhi
7549,CUST_253,Electronics,228,3,14-06-2025,UP
7550,CUST_269,Electronics,357,5,08-12-2025,Karnataka
7551,CUST_234,Electronics,848,5,29-07-2025,Delhi
7552,CUST_185,Electronics,4398,5,15-07-2025,Rajasthan
7553,CUST_229,Books,2597,5,09-05-2025,Karnataka
7554,CUST_283,Home Decor,4571,3,23-03-2025,Karnataka
7555,CUST_272,Books,3535,4,17-09-2025,Rajasthan
7556,CUST_125,Home Decor,873,4,30-10-2025,Delhi
7557,CUST_162,Electronics,4836,5,26-05-2025,Karnataka
7558,CUST_109,Electronics,1733,4,05-11-2025,UP
7559,CUST_171,Clothing,506,2,31-10-2025,Rajasthan
7560,CUST_157,Electronics,4372,1,21-05-2025,Rajasthan
7561,CUST_135,Home Decor,4178,3,23-03-2025,UP
7562,CUST_247,Electronics,1142,3,10-07-2025,UP
7563,CUST_242,Electronics,1605,4,05-12-2025,Karnataka
7564,CUST_201,Electronics,2590,1,11-02-2025,Karnataka
7565,CUST_163,Home Decor,3529,1,24-12-2025,Karnataka
7566,CUST_271,Home Decor,988,4,17-10-2025,Karnataka
7567,CUST_258,Clothing,2664,1,20-06-2025,Mumbai
7568,CUST_200,Home Decor,3217,4,03-10-2025,Mumbai
7569,CUST_285,Books,415,2,09-04-2025,Mumbai
7570,CUST_295,Clothing,1631,2,08-02-2025,Rajasthan
7571,CUST_215,Home Decor,787,1,31-10-2025,UP
7572,CUST_207,Home Decor,2825,3,10-09-2025,Delhi
7573,CUST_147,Home Decor,1441,2,08-07-2025,Mumbai
7574,CUST_121,Books,2708,4,20-09-2025,Karnataka
7575,CUST_248,Home Decor,3753,1,20-05-2025,Karnataka
7576,CUST_191,Books,858,3,26-07-2025,Karnataka
7577,CUST_269,Electronics,4711,2,22-01-2025,UP
7578,CUST_183,Clothing,4897,5,19-07-2025,Mumbai
7579,CUST_148,Clothing,562,4,01-06-2025,Karnataka
7580,CUST_194,Electronics,1572,1,28-11-2025,UP
7581,CUST_213,Home Decor,210,3,11-02-2025,Rajasthan
7582,CUST_251,Books,2490,3,10-06-2025,Rajasthan
7583,CUST_196,Clothing,2824,3,15-02-2025,Karnataka
7584,CUST_140,Clothing,2727,1,23-07-2025,Delhi
7585,CUST_118,Electronics,2225,1,08-05-2025,Delhi
7586,CUST_195,Books,2641,4,14-06-2025,Karnataka
7587,CUST_228,Home Decor,2465,3,30-01-2025,Rajasthan
7588,CUST_253,Home Decor,3240,5,09-10-2025,Delhi
7589,CUST_136,Clothing,2009,4,16-01-2025,UP
7590,CUST_144,Home Decor,4770,5,16-11-2025,Karnataka
7591,CUST_291,Home Decor,1815,4,11-09-2025,Rajasthan
7592,CUST_143,Electronics,1859,5,04-05-2025,Delhi
7593,CUST_207,Books,4727,1,30-10-2025,Delhi
7594,CUST_225,Electronics,1934,3,09-04-2025,UP
7595,CUST_101,Electronics,4955,4,28-04-2025,UP
7596,CUST_180,Books,2974,1,09-02-2025,Karnataka
7597,CUST_175,Electronics,3296,2,03-08-2025,Mumbai
7598,CUST_275,Home Decor,4804,1,10-06-2025,UP
7599,CUST_203,Home Decor,3969,4,15-02-2025,Rajasthan
7600,CUST_178,Clothing,4668,2,08-11-2025,Karnataka
7601,CUST_102,Clothing,3449,3,11-04-2025,Rajasthan
7602,CUST_229,Home Decor,3084,3,22-11-2025,Mumbai
7603,CUST_174,Clothing,3509,5,06-06-2025,Rajasthan
7604,CUST_132,Clothing,2290,4,08-01-2025,UP
7605,CUST_250,Books,1447,4,21-06-2025,UP
7606,CUST_191,Home Decor,3979,3,10-01-2025,Rajasthan
7607,CUST_222,Books,3164,3,20-05-2025,Delhi
7608,CUST_130,Clothing,3099,4,17-12-2025,Mumbai
7609,CUST_195,Home Decor,1052,4,12-12-2025,UP
7610,CUST_207,Electronics,3936,3,04-04-2025,Rajasthan
7611,CUST_179,Books,860,4,08-05-2025,Delhi
7612,CUST_219,Home Decor,3869,5,21-03-2025,UP
7613,CUST_227,Home Decor,4055,5,20-12-2025,Karnataka
7614,CUST_122,Home Decor,1937,4,12-03-2025,Delhi
7615,CUST_164,Home Decor,2747,3,19-02-2025,Delhi
7616,CUST_197,Home Decor,4734,5,18-02-2025,Mumbai
7617,CUST_177,Home Decor,1171,1,18-12-2025,UP
7618,CUST_122,Electronics,3050,3,01-11-2025,Karnataka
7619,CUST_197,Books,3953,2,30-08-2025,Rajasthan
7620,CUST_256,Books,1548,3,24-12-2025,Mumbai
7621,CUST_277,Electronics,3196,1,07-09-2025,UP
7622,CUST_183,Home Decor,3980,5,29-04-2025,Karnataka
7623,CUST_300,Electronics,2227,1,19-04-2025,Karnataka
7624,CUST_150,Books,682,1,06-08-2025,Karnataka
7625,CUST_133,Clothing,4482,1,02-03-2025,UP
7626,CUST_228,Home Decor,586,2,01-03-2025,Karnataka
7627,CUST_174,Electronics,3748,5,10-09-2025,Karnataka
7628,CUST_292,Clothing,106,3,27-05-2025,Delhi
7629,CUST_290,Electronics,2392,1,23-12-2025,Delhi
7630,CUST_175,Home Decor,4519,2,09-07-2025,Delhi
7631,CUST_238,Electronics,1373,1,13-03-2025,UP
7632,CUST_208,Electronics,4415,3,17-09-2025,Mumbai
7633,CUST_129,Electronics,2023,1,03-10-2025,UP
7634,CUST_225,Electronics,2743,5,20-11-2025,UP
7635,CUST_139,Home Decor,564,3,10-07-2025,Karnataka
7636,CUST_230,Clothing,3768,1,10-01-2025,Karnataka
7637,CUST_165,Clothing,1696,4,02-03-2025,Delhi
7638,CUST_288,Electronics,970,4,15-07-2025,UP
7639,CUST_187,Books,2524,1,11-02-2025,Delhi
7640,CUST_295,Electronics,862,3,02-12-2025,Karnataka
7641,CUST_127,Clothing,1986,1,06-05-2025,Rajasthan
7642,CUST_209,Home Decor,2658,1,20-11-2025,Karnataka
7643,CUST_239,Home Decor,3480,5,02-10-2025,Mumbai
7644,CUST_299,Clothing,1123,1,20-03-2025,Mumbai
7645,CUST_220,Electronics,3475,3,20-02-2025,Karnataka
7646,CUST_181,Home Decor,4049,4,23-02-2025,UP
7647,CUST_163,Home Decor,2021,2,19-02-2025,Delhi
7648,CUST_252,Clothing,899,5,18-12-2025,Mumbai
7649,CUST_225,Clothing,3478,4,11-09-2025,Mumbai
7650,CUST_193,Books,2516,3,11-06-2025,Rajasthan
7651,CUST_168,Books,3415,4,26-07-2025,Rajasthan
7652,CUST_260,Electronics,4058,4,01-05-2025,Karnataka
7653,CUST_265,Home Decor,1017,3,26-12-2025,UP
7654,CUST_191,Clothing,3297,2,19-08-2025,Mumbai
7655,CUST_180,Home Decor,3048,3,08-08-2025,Rajasthan
7656,CUST_269,Books,2449,1,12-03-2025,Mumbai
7657,CUST_221,Books,616,5,17-11-2025,Karnataka
7658,CUST_165,Books,1692,1,07-07-2025,Karnataka
7659,CUST_108,Electronics,4489,5,03-03-2025,Karnataka
7660,CUST_210,Books,3663,5,21-05-2025,Rajasthan
7661,CUST_251,Home Decor,3825,4,03-12-2025,Rajasthan
7662,CUST_156,Electronics,1864,2,29-10-2025,Delhi
7663,CUST_125,Clothing,2448,4,18-05-2025,Mumbai
7664,CUST_150,Books,1946,5,18-01-2025,Rajasthan
7665,CUST_287,Clothing,2422,1,21-10-2025,Karnataka
7666,CUST_163,Home Decor,2825,3,04-01-2025,Karnataka
7667,CUST_163,Home Decor,1508,1,16-01-2025,UP
7668,CUST_164,Clothing,1383,2,12-01-2025,Delhi
7669,CUST_246,Books,2553,2,10-08-2025,Mumbai
7670,CUST_251,Electronics,4188,4,07-07-2025,Mumbai
7671,CUST_134,Home Decor,3930,3,17-10-2025,Rajasthan
7672,CUST_197,Electronics,4317,2,09-12-2025,Delhi
7673,CUST_231,Clothing,4825,4,15-03-2025,UP
7674,CUST_135,Electronics,2534,1,05-05-2025,Mumbai
7675,CUST_113,Clothing,3135,3,12-09-2025,Delhi
7676,CUST_131,Electronics,3924,5,22-05-2025,UP
7677,CUST_231,Electronics,256,3,26-11-2025,Mumbai
7678,CUST_110,Books,4196,4,27-10-2025,UP
7679,CUST_124,Electronics,1624,1,28-07-2025,UP
7680,CUST_108,Books,3356,5,13-10-2025,Rajasthan
7681,CUST_188,Electronics,3317,2,23-05-2025,UP
7682,CUST_230,Books,3000,3,30-12-2025,UP
7683,CUST_285,Books,4376,1,05-03-2025,Karnataka
7684,CUST_137,Books,2892,5,25-02-2025,Rajasthan
7685,CUST_143,Books,3225,1,05-01-2025,Delhi
7686,CUST_175,Books,4211,5,17-12-2025,UP
7687,CUST_103,Clothing,4342,4,15-01-2025,Mumbai
7688,CUST_186,Electronics,3173,1,11-01-2025,Karnataka
7689,CUST_172,Books,4906,1,18-12-2025,Mumbai
7690,CUST_190,Clothing,2979,3,12-08-2025,Mumbai
7691,CUST_255,Electronics,2162,4,25-01-2025,Rajasthan
7692,CUST_181,Home Decor,2234,5,01-12-2025,Karnataka
7693,CUST_196,Clothing,4481,1,14-12-2025,Delhi
7694,CUST_293,Clothing,2059,2,13-02-2025,Delhi
7695,CUST_186,Books,3019,4,08-05-2025,Mumbai
7696,CUST_216,Home Decor,2619,2,02-04-2025,Delhi
7697,CUST_220,Books,3224,1,17-03-2025,Delhi
7698,CUST_232,Books,3295,2,05-01-2025,Delhi
7699,CUST_131,Home Decor,1280,1,01-04-2025,Karnataka
7700,CUST_234,Clothing,167,4,30-09-2025,Mumbai
7701,CUST_122,Electronics,2888,5,14-08-2025,UP
7702,CUST_274,Electronics,3521,2,04-09-2025,UP
7703,CUST_239,Clothing,3719,5,22-01-2025,Rajasthan
7704,CUST_119,Clothing,1390,4,21-04-2025,Rajasthan
7705,CUST_174,Clothing,1589,2,11-11-2025,Delhi
7706,CUST_163,Electronics,4794,1,18-06-2025,Delhi
7707,CUST_188,Clothing,4579,4,02-11-2025,Delhi
7708,CUST_211,Home Decor,1770,1,12-10-2025,Mumbai
7709,CUST_276,Books,4836,3,24-03-2025,Mumbai
7710,CUST_126,Books,254,5,03-05-2025,UP
7711,CUST_245,Clothing,4938,3,22-11-2025,Karnataka
7712,CUST_181,Clothing,1042,2,21-02-2025,Rajasthan
7713,CUST_120,Books,4228,4,13-05-2025,Rajasthan
7714,CUST_157,Clothing,944,5,10-07-2025,Karnataka
7715,CUST_163,Electronics,3909,2,10-07-2025,Rajasthan
7716,CUST_172,Books,604,4,06-02-2025,Rajasthan
7717,CUST_267,Electronics,3344,4,30-04-2025,Mumbai
7718,CUST_147,Clothing,1343,5,11-01-2025,Delhi
7719,CUST_148,Books,4046,2,24-02-2025,UP
7720,CUST_291,Home Decor,3769,3,05-06-2025,Karnataka
7721,CUST_239,Electronics,4647,1,07-11-2025,Karnataka
7722,CUST_259,Clothing,1140,3,07-05-2025,Mumbai
7723,CUST_244,Electronics,2554,3,22-08-2025,Karnataka
7724,CUST_148,Clothing,4443,5,26-08-2025,Rajasthan
7725,CUST_196,Electronics,2143,5,17-01-2025,Karnataka
7726,CUST_163,Electronics,4139,3,11-03-2025,Mumbai
7727,CUST_255,Electronics,1504,4,19-08-2025,UP
7728,CUST_256,Electronics,2029,4,25-06-2025,UP
7729,CUST_159,Clothing,3043,5,28-08-2025,Delhi
7730,CUST_118,Electronics,2854,4,02-02-2025,Delhi
7731,CUST_106,Home Decor,1225,3,12-05-2025,Mumbai
7732,CUST_270,Books,2441,5,21-08-2025,Karnataka
7733,CUST_277,Home Decor,2146,3,14-09-2025,Delhi
7734,CUST_169,Home Decor,2932,4,11-01-2025,Mumbai
7735,CUST_242,Books,167,1,28-08-2025,Karnataka
7736,CUST_154,Clothing,604,2,26-03-2025,Delhi
7737,CUST_249,Home Decor,438,4,30-06-2025,UP
7738,CUST_152,Electronics,2263,4,23-08-2025,UP
7739,CUST_265,Home Decor,2981,2,02-04-2025,UP
7740,CUST_261,Electronics,3540,4,14-12-2025,Karnataka
7741,CUST_147,Home Decor,4296,5,27-01-2025,Rajasthan
7742,CUST_223,Clothing,2792,1,21-08-2025,UP
7743,CUST_254,Home Decor,845,4,17-01-2025,UP
7744,CUST_130,Clothing,3365,5,01-12-2025,UP
7745,CUST_263,Books,1005,5,26-06-2025,Mumbai
7746,CUST_177,Books,2300,2,23-11-2025,Karnataka
7747,CUST_121,Books,2693,3,01-11-2025,Rajasthan
7748,CUST_139,Books,1394,5,24-01-2025,UP
7749,CUST_251,Home Decor,4598,3,21-11-2025,Karnataka
7750,CUST_220,Home Decor,825,2,26-01-2025,Mumbai
7751,CUST_213,Home Decor,3791,5,27-10-2025,Rajasthan
7752,CUST_227,Books,2771,2,12-12-2025,UP
7753,CUST_119,Clothing,2524,2,28-10-2025,UP
7754,CUST_151,Clothing,4335,2,14-03-2025,UP
7755,CUST_259,Books,448,2,01-01-2025,Delhi
7756,CUST_142,Clothing,4827,4,23-07-2025,UP
7757,CUST_297,Books,242,3,26-05-2025,UP
7758,CUST_287,Home Decor,2207,2,05-02-2025,UP
7759,CUST_243,Electronics,2391,2,06-09-2025,Mumbai
7760,CUST_275,Home Decor,2141,1,16-04-2025,Delhi
7761,CUST_251,Home Decor,2674,3,28-10-2025,UP
7762,CUST_218,Electronics,4767,1,22-07-2025,Karnataka
7763,CUST_268,Home Decor,3758,2,31-07-2025,Karnataka
7764,CUST_180,Books,1392,4,17-12-2025,Karnataka
7765,CUST_138,Home Decor,3894,4,02-02-2025,UP
7766,CUST_199,Clothing,4574,4,12-10-2025,Rajasthan
7767,CUST_109,Home Decor,1213,5,12-04-2025,UP
7768,CUST_207,Clothing,294,1,07-07-2025,Mumbai
7769,CUST_145,Home Decor,175,2,09-06-2025,Rajasthan
7770,CUST_269,Clothing,3069,5,18-08-2025,Delhi
7771,CUST_273,Home Decor,387,1,05-06-2025,UP
7772,CUST_196,Clothing,831,4,25-06-2025,Mumbai
7773,CUST_150,Electronics,3700,5,19-11-2025,Karnataka
7774,CUST_124,Electronics,3989,4,09-10-2025,UP
7775,CUST_268,Clothing,3050,2,06-04-2025,Rajasthan
7776,CUST_120,Books,4139,2,07-12-2025,UP
7777,CUST_202,Home Decor,2233,5,10-08-2025,Mumbai
7778,CUST_157,Books,4663,2,31-08-2025,Karnataka
7779,CUST_142,Clothing,718,2,28-09-2025,UP
7780,CUST_246,Home Decor,2662,1,10-02-2025,Mumbai
7781,CUST_105,Clothing,1039,1,23-10-2025,Delhi
7782,CUST_135,Home Decor,390,2,02-07-2025,Mumbai
7783,CUST_166,Electronics,2432,1,22-09-2025,Mumbai
7784,CUST_252,Books,1048,5,11-02-2025,Delhi
7785,CUST_120,Books,594,3,07-12-2025,Karnataka
7786,CUST_156,Books,3428,5,29-01-2025,Mumbai
7787,CUST_295,Clothing,1551,5,20-07-2025,Delhi
7788,CUST_132,Electronics,1420,1,16-08-2025,Mumbai
7789,CUST_172,Electronics,4166,3,22-10-2025,Delhi
7790,CUST_267,Clothing,119,2,24-12-2025,UP
7791,CUST_242,Books,3830,4,16-06-2025,UP
7792,CUST_238,Home Decor,2785,2,29-08-2025,Karnataka
7793,CUST_234,Clothing,2802,3,24-11-2025,Delhi
7794,CUST_294,Books,1401,4,26-12-2025,UP
7795,CUST_215,Home Decor,4421,3,28-12-2025,Karnataka
7796,CUST_256,Clothing,3748,2,08-01-2025,Rajasthan
7797,CUST_123,Electronics,4325,4,25-08-2025,UP
7798,CUST_299,Electronics,4365,4,26-02-2025,Delhi
7799,CUST_266,Electronics,1923,1,03-12-2025,Rajasthan
7800,CUST_289,Clothing,1145,2,05-03-2025,UP
7801,CUST_203,Electronics,3061,1,05-07-2025,Rajasthan
7802,CUST_136,Books,3182,2,27-11-2025,Rajasthan
7803,CUST_139,Clothing,2802,3,25-01-2025,UP
7804,CUST_118,Clothing,2755,1,22-01-2025,Mumbai
7805,CUST_116,Home Decor,4993,4,01-06-2025,UP
7806,CUST_143,Books,3583,5,11-08-2025,UP
7807,CUST_254,Electronics,3072,2,18-10-2025,UP
7808,CUST_106,Electronics,4600,3,18-06-2025,Karnataka
7809,CUST_298,Clothing,1579,4,25-11-2025,Karnataka
7810,CUST_295,Books,1342,2,16-07-2025,Delhi
7811,CUST_264,Books,4318,4,16-10-2025,Rajasthan
7812,CUST_149,Electronics,1096,4,26-12-2025,Rajasthan
7813,CUST_107,Books,1129,5,26-02-2025,Mumbai
7814,CUST_235,Books,2333,1,04-04-2025,Rajasthan
7815,CUST_232,Home Decor,1482,3,10-01-2025,UP
7816,CUST_242,Home Decor,309,1,31-10-2025,UP
7817,CUST_279,Home Decor,618,3,03-01-2025,Mumbai
7818,CUST_162,Books,4037,5,08-02-2025,Delhi
7819,CUST_241,Electronics,4648,1,19-02-2025,Karnataka
7820,CUST_295,Books,2556,4,24-11-2025,UP
7821,CUST_269,Clothing,2963,3,14-02-2025,Mumbai
7822,CUST_234,Electronics,3219,4,22-02-2025,Mumbai
7823,CUST_144,Home Decor,3412,2,01-05-2025,Delhi
7824,CUST_298,Electronics,549,2,24-09-2025,Karnataka
7825,CUST_140,Clothing,3952,3,14-02-2025,Rajasthan
7826,CUST_192,Clothing,3358,1,20-10-2025,UP
7827,CUST_248,Books,2487,1,23-10-2025,Karnataka
7828,CUST_152,Books,4859,3,15-09-2025,Delhi
7829,CUST_251,Books,647,4,21-07-2025,UP
7830,CUST_157,Electronics,1556,5,09-07-2025,Mumbai
7831,CUST_274,Electronics,246,2,07-11-2025,Mumbai
7832,CUST_289,Clothing,518,1,16-05-2025,Karnataka
7833,CUST_193,Books,1087,5,09-01-2025,Delhi
7834,CUST_217,Electronics,3654,3,12-02-2025,Rajasthan
7835,CUST_275,Electronics,1458,4,26-07-2025,UP
7836,CUST_223,Clothing,3156,5,31-03-2025,UP
7837,CUST_114,Home Decor,3142,4,25-04-2025,Mumbai
7838,CUST_125,Home Decor,3600,1,21-05-2025,Rajasthan
7839,CUST_120,Clothing,1499,3,05-01-2025,Rajasthan
7840,CUST_239,Electronics,4400,1,23-01-2025,Delhi
7841,CUST_273,Home Decor,4076,4,31-01-2025,UP
7842,CUST_263,Books,3593,4,26-02-2025,Delhi
7843,CUST_126,Home Decor,3801,5,01-10-2025,Mumbai
7844,CUST_200,Books,1294,5,03-03-2025,UP
7845,CUST_115,Clothing,2304,1,29-05-2025,Karnataka
7846,CUST_263,Clothing,2956,3,05-08-2025,Mumbai
7847,CUST_282,Electronics,2196,3,08-09-2025,UP
7848,CUST_219,Home Decor,2866,5,21-01-2025,Delhi
7849,CUST_160,Home Decor,1494,3,16-09-2025,Karnataka
7850,CUST_230,Clothing,4624,4,24-03-2025,Mumbai
7851,CUST_184,Home Decor,283,4,30-01-2025,Mumbai
7852,CUST_107,Electronics,2700,1,16-08-2025,Karnataka
7853,CUST_199,Books,4422,3,20-06-2025,Mumbai
7854,CUST_143,Clothing,1978,5,12-02-2025,Karnataka
7855,CUST_289,Electronics,4620,3,06-05-2025,Karnataka
7856,CUST_104,Clothing,2129,4,02-02-2025,UP
7857,CUST_283,Home Decor,3008,2,09-01-2025,Mumbai
7858,CUST_205,Books,1433,1,02-01-2025,UP
7859,CUST_219,Clothing,2860,5,28-03-2025,Karnataka
7860,CUST_126,Books,1273,1,16-04-2025,Rajasthan
7861,CUST_274,Home Decor,3077,3,12-02-2025,UP
7862,CUST_227,Clothing,1047,1,17-11-2025,Karnataka
7863,CUST_182,Clothing,249,1,21-06-2025,Delhi
7864,CUST_114,Clothing,2728,1,28-10-2025,UP
7865,CUST_271,Electronics,3234,2,10-06-2025,Delhi
7866,CUST_101,Home Decor,204,3,01-05-2025,Mumbai
7867,CUST_146,Home Decor,1859,1,04-03-2025,Karnataka
7868,CUST_296,Books,3405,1,27-03-2025,UP
7869,CUST_120,Home Decor,3315,4,05-10-2025,Delhi
7870,CUST_204,Electronics,605,1,16-04-2025,Karnataka
7871,CUST_162,Clothing,1028,1,31-10-2025,Karnataka
7872,CUST_144,Electronics,2538,5,26-09-2025,UP
7873,CUST_115,Books,3443,3,18-01-2025,Rajasthan
7874,CUST_270,Books,482,2,24-12-2025,Mumbai
7875,CUST_133,Clothing,1175,4,28-04-2025,UP
7876,CUST_184,Books,1712,1,01-06-2025,Delhi
7877,CUST_231,Electronics,393,5,01-02-2025,Rajasthan
7878,CUST_110,Books,1935,4,27-07-2025,Delhi
7879,CUST_171,Clothing,3041,2,25-04-2025,UP
7880,CUST_154,Clothing,1639,1,20-03-2025,Delhi
7881,CUST_272,Electronics,730,4,13-01-2025,Karnataka
7882,CUST_176,Home Decor,4713,4,14-12-2025,Delhi
7883,CUST_134,Home Decor,3037,3,21-07-2025,Mumbai
7884,CUST_253,Electronics,3091,1,06-11-2025,UP
7885,CUST_103,Clothing,4164,3,16-11-2025,Delhi
7886,CUST_221,Clothing,4546,5,31-05-2025,UP
7887,CUST_202,Books,4741,2,22-05-2025,Karnataka
7888,CUST_210,Clothing,4699,4,01-04-2025,Rajasthan
7889,CUST_180,Books,1404,2,02-10-2025,UP
7890,CUST_136,Home Decor,2256,2,23-01-2025,UP
7891,CUST_214,Home Decor,3287,2,29-11-2025,Rajasthan
7892,CUST_274,Books,523,5,30-09-2025,Mumbai
7893,CUST_250,Books,3591,2,01-12-2025,Rajasthan
7894,CUST_158,Home Decor,168,3,28-03-2025,Karnataka
7895,CUST_250,Books,785,5,02-02-2025,Karnataka
7896,CUST_188,Home Decor,1108,4,16-05-2025,Rajasthan
7897,CUST_292,Books,1788,5,24-03-2025,Karnataka
7898,CUST_210,Home Decor,4979,5,01-07-2025,Rajasthan
7899,CUST_268,Electronics,3407,5,17-08-2025,Delhi
7900,CUST_248,Books,705,1,26-01-2025,Delhi
7901,CUST_137,Books,4707,2,24-12-2025,Mumbai
7902,CUST_275,Home Decor,2793,1,13-09-2025,Mumbai
7903,CUST_217,Clothing,3325,4,21-04-2025,Mumbai
7904,CUST_240,Books,328,4,08-01-2025,Delhi
7905,CUST_237,Electronics,3946,1,08-05-2025,Rajasthan
7906,CUST_288,Home Decor,2179,3,02-06-2025,UP
7907,CUST_254,Books,4923,5,06-04-2025,Rajasthan
7908,CUST_212,Clothing,297,4,09-12-2025,UP
7909,CUST_128,Home Decor,3022,1,11-09-2025,Rajasthan
7910,CUST_266,Home Decor,4382,4,02-10-2025,Mumbai
7911,CUST_127,Books,3086,3,30-05-2025,Mumbai
7912,CUST_123,Home Decor,2425,3,03-04-2025,Karnataka
7913,CUST_252,Electronics,4307,5,03-05-2025,Rajasthan
7914,CUST_244,Home Decor,4732,5,30-06-2025,Delhi
7915,CUST_246,Electronics,2476,3,06-02-2025,Delhi
7916,CUST_100,Books,4994,3,21-01-2025,Karnataka
7917,CUST_176,Books,2699,4,28-07-2025,Rajasthan
7918,CUST_175,Electronics,1116,1,26-09-2025,Rajasthan
7919,CUST_196,Electronics,3178,1,02-09-2025,Mumbai
7920,CUST_273,Clothing,3659,5,29-03-2025,Delhi
7921,CUST_283,Electronics,460,2,12-10-2025,Rajasthan
7922,CUST_173,Clothing,1792,1,05-09-2025,Mumbai
7923,CUST_222,Home Decor,2177,1,07-08-2025,Rajasthan
7924,CUST_140,Books,993,1,27-04-2025,Delhi
7925,CUST_266,Books,1236,2,14-02-2025,UP
7926,CUST_134,Clothing,3724,5,31-01-2025,UP
7927,CUST_173,Books,1560,2,30-09-2025,UP
7928,CUST_132,Clothing,3219,2,31-08-2025,Delhi
7929,CUST_283,Clothing,2442,3,15-07-2025,Delhi
7930,CUST_166,Electronics,2484,5,01-12-2025,Mumbai
7931,CUST_198,Electronics,1504,5,08-02-2025,Mumbai
7932,CUST_240,Books,1358,4,21-06-2025,Rajasthan
7933,CUST_290,Electronics,502,3,09-08-2025,Karnataka
7934,CUST_294,Books,464,2,06-11-2025,UP
7935,CUST_230,Books,2277,3,07-02-2025,Karnataka
7936,CUST_163,Books,2629,3,09-08-2025,Delhi
7937,CUST_151,Electronics,3687,4,25-07-2025,Karnataka
7938,CUST_297,Electronics,4086,5,06-05-2025,Mumbai
7939,CUST_230,Clothing,4781,3,21-05-2025,UP
7940,CUST_287,Clothing,3415,1,29-03-2025,Delhi
7941,CUST_188,Electronics,4654,4,20-12-2025,Delhi
7942,CUST_215,Books,2177,5,04-03-2025,Mumbai
7943,CUST_208,Home Decor,3420,1,15-04-2025,Mumbai
7944,CUST_189,Clothing,458,2,07-04-2025,UP
7945,CUST_128,Clothing,3339,4,05-06-2025,Mumbai
7946,CUST_270,Books,4276,3,28-07-2025,Karnataka
7947,CUST_201,Books,1270,1,05-01-2025,Delhi
7948,CUST_117,Books,4354,4,27-07-2025,Karnataka
7949,CUST_121,Home Decor,3253,2,19-02-2025,Rajasthan
7950,CUST_196,Clothing,3137,2,18-09-2025,Rajasthan
7951,CUST_207,Books,2453,5,07-11-2025,Rajasthan
7952,CUST_225,Home Decor,2363,5,10-08-2025,Delhi
7953,CUST_292,Clothing,4766,1,16-03-2025,UP
7954,CUST_258,Books,4297,1,29-09-2025,Karnataka
7955,CUST_108,Clothing,3908,3,19-07-2025,Rajasthan
7956,CUST_145,Books,1300,2,21-02-2025,Mumbai
7957,CUST_245,Home Decor,4119,3,28-07-2025,Delhi
7958,CUST_169,Home Decor,2338,5,01-10-2025,Karnataka
7959,CUST_248,Home Decor,3584,2,05-09-2025,Karnataka
7960,CUST_271,Clothing,4062,5,04-06-2025,Rajasthan
7961,CUST_129,Books,3353,5,16-03-2025,Karnataka
7962,CUST_219,Home Decor,2282,4,11-05-2025,Delhi
7963,CUST_294,Home Decor,1170,5,26-10-2025,Mumbai
7964,CUST_164,Electronics,2856,5,28-09-2025,Mumbai
7965,CUST_158,Home Decor,3917,2,20-11-2025,Rajasthan
7966,CUST_199,Books,1794,4,08-03-2025,Rajasthan
7967,CUST_225,Electronics,1096,1,28-02-2025,Delhi
7968,CUST_245,Electronics,383,4,20-12-2025,Delhi
7969,CUST_116,Home Decor,3551,4,16-06-2025,Mumbai
7970,CUST_293,Clothing,1003,4,25-01-2025,Mumbai
7971,CUST_243,Home Decor,1355,3,14-09-2025,Rajasthan
7972,CUST_241,Electronics,573,3,04-05-2025,UP
7973,CUST_276,Clothing,4845,4,04-12-2025,Mumbai
7974,CUST_103,Books,149,5,16-10-2025,Delhi
7975,CUST_236,Clothing,2126,1,13-11-2025,Karnataka
7976,CUST_295,Books,1537,2,12-03-2025,Karnataka
7977,CUST_160,Books,2221,4,02-10-2025,Mumbai
7978,CUST_218,Electronics,2628,1,30-05-2025,Mumbai
7979,CUST_112,Home Decor,215,2,14-01-2025,UP
7980,CUST_181,Home Decor,4074,3,25-05-2025,Mumbai
7981,CUST_244,Home Decor,3891,3,07-02-2025,Karnataka
7982,CUST_230,Electronics,4410,3,20-05-2025,Mumbai
7983,CUST_294,Home Decor,2089,2,16-11-2025,Delhi
7984,CUST_247,Electronics,2647,2,09-01-2025,Delhi
7985,CUST_129,Clothing,3483,3,11-11-2025,UP
7986,CUST_145,Books,3914,4,19-12-2025,Delhi
7987,CUST_259,Books,3873,4,27-08-2025,Karnataka
7988,CUST_221,Books,2987,4,30-05-2025,Karnataka
7989,CUST_300,Clothing,3127,1,10-11-2025,UP
7990,CUST_236,Electronics,4539,4,22-07-2025,Rajasthan
7991,CUST_169,Home Decor,749,2,27-03-2025,Mumbai
7992,CUST_232,Books,2026,5,31-08-2025,Karnataka
7993,CUST_141,Home Decor,2572,1,30-08-2025,UP
7994,CUST_266,Electronics,1472,5,16-06-2025,Delhi
7995,CUST_265,Home Decor,2332,2,24-05-2025,Delhi
7996,CUST_148,Books,1939,4,01-02-2025,Karnataka
7997,CUST_186,Books,1033,3,11-10-2025,Rajasthan
7998,CUST_258,Electronics,241,5,07-02-2025,Mumbai
7999,CUST_220,Clothing,154,2,08-10-2025,UP
8000,CUST_104,Clothing,1965,2,04-01-2025,Delhi
8001,CUST_259,Books,1524,5,29-11-2025,Rajasthan
8002,CUST_161,Books,2958,2,19-12-2025,Delhi
8003,CUST_260,Books,803,3,24-08-2025,Rajasthan
8004,CUST_127,Books,1950,4,10-11-2025,Rajasthan
8005,CUST_247,Clothing,2211,2,26-02-2025,Delhi
8006,CUST_166,Books,2969,4,01-09-2025,Mumbai
8007,CUST_116,Clothing,1617,3,25-04-2025,Rajasthan
8008,CUST_128,Books,3781,4,29-04-2025,UP
8009,CUST_218,Electronics,3716,1,03-10-2025,Delhi
8010,CUST_214,Books,1784,3,03-10-2025,UP
8011,CUST_145,Home Decor,503,3,09-03-2025,Rajasthan
8012,CUST_134,Home Decor,3973,2,25-05-2025,Karnataka
8013,CUST_202,Clothing,2852,2,12-08-2025,Rajasthan
8014,CUST_151,Electronics,3811,3,01-10-2025,Karnataka
8015,CUST_179,Home Decor,1649,3,08-09-2025,UP
8016,CUST_211,Electronics,3997,5,15-11-2025,Delhi
8017,CUST_225,Books,4171,4,14-05-2025,Mumbai
8018,CUST_163,Electronics,1326,1,14-03-2025,Delhi
8019,CUST_283,Electronics,178,1,20-10-2025,Delhi
8020,CUST_212,Home Decor,3842,3,04-08-2025,Karnataka
8021,CUST_172,Books,219,5,29-03-2025,Rajasthan
8022,CUST_211,Home Decor,253,2,11-06-2025,Karnataka
8023,CUST_165,Books,4183,4,23-10-2025,Rajasthan
8024,CUST_160,Home Decor,1404,3,02-05-2025,UP
8025,CUST_246,Books,2994,4,29-10-2025,Karnataka
8026,CUST_283,Electronics,2432,2,29-10-2025,Rajasthan
8027,CUST_282,Electronics,712,2,27-04-2025,Karnataka
8028,CUST_282,Electronics,1919,2,02-06-2025,Karnataka
8029,CUST_239,Clothing,804,1,23-05-2025,Mumbai
8030,CUST_195,Books,3244,5,08-10-2025,Rajasthan
8031,CUST_200,Home Decor,2280,1,16-12-2025,UP
8032,CUST_176,Books,2622,4,16-10-2025,Mumbai
8033,CUST_118,Home Decor,3357,4,02-07-2025,Delhi
8034,CUST_183,Clothing,1243,3,09-08-2025,Karnataka
8035,CUST_147,Electronics,495,4,15-02-2025,UP
8036,CUST_151,Electronics,233,4,23-04-2025,Delhi
8037,CUST_195,Books,916,5,28-01-2025,Karnataka
8038,CUST_230,Electronics,1294,1,21-01-2025,Karnataka
8039,CUST_236,Clothing,1954,4,25-03-2025,Karnataka
8040,CUST_222,Clothing,1523,2,26-02-2025,Karnataka
8041,CUST_170,Books,3834,4,20-04-2025,UP
8042,CUST_256,Electronics,2387,5,06-05-2025,Delhi
8043,CUST_208,Home Decor,3849,4,10-09-2025,Mumbai
8044,CUST_162,Books,3868,2,17-10-2025,UP
8045,CUST_108,Books,4722,5,05-01-2025,Mumbai
8046,CUST_142,Books,4924,2,13-11-2025,Rajasthan
8047,CUST_290,Electronics,2047,2,21-03-2025,Mumbai
8048,CUST_107,Clothing,4675,1,19-01-2025,Delhi
8049,CUST_167,Clothing,278,3,13-04-2025,Delhi
8050,CUST_182,Books,839,3,04-07-2025,Mumbai
8051,CUST_151,Home Decor,2276,1,03-12-2025,Karnataka
8052,CUST_114,Books,965,4,30-12-2025,Rajasthan
8053,CUST_135,Electronics,193,4,06-06-2025,Mumbai
8054,CUST_234,Electronics,2115,4,20-03-2025,Rajasthan
8055,CUST_267,Books,1760,1,07-10-2025,Karnataka
8056,CUST_197,Clothing,3865,1,22-04-2025,UP
8057,CUST_213,Clothing,3289,4,05-06-2025,Mumbai
8058,CUST_163,Books,933,2,10-06-2025,Mumbai
8059,CUST_191,Electronics,846,2,09-04-2025,Delhi
8060,CUST_119,Clothing,3311,5,21-03-2025,Delhi
8061,CUST_154,Books,4036,5,11-12-2025,Karnataka
8062,CUST_177,Clothing,3144,5,04-05-2025,Mumbai
8063,CUST_129,Books,2497,4,23-09-2025,Mumbai
8064,CUST_173,Electronics,3207,1,20-02-2025,UP
8065,CUST_239,Books,1192,4,15-05-2025,Mumbai
8066,CUST_110,Home Decor,4273,4,28-11-2025,Delhi
8067,CUST_126,Home Decor,4258,4,12-10-2025,Delhi
8068,CUST_283,Clothing,588,2,25-03-2025,UP
8069,CUST_203,Books,1256,1,07-10-2025,Karnataka
8070,CUST_249,Clothing,4767,3,02-11-2025,Mumbai
8071,CUST_173,Books,2156,2,29-11-2025,Mumbai
8072,CUST_148,Clothing,1939,2,15-11-2025,Delhi
8073,CUST_156,Clothing,1861,5,12-03-2025,Delhi
8074,CUST_193,Home Decor,1201,2,01-07-2025,Delhi
8075,CUST_221,Electronics,2806,2,15-01-2025,Rajasthan
8076,CUST_193,Electronics,3889,5,31-12-2025,Rajasthan
8077,CUST_220,Electronics,4414,2,23-04-2025,Delhi
8078,CUST_287,Electronics,1580,3,07-08-2025,UP
8079,CUST_155,Books,2891,2,20-08-2025,Karnataka
8080,CUST_253,Home Decor,4748,5,18-09-2025,Rajasthan
8081,CUST_103,Home Decor,3010,4,12-04-2025,Rajasthan
8082,CUST_184,Home Decor,225,4,17-03-2025,Mumbai
8083,CUST_212,Clothing,1623,1,16-01-2025,Rajasthan
8084,CUST_269,Books,1743,3,16-06-2025,Mumbai
8085,CUST_278,Books,3948,3,21-08-2025,Mumbai
8086,CUST_150,Clothing,644,5,07-08-2025,UP
8087,CUST_134,Clothing,4431,3,09-09-2025,Karnataka
8088,CUST_102,Books,4656,4,05-09-2025,UP
8089,CUST_288,Home Decor,532,3,06-07-2025,UP
8090,CUST_149,Books,312,4,31-12-2025,Delhi
8091,CUST_284,Home Decor,4801,1,26-02-2025,Rajasthan
8092,CUST_239,Books,3329,2,08-10-2025,Rajasthan
8093,CUST_209,Books,1604,4,25-03-2025,Delhi
8094,CUST_183,Home Decor,563,3,24-06-2025,Mumbai
8095,CUST_141,Home Decor,4119,2,15-12-2025,Delhi
8096,CUST_242,Home Decor,659,4,16-08-2025,Mumbai
8097,CUST_176,Clothing,190,3,15-02-2025,Karnataka
8098,CUST_282,Clothing,672,1,01-01-2025,Rajasthan
8099,CUST_100,Electronics,3559,2,29-07-2025,Delhi
8100,CUST_142,Clothing,4392,2,09-01-2025,Karnataka
8101,CUST_209,Books,1810,3,30-07-2025,Karnataka
8102,CUST_211,Electronics,4282,4,31-12-2025,Mumbai
8103,CUST_255,Electronics,1662,3,11-09-2025,Karnataka
8104,CUST_174,Books,186,4,13-06-2025,UP
8105,CUST_206,Electronics,3962,1,30-07-2025,Karnataka
8106,CUST_113,Home Decor,587,4,02-11-2025,Mumbai
8107,CUST_226,Home Decor,1463,3,15-05-2025,Delhi
8108,CUST_277,Home Decor,438,4,03-07-2025,Karnataka
8109,CUST_102,Books,401,3,30-01-2025,Rajasthan
8110,CUST_104,Clothing,4968,4,07-06-2025,Karnataka
8111,CUST_233,Books,3568,4,11-09-2025,Delhi
8112,CUST_100,Clothing,3436,2,03-12-2025,UP
8113,CUST_166,Home Decor,544,5,29-12-2025,Mumbai
8114,CUST_143,Clothing,4575,2,18-07-2025,Rajasthan
8115,CUST_275,Clothing,1563,2,12-11-2025,Karnataka
8116,CUST_231,Books,3704,3,11-09-2025,Rajasthan
8117,CUST_112,Books,3106,5,19-07-2025,Karnataka
8118,CUST_296,Home Decor,1632,2,25-10-2025,Rajasthan
8119,CUST_233,Clothing,3067,1,15-11-2025,UP
8120,CUST_190,Clothing,2193,4,20-09-2025,UP
8121,CUST_133,Books,4184,5,29-11-2025,Karnataka
8122,CUST_234,Home Decor,2371,3,16-11-2025,Delhi
8123,CUST_230,Books,667,2,17-12-2025,Karnataka
8124,CUST_211,Clothing,3603,1,15-04-2025,Mumbai
8125,CUST_256,Home Decor,4329,4,06-12-2025,Rajasthan
8126,CUST_198,Home Decor,374,5,20-01-2025,Rajasthan
8127,CUST_106,Clothing,3828,3,17-10-2025,Mumbai
8128,CUST_285,Clothing,871,2,11-07-2025,Karnataka
8129,CUST_292,Electronics,4100,2,06-06-2025,Karnataka
8130,CUST_206,Clothing,3315,3,23-08-2025,Karnataka
8131,CUST_101,Clothing,3477,1,06-11-2025,UP
8132,CUST_181,Electronics,3439,1,04-06-2025,Delhi
8133,CUST_145,Clothing,3237,5,12-10-2025,Karnataka
8134,CUST_131,Home Decor,815,1,07-12-2025,Rajasthan
8135,CUST_242,Electronics,2731,1,17-12-2025,Rajasthan
8136,CUST_168,Home Decor,728,2,24-04-2025,Rajasthan
8137,CUST_283,Home Decor,4117,1,13-12-2025,UP
8138,CUST_298,Clothing,170,5,31-05-2025,Karnataka
8139,CUST_299,Books,3880,3,03-12-2025,UP
8140,CUST_258,Home Decor,1238,4,19-08-2025,Karnataka
8141,CUST_167,Home Decor,3011,5,23-07-2025,Mumbai
8142,CUST_287,Clothing,493,1,30-06-2025,Delhi
8143,CUST_207,Clothing,3901,5,16-06-2025,Mumbai
8144,CUST_254,Electronics,892,3,15-04-2025,UP
8145,CUST_142,Home Decor,507,5,10-09-2025,UP
8146,CUST_210,Books,3859,4,23-02-2025,Delhi
8147,CUST_145,Books,3891,4,15-08-2025,Rajasthan
8148,CUST_291,Electronics,1249,2,03-07-2025,Rajasthan
8149,CUST_229,Clothing,1118,5,09-12-2025,UP
8150,CUST_101,Books,1273,2,19-05-2025,Mumbai
8151,CUST_224,Home Decor,4867,1,23-09-2025,Delhi
8152,CUST_227,Clothing,2042,2,25-12-2025,Karnataka
8153,CUST_161,Electronics,699,1,17-11-2025,Mumbai
8154,CUST_103,Electronics,4569,4,31-12-2025,Rajasthan
8155,CUST_116,Electronics,4149,5,06-07-2025,Karnataka
8156,CUST_144,Electronics,1315,5,19-05-2025,Delhi
8157,CUST_165,Clothing,3775,3,07-08-2025,Rajasthan
8158,CUST_117,Clothing,2590,2,11-04-2025,UP
8159,CUST_265,Clothing,1608,3,04-12-2025,Rajasthan
8160,CUST_162,Home Decor,2204,1,27-04-2025,UP
8161,CUST_140,Clothing,4949,4,21-04-2025,Karnataka
8162,CUST_176,Home Decor,2986,1,25-06-2025,Mumbai
8163,CUST_167,Clothing,933,2,05-10-2025,Karnataka
8164,CUST_232,Home Decor,625,5,11-02-2025,Mumbai
8165,CUST_123,Electronics,1676,2,22-02-2025,Mumbai
8166,CUST_206,Books,4369,2,27-01-2025,Rajasthan
8167,CUST_292,Home Decor,3526,3,10-02-2025,Mumbai
8168,CUST_181,Home Decor,4204,2,18-07-2025,Mumbai
8169,CUST_280,Clothing,2421,5,10-07-2025,Rajasthan
8170,CUST_134,Home Decor,1133,4,11-11-2025,Mumbai
8171,CUST_173,Electronics,4470,4,19-10-2025,UP
8172,CUST_118,Clothing,2691,2,05-05-2025,Delhi
8173,CUST_107,Clothing,1575,4,11-10-2025,Rajasthan
8174,CUST_163,Home Decor,801,1,09-10-2025,UP
8175,CUST_272,Electronics,3574,1,15-06-2025,Delhi
8176,CUST_215,Clothing,1451,1,17-12-2025,UP
8177,CUST_167,Clothing,1186,3,27-10-2025,Mumbai
8178,CUST_127,Electronics,4727,5,22-05-2025,Rajasthan
8179,CUST_198,Books,762,3,29-07-2025,Mumbai
8180,CUST_295,Books,3826,2,26-12-2025,Rajasthan
8181,CUST_147,Home Decor,1912,5,30-12-2025,Mumbai
8182,CUST_127,Clothing,1185,1,04-02-2025,UP
8183,CUST_121,Books,2305,4,30-01-2025,Mumbai
8184,CUST_203,Books,2888,1,31-08-2025,Karnataka
8185,CUST_165,Books,2188,1,01-07-2025,Mumbai
8186,CUST_179,Books,4893,3,19-09-2025,UP
8187,CUST_173,Clothing,1472,5,09-01-2025,Delhi
8188,CUST_221,Electronics,3180,1,16-06-2025,Rajasthan
8189,CUST_118,Home Decor,3669,3,12-12-2025,Mumbai
8190,CUST_101,Clothing,3782,3,11-09-2025,Karnataka
8191,CUST_134,Books,4252,2,18-08-2025,UP
8192,CUST_152,Electronics,3380,1,11-07-2025,Mumbai
8193,CUST_254,Electronics,3678,5,28-03-2025,UP
8194,CUST_248,Clothing,4226,5,28-07-2025,UP
8195,CUST_123,Home Decor,3794,1,07-08-2025,Mumbai
8196,CUST_221,Clothing,1317,1,12-08-2025,UP
8197,CUST_201,Books,187,3,05-02-2025,Mumbai
8198,CUST_216,Books,2095,2,16-12-2025,Delhi
8199,CUST_293,Books,469,5,23-06-2025,Karnataka
8200,CUST_171,Books,3452,1,25-02-2025,Delhi
8201,CUST_158,Clothing,517,4,01-06-2025,Karnataka
8202,CUST_145,Clothing,3754,1,30-03-2025,Delhi
8203,CUST_284,Electronics,465,5,31-10-2025,Mumbai
8204,CUST_240,Electronics,2129,3,20-09-2025,UP
8205,CUST_207,Books,2729,2,21-05-2025,Karnataka
8206,CUST_153,Books,4672,2,07-11-2025,Mumbai
8207,CUST_164,Books,2828,1,28-06-2025,Mumbai
8208,CUST_276,Home Decor,1439,2,27-01-2025,Karnataka
8209,CUST_167,Clothing,2160,3,03-06-2025,Rajasthan
8210,CUST_146,Home Decor,358,3,07-03-2025,UP
8211,CUST_297,Electronics,2304,5,15-09-2025,Rajasthan
8212,CUST_283,Books,3663,5,22-11-2025,Rajasthan
8213,CUST_140,Books,3647,2,02-11-2025,Delhi
8214,CUST_103,Home Decor,3605,2,05-12-2025,Karnataka
8215,CUST_125,Books,4673,5,14-08-2025,UP
8216,CUST_240,Home Decor,1138,2,06-11-2025,Mumbai
8217,CUST_139,Home Decor,2132,5,15-01-2025,Rajasthan
8218,CUST_119,Home Decor,2072,2,04-08-2025,Rajasthan
8219,CUST_148,Books,3947,2,30-10-2025,Mumbai
8220,CUST_268,Home Decor,4000,3,17-10-2025,Rajasthan
8221,CUST_211,Clothing,3999,1,04-06-2025,UP
8222,CUST_221,Electronics,3955,1,11-04-2025,Mumbai
8223,CUST_274,Books,1711,1,15-09-2025,UP
8224,CUST_207,Electronics,3686,4,06-07-2025,Delhi
8225,CUST_209,Electronics,2869,4,19-04-2025,UP
8226,CUST_259,Home Decor,3301,2,12-05-2025,Rajasthan
8227,CUST_132,Home Decor,3213,2,01-09-2025,UP
8228,CUST_136,Clothing,3673,5,30-05-2025,Rajasthan
8229,CUST_176,Electronics,3409,2,14-12-2025,Mumbai
8230,CUST_240,Books,786,2,26-07-2025,Karnataka
8231,CUST_184,Electronics,4408,5,30-12-2025,Delhi
8232,CUST_237,Home Decor,1843,2,10-09-2025,Karnataka
8233,CUST_293,Home Decor,682,3,13-04-2025,Rajasthan
8234,CUST_263,Clothing,3503,1,06-04-2025,Mumbai
8235,CUST_126,Clothing,2105,4,13-12-2025,Rajasthan
8236,CUST_166,Books,4531,1,19-12-2025,Mumbai
8237,CUST_155,Clothing,3539,2,17-07-2025,Rajasthan
8238,CUST_265,Books,2366,4,08-09-2025,Delhi
8239,CUST_129,Books,1813,2,01-05-2025,Mumbai
8240,CUST_107,Clothing,3690,4,02-04-2025,Mumbai
8241,CUST_250,Electronics,1748,3,30-04-2025,UP
8242,CUST_194,Electronics,4763,1,05-03-2025,Karnataka
8243,CUST_234,Electronics,872,2,08-06-2025,Delhi
8244,CUST_236,Clothing,474,2,09-02-2025,Karnataka
8245,CUST_111,Clothing,2621,4,16-10-2025,Delhi
8246,CUST_223,Clothing,4621,3,20-12-2025,Rajasthan
8247,CUST_264,Books,4365,1,23-09-2025,Delhi
8248,CUST_139,Books,4386,3,05-05-2025,Mumbai
8249,CUST_136,Home Decor,1291,1,31-07-2025,UP
8250,CUST_134,Electronics,777,4,01-02-2025,Karnataka
8251,CUST_177,Books,4656,5,14-10-2025,Delhi
8252,CUST_294,Books,813,1,03-03-2025,Delhi
8253,CUST_168,Home Decor,2112,1,09-08-2025,Mumbai
8254,CUST_144,Electronics,981,5,22-08-2025,Mumbai
8255,CUST_246,Home Decor,651,3,02-04-2025,Rajasthan
8256,CUST_105,Electronics,2272,2,26-07-2025,Delhi
8257,CUST_282,Electronics,972,3,03-10-2025,Mumbai
8258,CUST_219,Clothing,4214,3,24-06-2025,Delhi
8259,CUST_165,Electronics,3872,2,26-10-2025,UP
8260,CUST_116,Clothing,2200,5,04-01-2025,Karnataka
8261,CUST_213,Electronics,1014,2,29-09-2025,UP
8262,CUST_138,Clothing,3350,2,11-03-2025,UP
8263,CUST_175,Books,2494,5,16-07-2025,UP
8264,CUST_167,Clothing,1991,4,10-06-2025,UP
8265,CUST_178,Electronics,3711,1,31-10-2025,Delhi
8266,CUST_289,Books,2909,5,21-09-2025,Delhi
8267,CUST_241,Books,4642,4,04-09-2025,Delhi
8268,CUST_295,Clothing,121,2,05-08-2025,Delhi
8269,CUST_218,Clothing,3592,4,18-05-2025,Rajasthan
8270,CUST_112,Books,4782,3,29-09-2025,Delhi
8271,CUST_257,Books,2752,5,17-11-2025,Karnataka
8272,CUST_128,Books,4935,3,29-09-2025,Karnataka
8273,CUST_117,Electronics,3033,5,26-05-2025,Rajasthan
8274,CUST_277,Clothing,2686,1,20-07-2025,UP
8275,CUST_178,Electronics,3754,2,03-01-2025,Rajasthan
8276,CUST_236,Clothing,768,2,29-11-2025,Karnataka
8277,CUST_276,Clothing,4243,1,17-12-2025,UP
8278,CUST_222,Books,317,3,05-10-2025,Karnataka
8279,CUST_152,Home Decor,3805,1,16-06-2025,Rajasthan
8280,CUST_275,Clothing,4812,3,12-04-2025,Mumbai
8281,CUST_124,Home Decor,3142,5,30-08-2025,Karnataka
8282,CUST_173,Clothing,2481,5,08-04-2025,Mumbai
8283,CUST_185,Clothing,2569,2,05-11-2025,Rajasthan
8284,CUST_242,Clothing,2166,3,22-04-2025,UP
8285,CUST_156,Clothing,1058,4,17-08-2025,UP
8286,CUST_126,Books,853,4,19-10-2025,UP
8287,CUST_187,Home Decor,3298,3,17-10-2025,Karnataka
8288,CUST_240,Clothing,674,5,17-05-2025,Delhi
8289,CUST_298,Clothing,4232,3,14-05-2025,Mumbai
8290,CUST_204,Home Decor,727,5,10-04-2025,UP
8291,CUST_170,Home Decor,4134,4,26-11-2025,Rajasthan
8292,CUST_271,Home Decor,3551,2,06-05-2025,Delhi
8293,CUST_104,Clothing,660,2,20-06-2025,Delhi
8294,CUST_297,Home Decor,236,3,31-01-2025,Rajasthan
8295,CUST_107,Books,269,1,18-11-2025,Delhi
8296,CUST_176,Electronics,3797,2,12-12-2025,Mumbai
8297,CUST_238,Books,1387,3,14-01-2025,Rajasthan
8298,CUST_229,Home Decor,3944,3,20-04-2025,Mumbai
8299,CUST_214,Books,3059,2,13-06-2025,UP
8300,CUST_121,Electronics,4552,4,15-03-2025,UP
8301,CUST_144,Books,3056,1,04-08-2025,Mumbai
8302,CUST_213,Electronics,4377,2,21-01-2025,Delhi
8303,CUST_217,Books,607,1,20-02-2025,Karnataka
8304,CUST_135,Clothing,292,5,12-07-2025,Mumbai
8305,CUST_286,Clothing,1507,3,20-09-2025,Rajasthan
8306,CUST_113,Books,3424,2,20-12-2025,UP
8307,CUST_271,Books,1312,5,16-01-2025,UP
8308,CUST_193,Books,336,4,03-10-2025,Delhi
8309,CUST_256,Home Decor,4355,5,29-01-2025,Delhi
8310,CUST_114,Electronics,2884,3,22-10-2025,Mumbai
8311,CUST_174,Home Decor,1225,3,09-06-2025,UP
8312,CUST_183,Electronics,1293,1,22-08-2025,Rajasthan
8313,CUST_279,Books,251,1,26-05-2025,Mumbai
8314,CUST_284,Books,3912,4,19-01-2025,Delhi
8315,CUST_203,Home Decor,787,3,07-01-2025,Delhi
8316,CUST_207,Electronics,3132,5,11-12-2025,Rajasthan
8317,CUST_232,Clothing,904,5,14-11-2025,UP
8318,CUST_263,Clothing,4246,4,29-03-2025,Mumbai
8319,CUST_172,Home Decor,1969,2,07-12-2025,Rajasthan
8320,CUST_190,Clothing,2252,3,06-10-2025,Rajasthan
8321,CUST_134,Home Decor,4527,5,08-06-2025,UP
8322,CUST_291,Home Decor,4606,1,10-05-2025,Karnataka
8323,CUST_258,Books,4560,3,13-09-2025,UP
8324,CUST_145,Home Decor,3724,2,09-10-2025,Delhi
8325,CUST_144,Clothing,3030,4,20-08-2025,Rajasthan
8326,CUST_253,Home Decor,2172,1,23-10-2025,Delhi
8327,CUST_202,Clothing,4499,4,25-04-2025,Karnataka
8328,CUST_137,Home Decor,1959,4,30-12-2025,Mumbai
8329,CUST_127,Clothing,2230,3,18-10-2025,Rajasthan
8330,CUST_152,Clothing,1444,3,18-07-2025,Karnataka
8331,CUST_210,Electronics,403,2,07-07-2025,Karnataka
8332,CUST_195,Books,3195,3,21-04-2025,Karnataka
8333,CUST_108,Books,3399,3,12-05-2025,UP
8334,CUST_275,Books,3613,5,16-09-2025,Rajasthan
8335,CUST_193,Clothing,2441,2,10-04-2025,Karnataka
8336,CUST_291,Books,133,2,08-11-2025,Rajasthan
8337,CUST_208,Electronics,3356,4,04-06-2025,Karnataka
8338,CUST_118,Electronics,316,1,30-12-2025,Mumbai
8339,CUST_235,Clothing,1767,3,12-05-2025,UP
8340,CUST_239,Books,3808,5,23-10-2025,Mumbai
8341,CUST_244,Electronics,517,4,02-04-2025,Rajasthan
8342,CUST_299,Home Decor,2961,5,26-05-2025,Delhi
8343,CUST_238,Home Decor,3891,5,09-09-2025,Karnataka
8344,CUST_243,Books,949,2,12-02-2025,Mumbai
8345,CUST_253,Electronics,193,3,06-02-2025,UP
8346,CUST_228,Electronics,2209,4,06-02-2025,Mumbai
8347,CUST_267,Home Decor,2858,1,03-01-2025,Karnataka
8348,CUST_155,Books,2740,3,06-10-2025,Mumbai
8349,CUST_152,Electronics,1869,4,07-01-2025,UP
8350,CUST_191,Books,2732,4,08-07-2025,Rajasthan
8351,CUST_190,Books,4597,2,15-07-2025,Rajasthan
8352,CUST_257,Books,2577,5,30-10-2025,Rajasthan
8353,CUST_137,Books,2911,2,09-12-2025,Rajasthan
8354,CUST_233,Home Decor,3668,4,21-10-2025,Rajasthan
8355,CUST_268,Electronics,1598,2,12-12-2025,UP
8356,CUST_226,Clothing,867,5,08-03-2025,UP
8357,CUST_247,Books,3596,3,05-07-2025,UP
8358,CUST_179,Home Decor,2493,2,30-05-2025,Delhi
8359,CUST_222,Electronics,1260,1,05-09-2025,UP
8360,CUST_227,Books,1060,1,25-05-2025,Mumbai
8361,CUST_179,Home Decor,1045,5,13-02-2025,Karnataka
8362,CUST_282,Books,996,4,14-12-2025,Mumbai
8363,CUST_158,Books,1106,3,22-10-2025,Rajasthan
8364,CUST_149,Electronics,3426,1,26-06-2025,Mumbai
8365,CUST_263,Electronics,3894,4,03-11-2025,Delhi
8366,CUST_112,Home Decor,691,5,06-08-2025,Mumbai
8367,CUST_157,Books,875,3,28-04-2025,Rajasthan
8368,CUST_220,Books,4012,2,08-06-2025,Rajasthan
8369,CUST_162,Clothing,3772,4,03-06-2025,Delhi
8370,CUST_208,Home Decor,3613,1,15-09-2025,Mumbai
8371,CUST_294,Home Decor,4073,2,12-10-2025,UP
8372,CUST_254,Clothing,1023,5,13-01-2025,Delhi
8373,CUST_206,Electronics,1478,4,31-03-2025,Rajasthan
8374,CUST_115,Electronics,3479,1,14-06-2025,Mumbai
8375,CUST_204,Electronics,4351,2,19-12-2025,Karnataka
8376,CUST_101,Home Decor,4083,2,21-12-2025,Delhi
8377,CUST_287,Clothing,820,5,12-01-2025,Karnataka
8378,CUST_268,Electronics,1994,5,26-04-2025,Rajasthan
8379,CUST_126,Books,4458,1,30-04-2025,Rajasthan
8380,CUST_270,Books,3464,1,17-12-2025,Rajasthan
8381,CUST_222,Clothing,939,5,04-07-2025,UP
8382,CUST_233,Clothing,1098,5,19-10-2025,UP
8383,CUST_194,Books,4952,5,14-07-2025,Delhi
8384,CUST_186,Clothing,2737,2,28-06-2025,Rajasthan
8385,CUST_107,Home Decor,1787,3,18-10-2025,Delhi
8386,CUST_236,Clothing,4371,2,22-02-2025,Delhi
8387,CUST_287,Home Decor,1564,2,18-01-2025,Rajasthan
8388,CUST_119,Books,1346,1,10-01-2025,Rajasthan
8389,CUST_111,Electronics,962,5,17-09-2025,Delhi
8390,CUST_123,Clothing,806,4,13-04-2025,Karnataka
8391,CUST_222,Books,1331,5,14-09-2025,UP
8392,CUST_202,Books,3896,3,12-08-2025,UP
8393,CUST_157,Home Decor,573,2,28-09-2025,Mumbai
8394,CUST_250,Home Decor,2136,4,26-01-2025,Mumbai
8395,CUST_253,Home Decor,1483,4,09-01-2025,Mumbai
8396,CUST_263,Home Decor,2297,5,19-02-2025,Rajasthan
8397,CUST_143,Books,3940,3,24-02-2025,Mumbai
8398,CUST_124,Clothing,714,3,18-08-2025,UP
8399,CUST_109,Books,4337,5,16-03-2025,UP
8400,CUST_153,Home Decor,4952,5,23-06-2025,Karnataka
8401,CUST_128,Clothing,4642,4,04-09-2025,Rajasthan
8402,CUST_233,Clothing,1142,5,01-11-2025,Rajasthan
8403,CUST_186,Books,796,1,24-12-2025,Mumbai
8404,CUST_135,Home Decor,3303,4,24-02-2025,Karnataka
8405,CUST_233,Books,4209,3,19-07-2025,Rajasthan
8406,CUST_297,Books,515,3,26-07-2025,UP
8407,CUST_137,Clothing,4219,3,30-09-2025,Rajasthan
8408,CUST_137,Clothing,4000,3,24-04-2025,Mumbai
8409,CUST_250,Home Decor,301,5,26-06-2025,Delhi
8410,CUST_286,Books,4812,5,06-10-2025,Karnataka
8411,CUST_287,Electronics,3670,1,20-02-2025,Rajasthan
8412,CUST_119,Books,595,5,24-02-2025,UP
8413,CUST_145,Books,3503,5,17-12-2025,Delhi
8414,CUST_216,Electronics,2339,4,25-07-2025,UP
8415,CUST_299,Home Decor,3423,4,22-03-2025,Mumbai
8416,CUST_197,Home Decor,1536,4,13-07-2025,UP
8417,CUST_249,Electronics,2858,1,27-01-2025,Delhi
8418,CUST_141,Home Decor,2654,4,30-05-2025,UP
8419,CUST_250,Home Decor,2073,2,03-12-2025,UP
8420,CUST_103,Electronics,1422,3,25-02-2025,Rajasthan
8421,CUST_245,Electronics,3859,2,28-02-2025,Delhi
8422,CUST_260,Home Decor,4478,4,18-07-2025,UP
8423,CUST_178,Clothing,1277,4,20-05-2025,Rajasthan
8424,CUST_218,Home Decor,1921,4,29-04-2025,Rajasthan
8425,CUST_158,Clothing,3734,2,15-07-2025,Delhi
8426,CUST_139,Clothing,4455,1,19-05-2025,Karnataka
8427,CUST_221,Home Decor,627,5,21-01-2025,Rajasthan
8428,CUST_212,Electronics,4868,1,06-07-2025,Mumbai
8429,CUST_182,Clothing,3587,4,21-06-2025,Karnataka
8430,CUST_237,Books,2615,4,29-10-2025,Rajasthan
8431,CUST_193,Clothing,3051,1,07-03-2025,Mumbai
8432,CUST_142,Clothing,2685,3,18-11-2025,UP
8433,CUST_117,Clothing,3278,5,15-03-2025,Rajasthan
8434,CUST_220,Home Decor,4082,4,31-07-2025,Rajasthan
8435,CUST_135,Books,1955,1,20-07-2025,Delhi
8436,CUST_239,Home Decor,809,4,28-06-2025,Karnataka
8437,CUST_136,Clothing,1863,2,03-02-2025,UP
8438,CUST_112,Electronics,1562,1,09-05-2025,UP
8439,CUST_198,Clothing,2248,4,12-05-2025,Delhi
8440,CUST_265,Electronics,3551,4,14-10-2025,Mumbai
8441,CUST_263,Home Decor,3144,2,11-08-2025,Delhi
8442,CUST_108,Clothing,4084,2,22-03-2025,Mumbai
8443,CUST_168,Books,3423,1,27-11-2025,Rajasthan
8444,CUST_287,Clothing,2029,2,24-11-2025,Rajasthan
8445,CUST_293,Electronics,3370,4,07-05-2025,Mumbai
8446,CUST_235,Clothing,4015,2,10-10-2025,Rajasthan
8447,CUST_115,Home Decor,2050,5,24-11-2025,Rajasthan
8448,CUST_123,Books,174,1,04-08-2025,Delhi
8449,CUST_283,Home Decor,4757,5,28-09-2025,UP
8450,CUST_174,Electronics,2155,2,28-12-2025,Delhi
8451,CUST_172,Clothing,4282,5,04-08-2025,Rajasthan
8452,CUST_137,Electronics,940,4,17-06-2025,Rajasthan
8453,CUST_137,Clothing,434,5,19-01-2025,Rajasthan
8454,CUST_187,Books,3460,3,25-08-2025,Rajasthan
8455,CUST_108,Books,4213,3,04-07-2025,Rajasthan
8456,CUST_261,Electronics,1449,1,14-04-2025,Delhi
8457,CUST_217,Electronics,1076,3,03-05-2025,Delhi
8458,CUST_256,Books,3563,3,01-12-2025,Delhi
8459,CUST_155,Electronics,1470,5,27-07-2025,Rajasthan
8460,CUST_147,Clothing,1676,1,05-10-2025,Rajasthan
8461,CUST_247,Electronics,4852,2,16-09-2025,Rajasthan
8462,CUST_246,Electronics,194,1,12-02-2025,Mumbai
8463,CUST_138,Home Decor,1145,2,02-11-2025,Delhi
8464,CUST_178,Clothing,1490,5,24-05-2025,Karnataka
8465,CUST_260,Electronics,3322,5,21-04-2025,Delhi
8466,CUST_115,Home Decor,544,3,04-09-2025,Rajasthan
8467,CUST_255,Electronics,1173,5,26-11-2025,Mumbai
8468,CUST_152,Books,384,1,06-11-2025,UP
8469,CUST_255,Electronics,908,2,10-12-2025,Delhi
8470,CUST_117,Electronics,2838,1,23-07-2025,Mumbai
8471,CUST_160,Electronics,369,5,14-04-2025,UP
8472,CUST_255,Clothing,4586,5,14-08-2025,Delhi
8473,CUST_188,Electronics,1213,2,13-11-2025,Karnataka
8474,CUST_121,Books,3385,3,05-02-2025,Delhi
8475,CUST_111,Electronics,3877,2,23-11-2025,Delhi
8476,CUST_105,Clothing,3008,4,08-08-2025,Rajasthan
8477,CUST_100,Clothing,2601,1,09-02-2025,Rajasthan
8478,CUST_220,Books,2390,4,26-03-2025,Mumbai
8479,CUST_176,Clothing,2658,5,22-09-2025,Delhi
8480,CUST_177,Books,3136,4,23-03-2025,Karnataka
8481,CUST_292,Clothing,962,4,29-12-2025,Mumbai
8482,CUST_123,Electronics,4811,4,14-04-2025,Karnataka
8483,CUST_139,Home Decor,4427,2,18-06-2025,Rajasthan
8484,CUST_162,Electronics,1923,4,01-11-2025,Delhi
8485,CUST_205,Clothing,2913,3,11-01-2025,Rajasthan
8486,CUST_213,Clothing,1477,2,13-12-2025,Karnataka
8487,CUST_225,Clothing,2778,5,15-10-2025,Delhi
8488,CUST_145,Home Decor,2390,5,11-12-2025,Delhi
8489,CUST_151,Electronics,3539,2,01-09-2025,Karnataka
8490,CUST_277,Home Decor,1633,4,04-10-2025,UP
8491,CUST_300,Clothing,169,4,15-08-2025,Mumbai
8492,CUST_222,Electronics,4617,4,01-03-2025,Mumbai
8493,CUST_176,Clothing,4692,1,20-11-2025,Rajasthan
8494,CUST_261,Electronics,2766,2,16-08-2025,UP
8495,CUST_264,Electronics,1399,3,06-02-2025,Delhi
8496,CUST_116,Electronics,2019,1,30-05-2025,UP
8497,CUST_246,Electronics,2065,2,20-06-2025,Delhi
8498,CUST_238,Books,4084,4,17-07-2025,UP
8499,CUST_160,Clothing,2189,3,15-04-2025,Mumbai
8500,CUST_214,Clothing,4483,5,21-03-2025,Karnataka
8501,CUST_230,Books,401,5,17-09-2025,Delhi
8502,CUST_254,Home Decor,4764,4,10-06-2025,Delhi
8503,CUST_121,Home Decor,2393,2,27-11-2025,Karnataka
8504,CUST_175,Electronics,4761,5,08-02-2025,Delhi
8505,CUST_230,Home Decor,2414,1,17-10-2025,Mumbai
8506,CUST_187,Home Decor,3251,2,15-07-2025,Mumbai
8507,CUST_254,Home Decor,2136,4,03-09-2025,UP
8508,CUST_112,Books,4017,4,23-02-2025,Karnataka
8509,CUST_259,Electronics,4523,3,01-12-2025,Mumbai
8510,CUST_285,Books,3833,4,27-04-2025,Mumbai
8511,CUST_122,Home Decor,2575,3,11-03-2025,Mumbai
8512,CUST_215,Home Decor,2430,2,22-06-2025,Mumbai
8513,CUST_274,Books,1278,5,30-05-2025,Delhi
8514,CUST_121,Electronics,3004,2,29-03-2025,Rajasthan
8515,CUST_106,Books,215,2,13-05-2025,Mumbai
8516,CUST_298,Clothing,609,5,16-08-2025,Delhi
8517,CUST_151,Home Decor,3335,4,19-10-2025,Karnataka
8518,CUST_260,Books,3530,5,08-11-2025,Mumbai
8519,CUST_142,Clothing,2195,5,19-01-2025,UP
8520,CUST_185,Home Decor,3972,3,13-12-2025,Mumbai
8521,CUST_102,Home Decor,3790,5,26-03-2025,UP
8522,CUST_300,Electronics,3033,4,23-01-2025,Mumbai
8523,CUST_241,Home Decor,2041,4,02-04-2025,Delhi
8524,CUST_163,Home Decor,4031,4,05-01-2025,Delhi
8525,CUST_230,Clothing,1223,3,04-04-2025,Karnataka
8526,CUST_193,Electronics,3291,5,02-11-2025,UP
8527,CUST_206,Books,794,4,13-04-2025,UP
8528,CUST_112,Electronics,748,2,01-11-2025,Mumbai
8529,CUST_203,Clothing,1120,1,13-11-2025,Karnataka
8530,CUST_135,Books,558,3,14-06-2025,Mumbai
8531,CUST_248,Clothing,3149,3,03-04-2025,Karnataka
8532,CUST_172,Home Decor,2262,3,23-01-2025,Mumbai
8533,CUST_272,Clothing,3003,4,04-07-2025,Karnataka
8534,CUST_267,Clothing,2100,3,25-01-2025,Mumbai
8535,CUST_210,Clothing,3039,2,02-11-2025,Mumbai
8536,CUST_196,Electronics,1643,2,07-05-2025,Rajasthan
8537,CUST_254,Clothing,4849,5,05-02-2025,Mumbai
8538,CUST_134,Home Decor,3328,5,29-09-2025,Mumbai
8539,CUST_274,Home Decor,3589,5,11-09-2025,Mumbai
8540,CUST_240,Electronics,3651,3,21-09-2025,Mumbai
8541,CUST_106,Books,4048,5,18-08-2025,Mumbai
8542,CUST_159,Home Decor,1663,5,26-04-2025,Delhi
8543,CUST_121,Home Decor,1556,2,23-09-2025,Rajasthan
8544,CUST_229,Electronics,1387,3,05-11-2025,Rajasthan
8545,CUST_255,Home Decor,2588,4,17-08-2025,Rajasthan
8546,CUST_176,Books,2385,2,08-07-2025,UP
8547,CUST_273,Electronics,1855,1,23-07-2025,Delhi
8548,CUST_177,Books,108,5,15-04-2025,Rajasthan
8549,CUST_220,Home Decor,4978,4,23-09-2025,Delhi
8550,CUST_166,Books,2533,1,21-05-2025,Rajasthan
8551,CUST_154,Clothing,3928,2,29-03-2025,Mumbai
8552,CUST_212,Electronics,113,1,07-05-2025,Karnataka
8553,CUST_292,Clothing,543,5,19-11-2025,Delhi
8554,CUST_154,Books,406,3,28-11-2025,UP
8555,CUST_294,Clothing,2678,5,26-01-2025,Karnataka
8556,CUST_293,Clothing,2053,3,30-01-2025,UP
8557,CUST_251,Clothing,4987,5,25-02-2025,UP
8558,CUST_269,Books,3524,2,12-10-2025,Karnataka
8559,CUST_218,Books,698,1,13-12-2025,Karnataka
8560,CUST_204,Books,1932,5,21-03-2025,Karnataka
8561,CUST_182,Electronics,1716,2,17-06-2025,Delhi
8562,CUST_222,Home Decor,4072,1,02-03-2025,Delhi
8563,CUST_161,Clothing,2397,5,23-05-2025,UP
8564,CUST_203,Home Decor,4727,4,25-11-2025,Delhi
8565,CUST_169,Books,4228,2,06-09-2025,Karnataka
8566,CUST_239,Books,2907,4,13-04-2025,Karnataka
8567,CUST_276,Books,399,4,30-06-2025,Karnataka
8568,CUST_277,Clothing,4215,3,23-04-2025,UP
8569,CUST_155,Home Decor,3122,2,04-03-2025,UP
8570,CUST_276,Home Decor,912,2,07-03-2025,Karnataka
8571,CUST_127,Home Decor,2222,5,01-09-2025,UP
8572,CUST_277,Books,4622,2,17-04-2025,Rajasthan
8573,CUST_101,Books,1243,2,22-07-2025,Delhi
8574,CUST_136,Electronics,4198,3,26-04-2025,Rajasthan
8575,CUST_172,Electronics,805,3,22-11-2025,Delhi
8576,CUST_233,Books,3007,2,26-07-2025,Delhi
8577,CUST_129,Home Decor,4098,5,29-09-2025,Rajasthan
8578,CUST_276,Electronics,4340,5,04-11-2025,UP
8579,CUST_269,Books,4776,2,06-01-2025,Mumbai
8580,CUST_194,Books,2851,1,26-09-2025,Karnataka
8581,CUST_274,Books,4406,4,18-09-2025,Karnataka
8582,CUST_276,Books,3883,5,09-05-2025,Rajasthan
8583,CUST_112,Books,1420,4,22-02-2025,Delhi
8584,CUST_184,Books,1029,2,29-01-2025,Karnataka
8585,CUST_205,Home Decor,1547,4,06-02-2025,Karnataka
8586,CUST_223,Home Decor,3278,1,03-04-2025,Karnataka
8587,CUST_221,Books,2220,4,01-07-2025,Karnataka
8588,CUST_205,Home Decor,1128,2,11-12-2025,Mumbai
8589,CUST_287,Home Decor,3034,1,16-09-2025,UP
8590,CUST_150,Home Decor,4269,3,26-03-2025,Mumbai
8591,CUST_216,Clothing,3595,2,25-12-2025,Karnataka
8592,CUST_223,Books,2835,1,28-04-2025,Mumbai
8593,CUST_207,Books,2459,1,25-10-2025,Rajasthan
8594,CUST_260,Clothing,1396,2,11-01-2025,Mumbai
8595,CUST_200,Clothing,3432,4,10-07-2025,UP
8596,CUST_255,Clothing,764,5,11-11-2025,UP
8597,CUST_162,Electronics,3454,5,25-05-2025,Rajasthan
8598,CUST_147,Books,3714,3,16-07-2025,UP
8599,CUST_196,Electronics,3857,1,21-09-2025,Mumbai
8600,CUST_139,Books,1496,5,14-05-2025,Karnataka
8601,CUST_219,Clothing,770,1,10-03-2025,Delhi
8602,CUST_118,Home Decor,3149,5,02-01-2025,Karnataka
8603,CUST_214,Clothing,3008,3,21-09-2025,Mumbai
8604,CUST_133,Home Decor,751,5,09-03-2025,Delhi
8605,CUST_108,Home Decor,2568,2,02-03-2025,UP
8606,CUST_286,Electronics,3794,2,23-11-2025,Karnataka
8607,CUST_114,Electronics,3267,1,07-10-2025,Karnataka
8608,CUST_176,Clothing,4964,2,31-08-2025,Mumbai
8609,CUST_112,Electronics,1141,3,25-09-2025,Delhi
8610,CUST_129,Books,2338,4,01-04-2025,UP
8611,CUST_255,Clothing,3350,4,29-08-2025,Rajasthan
8612,CUST_277,Electronics,1451,5,11-06-2025,Rajasthan
8613,CUST_299,Clothing,4638,3,16-09-2025,Rajasthan
8614,CUST_287,Clothing,2710,1,02-10-2025,Delhi
8615,CUST_128,Clothing,4798,2,02-12-2025,Rajasthan
8616,CUST_156,Home Decor,4830,2,27-01-2025,Rajasthan
8617,CUST_256,Clothing,2361,3,20-06-2025,Delhi
8618,CUST_198,Electronics,3568,1,11-03-2025,UP
8619,CUST_177,Home Decor,1631,5,31-08-2025,Delhi
8620,CUST_120,Clothing,2444,5,04-11-2025,Rajasthan
8621,CUST_184,Books,1573,5,07-10-2025,Karnataka
8622,CUST_218,Electronics,1839,5,29-01-2025,Karnataka
8623,CUST_176,Electronics,3491,2,01-08-2025,Karnataka
8624,CUST_172,Books,3406,3,12-02-2025,Rajasthan
8625,CUST_192,Clothing,1989,1,06-02-2025,Mumbai
8626,CUST_275,Electronics,3383,1,08-11-2025,Rajasthan
8627,CUST_126,Electronics,395,2,07-03-2025,Karnataka
8628,CUST_212,Home Decor,4944,3,03-09-2025,Karnataka
8629,CUST_137,Clothing,1968,3,06-11-2025,Delhi
8630,CUST_219,Home Decor,4936,1,11-03-2025,Karnataka
8631,CUST_286,Books,2241,4,31-12-2025,Karnataka
8632,CUST_246,Electronics,4602,1,04-07-2025,Delhi
8633,CUST_159,Clothing,1682,2,28-06-2025,Rajasthan
8634,CUST_289,Home Decor,4961,2,03-08-2025,Delhi
8635,CUST_171,Electronics,3216,4,02-03-2025,Karnataka
8636,CUST_289,Clothing,2371,3,28-02-2025,Rajasthan
8637,CUST_125,Home Decor,348,1,09-08-2025,Karnataka
8638,CUST_218,Home Decor,3498,1,17-12-2025,Delhi
8639,CUST_169,Electronics,3900,3,31-07-2025,Karnataka
8640,CUST_166,Clothing,1018,4,23-05-2025,Delhi
8641,CUST_196,Books,1121,1,12-08-2025,UP
8642,CUST_109,Books,916,4,16-09-2025,Rajasthan
8643,CUST_148,Books,4657,2,15-01-2025,Rajasthan
8644,CUST_292,Books,1424,1,23-06-2025,Mumbai
8645,CUST_293,Home Decor,2334,3,06-09-2025,Delhi
8646,CUST_109,Electronics,1708,1,06-06-2025,Rajasthan
8647,CUST_171,Books,3770,2,05-08-2025,Delhi
8648,CUST_174,Clothing,2842,1,28-10-2025,UP
8649,CUST_148,Clothing,3347,4,19-04-2025,Rajasthan
8650,CUST_117,Electronics,1463,2,26-05-2025,Rajasthan
8651,CUST_224,Books,1322,5,25-03-2025,Rajasthan
8652,CUST_118,Home Decor,3091,5,05-06-2025,UP
8653,CUST_282,Electronics,2047,1,04-02-2025,Karnataka
8654,CUST_234,Electronics,1102,5,27-07-2025,Delhi
8655,CUST_131,Electronics,2080,2,01-12-2025,Karnataka
8656,CUST_264,Books,4750,3,09-01-2025,Delhi
8657,CUST_276,Electronics,3180,5,17-06-2025,Karnataka
8658,CUST_251,Books,2722,1,04-10-2025,Mumbai
8659,CUST_287,Electronics,1224,5,15-02-2025,Mumbai
8660,CUST_285,Books,3284,5,11-02-2025,Mumbai
8661,CUST_279,Electronics,1945,5,15-05-2025,Karnataka
8662,CUST_284,Clothing,3335,5,18-04-2025,Karnataka
8663,CUST_198,Clothing,3547,2,22-03-2025,Delhi
8664,CUST_249,Electronics,4661,2,07-04-2025,Karnataka
8665,CUST_200,Home Decor,2327,3,02-08-2025,Delhi
8666,CUST_157,Clothing,1964,5,26-01-2025,Delhi
8667,CUST_134,Home Decor,2761,1,27-05-2025,Mumbai
8668,CUST_271,Home Decor,1951,1,23-11-2025,Rajasthan
8669,CUST_161,Electronics,2223,5,26-10-2025,Rajasthan
8670,CUST_297,Home Decor,894,2,27-09-2025,Rajasthan
8671,CUST_291,Electronics,2749,5,23-08-2025,Karnataka
8672,CUST_112,Clothing,1344,4,17-01-2025,Karnataka
8673,CUST_175,Home Decor,4404,2,09-05-2025,UP
8674,CUST_276,Books,2723,2,28-04-2025,Karnataka
8675,CUST_158,Clothing,1025,2,02-02-2025,Delhi
8676,CUST_107,Books,317,4,04-10-2025,Mumbai
8677,CUST_282,Electronics,637,2,19-09-2025,Rajasthan
8678,CUST_269,Electronics,4676,3,16-10-2025,Mumbai
8679,CUST_120,Clothing,3471,4,25-08-2025,Delhi
8680,CUST_296,Books,1799,3,21-04-2025,UP
8681,CUST_161,Home Decor,3810,2,25-04-2025,UP
8682,CUST_290,Books,2219,1,07-06-2025,Delhi
8683,CUST_181,Electronics,1536,3,17-06-2025,Karnataka
8684,CUST_161,Electronics,4056,1,24-08-2025,Delhi
8685,CUST_106,Books,1673,5,21-05-2025,Karnataka
8686,CUST_245,Home Decor,3669,2,22-09-2025,Karnataka
8687,CUST_186,Clothing,4555,5,24-05-2025,Delhi
8688,CUST_103,Home Decor,4866,3,10-02-2025,Karnataka
8689,CUST_163,Books,3014,5,14-05-2025,Mumbai
8690,CUST_254,Electronics,4873,1,20-12-2025,UP
8691,CUST_110,Home Decor,2652,5,27-08-2025,UP
8692,CUST_159,Home Decor,166,5,06-11-2025,Mumbai
8693,CUST_176,Electronics,3909,1,15-11-2025,Mumbai
8694,CUST_140,Books,4234,2,05-03-2025,UP
8695,CUST_182,Home Decor,494,2,09-11-2025,UP
8696,CUST_124,Home Decor,4202,5,25-01-2025,Mumbai
8697,CUST_146,Books,4546,4,09-04-2025,Delhi
8698,CUST_288,Electronics,2500,4,18-03-2025,Rajasthan
8699,CUST_237,Books,4020,4,13-11-2025,Mumbai
8700,CUST_100,Books,2280,3,06-04-2025,Mumbai
8701,CUST_111,Home Decor,2369,5,06-04-2025,Karnataka
8702,CUST_187,Books,3866,3,21-10-2025,Mumbai
8703,CUST_174,Clothing,2247,1,14-05-2025,Karnataka
8704,CUST_213,Clothing,751,2,21-12-2025,Delhi
8705,CUST_282,Books,3291,2,26-03-2025,Mumbai
8706,CUST_135,Electronics,414,1,24-03-2025,Karnataka
8707,CUST_264,Books,3556,1,30-08-2025,Mumbai
8708,CUST_211,Clothing,3558,4,11-10-2025,Delhi
8709,CUST_211,Home Decor,4230,1,23-10-2025,Rajasthan
8710,CUST_116,Clothing,2711,3,09-01-2025,Delhi
8711,CUST_139,Home Decor,2145,2,28-07-2025,Karnataka
8712,CUST_253,Clothing,2784,2,14-08-2025,Mumbai
8713,CUST_257,Home Decor,2873,4,03-10-2025,Mumbai
8714,CUST_124,Clothing,4151,3,12-05-2025,Mumbai
8715,CUST_159,Clothing,4273,5,30-05-2025,UP
8716,CUST_203,Electronics,728,1,07-08-2025,UP
8717,CUST_149,Home Decor,2909,5,22-04-2025,Delhi
8718,CUST_165,Books,2384,4,10-03-2025,Rajasthan
8719,CUST_239,Books,3694,5,08-09-2025,Karnataka
8720,CUST_235,Books,4499,3,09-08-2025,Delhi
8721,CUST_265,Books,1958,5,04-08-2025,Karnataka
8722,CUST_257,Electronics,403,1,19-12-2025,Rajasthan
8723,CUST_184,Home Decor,3720,3,05-06-2025,Mumbai
8724,CUST_148,Electronics,278,3,28-07-2025,Rajasthan
8725,CUST_262,Electronics,4507,1,07-05-2025,UP
8726,CUST_246,Electronics,4699,4,01-04-2025,Delhi
8727,CUST_124,Books,4425,2,26-01-2025,Mumbai
8728,CUST_290,Clothing,4174,3,30-01-2025,UP
8729,CUST_138,Home Decor,2132,2,29-08-2025,Rajasthan
8730,CUST_145,Clothing,4527,1,29-09-2025,Karnataka
8731,CUST_267,Electronics,3960,5,15-09-2025,Rajasthan
8732,CUST_291,Clothing,4854,1,02-10-2025,Rajasthan
8733,CUST_181,Clothing,422,2,21-08-2025,Mumbai
8734,CUST_190,Home Decor,3549,4,10-06-2025,Mumbai
8735,CUST_111,Electronics,3220,2,08-07-2025,UP
8736,CUST_230,Clothing,4996,4,25-05-2025,Delhi
8737,CUST_191,Home Decor,1858,4,22-11-2025,Rajasthan
8738,CUST_162,Books,1616,1,05-11-2025,Karnataka
8739,CUST_185,Electronics,3137,1,17-08-2025,UP
8740,CUST_127,Books,1332,1,14-12-2025,Mumbai
8741,CUST_162,Books,2564,5,14-06-2025,Delhi
8742,CUST_230,Electronics,1916,3,31-08-2025,Delhi
8743,CUST_214,Home Decor,177,3,09-09-2025,Rajasthan
8744,CUST_276,Books,3518,4,29-11-2025,Karnataka
8745,CUST_222,Clothing,3345,4,14-08-2025,Rajasthan
8746,CUST_210,Clothing,3685,1,09-08-2025,UP
8747,CUST_234,Home Decor,4799,2,08-07-2025,Karnataka
8748,CUST_204,Home Decor,1017,1,03-03-2025,UP
8749,CUST_253,Clothing,2906,3,18-11-2025,UP
8750,CUST_267,Books,2786,3,26-03-2025,Rajasthan
8751,CUST_117,Books,4852,3,21-05-2025,Karnataka
8752,CUST_100,Home Decor,4009,5,10-04-2025,UP
8753,CUST_227,Electronics,4358,3,12-05-2025,Rajasthan
8754,CUST_102,Clothing,4844,2,12-03-2025,Delhi
8755,CUST_223,Home Decor,1841,2,12-05-2025,UP
8756,CUST_229,Clothing,372,5,20-12-2025,Rajasthan
8757,CUST_195,Clothing,4171,5,09-07-2025,Delhi
8758,CUST_105,Books,3434,1,28-05-2025,UP
8759,CUST_249,Home Decor,1064,2,23-11-2025,Karnataka
8760,CUST_286,Clothing,1293,3,27-08-2025,Mumbai
8761,CUST_261,Electronics,3451,2,12-11-2025,UP
8762,CUST_105,Home Decor,2670,3,22-08-2025,Karnataka
8763,CUST_169,Home Decor,2221,5,28-09-2025,Delhi
8764,CUST_267,Home Decor,3353,2,24-08-2025,Karnataka
8765,CUST_236,Home Decor,1479,1,30-10-2025,Delhi
8766,CUST_148,Clothing,975,1,21-12-2025,UP
8767,CUST_215,Home Decor,3948,5,25-08-2025,Delhi
8768,CUST_195,Electronics,612,4,12-08-2025,UP
8769,CUST_204,Home Decor,392,2,28-04-2025,Karnataka
8770,CUST_265,Home Decor,2280,1,21-12-2025,Rajasthan
8771,CUST_164,Books,2177,5,31-01-2025,UP
8772,CUST_203,Clothing,1187,4,17-08-2025,Delhi
8773,CUST_271,Clothing,4335,4,13-11-2025,Rajasthan
8774,CUST_228,Electronics,1619,3,01-06-2025,Delhi
8775,CUST_150,Clothing,2897,5,09-08-2025,Mumbai
8776,CUST_260,Electronics,1306,3,16-02-2025,Rajasthan
8777,CUST_152,Clothing,993,5,01-02-2025,UP
8778,CUST_136,Home Decor,3214,1,13-05-2025,Karnataka
8779,CUST_290,Clothing,1531,5,21-05-2025,UP
8780,CUST_216,Home Decor,798,2,30-04-2025,Delhi
8781,CUST_178,Books,1498,5,19-07-2025,Karnataka
8782,CUST_254,Home Decor,4714,2,09-04-2025,Delhi
8783,CUST_218,Home Decor,524,5,12-07-2025,Delhi
8784,CUST_172,Books,1203,1,19-06-2025,UP
8785,CUST_228,Electronics,2211,4,01-05-2025,UP
8786,CUST_235,Home Decor,2552,4,23-05-2025,Mumbai
8787,CUST_135,Home Decor,2572,3,05-08-2025,Delhi
8788,CUST_122,Books,3971,5,15-09-2025,Rajasthan
8789,CUST_234,Home Decor,1655,5,07-08-2025,Karnataka
8790,CUST_156,Electronics,1789,3,10-05-2025,UP
8791,CUST_151,Books,414,2,19-12-2025,Rajasthan
8792,CUST_144,Electronics,2883,2,09-06-2025,Mumbai
8793,CUST_127,Clothing,1071,3,12-09-2025,Karnataka
8794,CUST_179,Clothing,4402,1,08-02-2025,Delhi
8795,CUST_260,Electronics,3041,4,25-02-2025,Mumbai
8796,CUST_196,Home Decor,1624,1,14-02-2025,Rajasthan
8797,CUST_105,Home Decor,3422,2,12-12-2025,Karnataka
8798,CUST_210,Electronics,1885,1,14-12-2025,UP
8799,CUST_129,Clothing,2303,1,13-07-2025,Rajasthan
8800,CUST_105,Clothing,3448,3,11-01-2025,Karnataka
8801,CUST_150,Electronics,4692,1,21-10-2025,UP
8802,CUST_173,Home Decor,3645,4,10-06-2025,Rajasthan
8803,CUST_133,Electronics,2461,5,08-03-2025,Delhi
8804,CUST_280,Clothing,1429,2,17-11-2025,Mumbai
8805,CUST_184,Electronics,1856,5,10-01-2025,Delhi
8806,CUST_109,Clothing,2931,1,05-09-2025,Mumbai
8807,CUST_237,Electronics,3071,1,25-08-2025,UP
8808,CUST_182,Books,3722,1,16-12-2025,Rajasthan
8809,CUST_168,Electronics,3380,1,16-06-2025,UP
8810,CUST_134,Books,2164,2,05-08-2025,Delhi
8811,CUST_286,Books,2557,1,08-01-2025,Mumbai
8812,CUST_105,Books,2040,5,10-05-2025,Karnataka
8813,CUST_217,Books,427,3,21-08-2025,Mumbai
8814,CUST_200,Electronics,3437,2,02-01-2025,Rajasthan
8815,CUST_239,Books,3062,4,10-09-2025,Karnataka
8816,CUST_293,Clothing,687,4,20-05-2025,Delhi
8817,CUST_260,Home Decor,3860,1,19-01-2025,Karnataka
8818,CUST_127,Home Decor,823,1,26-03-2025,Mumbai
8819,CUST_157,Books,930,5,06-06-2025,UP
8820,CUST_265,Books,1478,5,25-11-2025,Delhi
8821,CUST_111,Electronics,3716,2,16-09-2025,UP
8822,CUST_125,Electronics,1810,4,06-07-2025,Mumbai
8823,CUST_229,Clothing,4635,3,03-01-2025,Delhi
8824,CUST_188,Electronics,4963,4,09-04-2025,Delhi
8825,CUST_112,Home Decor,982,5,13-04-2025,Mumbai
8826,CUST_300,Clothing,3706,1,12-01-2025,Delhi
8827,CUST_114,Electronics,1713,1,09-01-2025,Mumbai
8828,CUST_205,Electronics,2956,1,08-01-2025,Mumbai
8829,CUST_182,Electronics,4492,3,01-12-2025,Mumbai
8830,CUST_219,Electronics,3819,1,16-11-2025,Karnataka
8831,CUST_203,Clothing,3355,5,21-05-2025,Mumbai
8832,CUST_187,Electronics,2659,5,04-07-2025,UP
8833,CUST_137,Clothing,1681,4,13-06-2025,UP
8834,CUST_129,Electronics,4118,1,24-06-2025,Mumbai
8835,CUST_215,Home Decor,246,5,23-08-2025,Karnataka
8836,CUST_189,Home Decor,4546,5,13-05-2025,Delhi
8837,CUST_284,Clothing,2938,5,13-12-2025,Delhi
8838,CUST_171,Electronics,4940,5,24-09-2025,Rajasthan
8839,CUST_244,Home Decor,2589,3,13-04-2025,Rajasthan
8840,CUST_242,Home Decor,3824,5,06-02-2025,UP
8841,CUST_266,Books,2048,2,28-10-2025,Karnataka
8842,CUST_199,Home Decor,1971,3,12-08-2025,Mumbai
8843,CUST_182,Home Decor,3406,2,28-01-2025,UP
8844,CUST_281,Electronics,2197,2,17-06-2025,UP
8845,CUST_268,Books,1748,2,06-03-2025,Delhi
8846,CUST_115,Books,4246,1,03-07-2025,Rajasthan
8847,CUST_158,Books,1132,1,02-10-2025,Karnataka
8848,CUST_213,Home Decor,2938,1,15-07-2025,Mumbai
8849,CUST_204,Clothing,3194,3,11-06-2025,Mumbai
8850,CUST_238,Clothing,1932,4,19-11-2025,UP
8851,CUST_108,Electronics,225,1,02-03-2025,Delhi
8852,CUST_165,Books,265,4,25-01-2025,Delhi
8853,CUST_272,Electronics,1292,1,08-06-2025,UP
8854,CUST_185,Home Decor,4467,3,22-08-2025,Karnataka
8855,CUST_122,Electronics,3514,2,16-02-2025,Rajasthan
8856,CUST_139,Books,1643,5,13-01-2025,Delhi
8857,CUST_173,Electronics,2066,1,26-05-2025,Delhi
8858,CUST_259,Home Decor,3013,2,23-07-2025,Delhi
8859,CUST_135,Books,4685,2,05-08-2025,Mumbai
8860,CUST_204,Clothing,2570,4,25-05-2025,Delhi
8861,CUST_167,Clothing,3621,1,03-01-2025,UP
8862,CUST_139,Electronics,4860,3,26-05-2025,UP
8863,CUST_252,Home Decor,3647,3,26-01-2025,Delhi
8864,CUST_271,Electronics,4298,5,15-09-2025,Delhi
8865,CUST_113,Books,4165,5,10-09-2025,UP
8866,CUST_158,Electronics,1855,3,30-12-2025,Delhi
8867,CUST_179,Home Decor,3895,4,13-09-2025,UP
8868,CUST_255,Home Decor,1248,5,07-08-2025,Delhi
8869,CUST_204,Clothing,4884,2,10-10-2025,Delhi
8870,CUST_239,Clothing,1087,5,08-12-2025,Rajasthan
8871,CUST_251,Books,2108,3,02-05-2025,Delhi
8872,CUST_188,Clothing,4754,3,08-08-2025,UP
8873,CUST_153,Home Decor,2905,3,14-10-2025,Delhi
8874,CUST_144,Home Decor,1495,4,28-04-2025,Delhi
8875,CUST_118,Home Decor,4031,2,29-08-2025,Delhi
8876,CUST_216,Clothing,3036,1,18-06-2025,Delhi
8877,CUST_291,Electronics,1819,2,11-08-2025,Delhi
8878,CUST_234,Electronics,1310,5,08-08-2025,Karnataka
8879,CUST_253,Clothing,2132,5,25-01-2025,Karnataka
8880,CUST_149,Clothing,1743,5,14-10-2025,Delhi
8881,CUST_182,Electronics,2566,5,19-02-2025,Karnataka
8882,CUST_259,Home Decor,2264,3,17-09-2025,Karnataka
8883,CUST_172,Books,3322,1,04-01-2025,Rajasthan
8884,CUST_188,Home Decor,3418,4,06-03-2025,Rajasthan
8885,CUST_290,Electronics,3046,5,06-12-2025,Rajasthan
8886,CUST_223,Clothing,113,2,23-09-2025,Mumbai
8887,CUST_220,Electronics,3456,3,26-11-2025,Karnataka
8888,CUST_240,Home Decor,956,2,14-12-2025,Karnataka
8889,CUST_164,Clothing,4374,4,16-05-2025,Mumbai
8890,CUST_192,Clothing,791,5,17-04-2025,Karnataka
8891,CUST_290,Books,592,3,06-04-2025,UP
8892,CUST_285,Clothing,104,1,04-09-2025,Karnataka
8893,CUST_155,Clothing,3519,1,28-06-2025,Rajasthan
8894,CUST_156,Clothing,403,1,01-07-2025,UP
8895,CUST_136,Electronics,1495,3,24-05-2025,UP
8896,CUST_291,Electronics,4084,4,05-09-2025,Mumbai
8897,CUST_135,Electronics,915,2,10-06-2025,Karnataka
8898,CUST_229,Clothing,1715,5,22-04-2025,Mumbai
8899,CUST_244,Home Decor,4822,4,12-11-2025,Delhi
8900,CUST_203,Clothing,4663,1,06-08-2025,Mumbai
8901,CUST_138,Clothing,468,4,06-08-2025,Mumbai
8902,CUST_172,Clothing,4885,3,02-01-2025,Delhi
8903,CUST_141,Electronics,393,3,05-06-2025,Mumbai
8904,CUST_168,Home Decor,3084,1,28-12-2025,Delhi
8905,CUST_146,Electronics,2284,1,31-08-2025,Rajasthan
8906,CUST_234,Clothing,784,4,11-03-2025,Delhi
8907,CUST_114,Home Decor,2063,4,12-09-2025,Karnataka
8908,CUST_204,Clothing,4021,5,10-03-2025,Delhi
8909,CUST_121,Home Decor,1640,1,13-06-2025,UP
8910,CUST_180,Home Decor,4106,5,01-02-2025,UP
8911,CUST_161,Electronics,3802,2,05-10-2025,Karnataka
8912,CUST_213,Home Decor,2868,1,16-08-2025,Delhi
8913,CUST_183,Home Decor,3002,5,15-12-2025,Delhi
8914,CUST_272,Electronics,4451,3,27-05-2025,Karnataka
8915,CUST_111,Clothing,233,1,21-03-2025,UP
8916,CUST_268,Books,709,3,11-07-2025,Delhi
8917,CUST_196,Electronics,3682,1,01-03-2025,UP
8918,CUST_195,Clothing,3103,3,28-01-2025,Karnataka
8919,CUST_255,Clothing,907,2,03-05-2025,Karnataka
8920,CUST_126,Electronics,2323,4,21-05-2025,Rajasthan
8921,CUST_148,Books,4320,5,27-08-2025,Rajasthan
8922,CUST_147,Home Decor,2298,1,23-05-2025,Rajasthan
8923,CUST_103,Clothing,4186,3,30-03-2025,Delhi
8924,CUST_167,Home Decor,4299,1,05-05-2025,Mumbai
8925,CUST_271,Clothing,1865,2,14-02-2025,Karnataka
8926,CUST_118,Electronics,188,2,09-04-2025,Mumbai
8927,CUST_112,Clothing,3493,2,26-07-2025,Rajasthan
8928,CUST_223,Electronics,673,2,14-10-2025,UP
8929,CUST_164,Home Decor,2352,1,19-08-2025,UP
8930,CUST_252,Clothing,2545,2,11-04-2025,Delhi
8931,CUST_141,Clothing,576,2,24-06-2025,Karnataka
8932,CUST_149,Electronics,1869,3,24-12-2025,Rajasthan
8933,CUST_249,Books,4792,2,09-03-2025,Karnataka
8934,CUST_198,Books,4974,3,06-08-2025,Karnataka
8935,CUST_247,Home Decor,908,3,18-08-2025,Delhi
8936,CUST_146,Books,4617,3,09-03-2025,Rajasthan
8937,CUST_210,Clothing,3104,5,12-02-2025,Mumbai
8938,CUST_153,Books,4017,2,12-09-2025,Mumbai
8939,CUST_183,Home Decor,3084,2,16-03-2025,UP
8940,CUST_162,Books,704,1,19-09-2025,Delhi
8941,CUST_211,Electronics,1333,4,12-03-2025,Mumbai
8942,CUST_246,Clothing,1866,3,30-04-2025,Karnataka
8943,CUST_276,Electronics,4177,4,14-06-2025,Karnataka
8944,CUST_251,Books,4400,4,24-04-2025,Rajasthan
8945,CUST_288,Books,187,3,29-08-2025,Rajasthan
8946,CUST_270,Electronics,3646,2,27-12-2025,UP
8947,CUST_117,Clothing,558,3,10-10-2025,UP
8948,CUST_121,Electronics,2922,2,19-03-2025,Karnataka
8949,CUST_166,Electronics,2255,5,26-05-2025,UP
8950,CUST_267,Electronics,4407,3,03-05-2025,Mumbai
8951,CUST_188,Books,945,2,05-06-2025,Rajasthan
8952,CUST_181,Electronics,3703,4,19-02-2025,Delhi
8953,CUST_223,Electronics,3936,1,17-01-2025,UP
8954,CUST_140,Clothing,2260,1,02-02-2025,Delhi
8955,CUST_144,Electronics,3464,5,01-11-2025,Delhi
8956,CUST_287,Clothing,1022,5,01-01-2025,Delhi
8957,CUST_291,Clothing,3245,3,21-05-2025,Karnataka
8958,CUST_284,Electronics,208,3,02-03-2025,Mumbai
8959,CUST_264,Home Decor,3848,1,27-01-2025,Rajasthan
8960,CUST_221,Home Decor,471,2,30-05-2025,Karnataka
8961,CUST_203,Clothing,2169,4,06-09-2025,UP
8962,CUST_231,Electronics,509,1,04-05-2025,Karnataka
8963,CUST_167,Home Decor,1808,5,17-07-2025,Karnataka
8964,CUST_141,Clothing,229,3,06-11-2025,UP
8965,CUST_217,Clothing,2682,5,16-05-2025,Mumbai
8966,CUST_262,Home Decor,4004,1,17-08-2025,Rajasthan
8967,CUST_126,Electronics,550,5,08-04-2025,Rajasthan
8968,CUST_220,Electronics,2104,4,10-11-2025,Delhi
8969,CUST_138,Electronics,2713,3,14-03-2025,Mumbai
8970,CUST_130,Home Decor,2942,1,21-03-2025,Karnataka
8971,CUST_138,Clothing,205,1,14-06-2025,Rajasthan
8972,CUST_106,Home Decor,2744,1,22-04-2025,Mumbai
8973,CUST_248,Home Decor,2108,4,17-01-2025,Mumbai
8974,CUST_101,Electronics,1007,3,31-10-2025,Rajasthan
8975,CUST_168,Clothing,2484,1,25-03-2025,Karnataka
8976,CUST_175,Clothing,1657,1,01-09-2025,Karnataka
8977,CUST_294,Electronics,2116,3,03-08-2025,Rajasthan
8978,CUST_196,Electronics,801,4,21-05-2025,Mumbai
8979,CUST_120,Clothing,1471,1,05-02-2025,UP
8980,CUST_240,Home Decor,3189,2,16-09-2025,Rajasthan
8981,CUST_227,Electronics,2224,4,12-03-2025,Rajasthan
8982,CUST_119,Clothing,2859,3,01-01-2025,UP
8983,CUST_250,Books,3475,1,29-07-2025,Mumbai
8984,CUST_206,Electronics,3860,2,17-03-2025,Karnataka
8985,CUST_187,Electronics,1093,1,12-12-2025,Mumbai
8986,CUST_282,Books,1474,1,05-07-2025,Rajasthan
8987,CUST_159,Books,2843,2,14-07-2025,Karnataka
8988,CUST_126,Home Decor,117,5,11-11-2025,UP
8989,CUST_143,Clothing,2807,1,24-06-2025,Rajasthan
8990,CUST_164,Clothing,1159,2,14-01-2025,Karnataka
8991,CUST_191,Books,3188,1,24-12-2025,Rajasthan
8992,CUST_221,Electronics,235,3,06-08-2025,UP
8993,CUST_246,Clothing,1893,1,21-11-2025,Delhi
8994,CUST_105,Electronics,2674,2,23-01-2025,Karnataka
8995,CUST_111,Clothing,4315,4,17-05-2025,Delhi
8996,CUST_182,Clothing,603,4,23-03-2025,Karnataka
8997,CUST_235,Home Decor,2911,3,19-04-2025,Mumbai
8998,CUST_284,Home Decor,2746,3,12-10-2025,UP
8999,CUST_171,Home Decor,1038,3,14-09-2025,UP
9000,CUST_142,Home Decor,330,2,20-05-2025,Karnataka
9001,CUST_255,Home Decor,2236,2,26-06-2025,Mumbai
9002,CUST_276,Clothing,2925,3,03-05-2025,Rajasthan
9003,CUST_221,Home Decor,4205,5,20-09-2025,Delhi
9004,CUST_172,Books,4497,5,07-03-2025,Delhi
9005,CUST_184,Home Decor,3551,4,25-04-2025,Mumbai
9006,CUST_214,Books,1482,4,03-03-2025,Delhi
9007,CUST_188,Clothing,2682,1,18-11-2025,Rajasthan
9008,CUST_218,Books,4797,1,15-02-2025,UP
9009,CUST_258,Clothing,3623,3,08-11-2025,Rajasthan
9010,CUST_122,Books,4880,4,06-11-2025,Karnataka
9011,CUST_110,Electronics,2531,4,19-10-2025,Delhi
9012,CUST_168,Books,3103,4,09-07-2025,Karnataka
9013,CUST_179,Electronics,3600,5,06-04-2025,Delhi
9014,CUST_223,Books,1957,1,15-11-2025,Rajasthan
9015,CUST_203,Home Decor,127,4,03-07-2025,UP
9016,CUST_117,Clothing,2053,5,29-09-2025,Rajasthan
9017,CUST_162,Home Decor,4530,2,11-07-2025,UP
9018,CUST_115,Home Decor,785,3,09-09-2025,Mumbai
9019,CUST_208,Books,2929,3,17-06-2025,Mumbai
9020,CUST_146,Books,680,1,21-08-2025,Karnataka
9021,CUST_250,Books,3098,4,25-01-2025,UP
9022,CUST_149,Clothing,1277,3,11-07-2025,Delhi
9023,CUST_103,Clothing,3297,1,31-12-2025,Karnataka
9024,CUST_290,Clothing,1224,5,22-03-2025,Karnataka
9025,CUST_156,Electronics,534,2,06-07-2025,Mumbai
9026,CUST_189,Electronics,1128,2,14-06-2025,UP
9027,CUST_295,Electronics,4148,1,25-06-2025,Rajasthan
9028,CUST_274,Clothing,2073,4,09-12-2025,UP
9029,CUST_267,Books,3341,3,17-06-2025,Rajasthan
9030,CUST_259,Electronics,3488,1,11-07-2025,Delhi
9031,CUST_268,Electronics,438,2,04-01-2025,Delhi
9032,CUST_200,Clothing,4401,3,21-10-2025,UP
9033,CUST_132,Clothing,3257,1,21-09-2025,Karnataka
9034,CUST_164,Electronics,2858,2,23-06-2025,Karnataka
9035,CUST_228,Electronics,4960,4,18-03-2025,Mumbai
9036,CUST_297,Electronics,3517,4,20-09-2025,UP
9037,CUST_253,Electronics,4956,5,31-07-2025,Karnataka
9038,CUST_271,Electronics,2378,1,10-01-2025,Karnataka
9039,CUST_111,Home Decor,2157,2,13-12-2025,Mumbai
9040,CUST_261,Books,4461,4,14-09-2025,Rajasthan
9041,CUST_300,Clothing,2800,4,27-09-2025,Mumbai
9042,CUST_290,Home Decor,3030,2,06-09-2025,UP
9043,CUST_197,Clothing,3057,3,20-01-2025,Karnataka
9044,CUST_298,Home Decor,1554,4,17-12-2025,Rajasthan
9045,CUST_217,Books,674,3,07-07-2025,Delhi
9046,CUST_137,Electronics,426,1,02-05-2025,Rajasthan
9047,CUST_102,Home Decor,2450,2,18-07-2025,Karnataka
9048,CUST_182,Clothing,598,2,12-09-2025,Rajasthan
9049,CUST_143,Books,2075,4,06-12-2025,Mumbai
9050,CUST_216,Home Decor,2756,4,30-03-2025,Karnataka
9051,CUST_294,Books,3354,5,15-11-2025,Rajasthan
9052,CUST_236,Clothing,3161,5,13-04-2025,Mumbai
9053,CUST_219,Electronics,4109,4,16-03-2025,Karnataka
9054,CUST_249,Books,1590,4,15-04-2025,Mumbai
9055,CUST_137,Home Decor,2736,3,23-09-2025,Delhi
9056,CUST_164,Clothing,3962,3,12-03-2025,Mumbai
9057,CUST_233,Clothing,4753,3,11-06-2025,UP
9058,CUST_238,Electronics,4370,3,05-02-2025,Rajasthan
9059,CUST_251,Books,4820,5,20-12-2025,Karnataka
9060,CUST_117,Clothing,2907,4,26-08-2025,UP
9061,CUST_255,Home Decor,3290,5,15-04-2025,Delhi
9062,CUST_193,Clothing,3913,2,08-10-2025,Delhi
9063,CUST_192,Clothing,1102,1,06-07-2025,Karnataka
9064,CUST_216,Home Decor,3596,2,19-10-2025,Karnataka
9065,CUST_127,Electronics,1832,3,05-01-2025,Rajasthan
9066,CUST_269,Electronics,3258,5,28-06-2025,Karnataka
9067,CUST_132,Books,3327,1,18-11-2025,Mumbai
9068,CUST_183,Books,4114,4,05-10-2025,Rajasthan
9069,CUST_145,Electronics,2472,5,04-08-2025,UP
9070,CUST_207,Home Decor,1277,5,02-01-2025,Rajasthan
9071,CUST_285,Books,1852,2,08-10-2025,Karnataka
9072,CUST_262,Books,2480,1,18-12-2025,Rajasthan
9073,CUST_218,Clothing,2825,3,12-11-2025,Delhi
9074,CUST_203,Books,1024,3,05-09-2025,Karnataka
9075,CUST_186,Clothing,3145,4,20-03-2025,Karnataka
9076,CUST_283,Electronics,2067,3,25-03-2025,UP
9077,CUST_120,Electronics,3485,3,25-11-2025,Rajasthan
9078,CUST_299,Books,1704,4,07-11-2025,UP
9079,CUST_107,Electronics,1069,4,24-02-2025,Karnataka
9080,CUST_160,Electronics,4379,2,22-10-2025,Rajasthan
9081,CUST_219,Home Decor,2969,2,04-02-2025,Rajasthan
9082,CUST_284,Clothing,4921,4,08-02-2025,Rajasthan
9083,CUST_246,Clothing,868,2,07-07-2025,Rajasthan
9084,CUST_155,Books,873,3,15-03-2025,Mumbai
9085,CUST_230,Home Decor,4889,5,09-03-2025,UP
9086,CUST_261,Home Decor,317,2,05-11-2025,Rajasthan
9087,CUST_116,Electronics,2350,5,11-11-2025,UP
9088,CUST_281,Books,2091,4,03-07-2025,Mumbai
9089,CUST_209,Electronics,2635,4,11-05-2025,Delhi
9090,CUST_269,Books,2638,3,07-12-2025,Delhi
9091,CUST_285,Electronics,232,5,18-04-2025,UP
9092,CUST_213,Home Decor,4070,2,04-08-2025,Karnataka
9093,CUST_235,Books,3892,3,16-02-2025,Rajasthan
9094,CUST_293,Electronics,4025,4,11-04-2025,Mumbai
9095,CUST_287,Electronics,704,3,16-09-2025,Rajasthan
9096,CUST_239,Books,3960,3,15-08-2025,UP
9097,CUST_131,Books,961,4,07-09-2025,Mumbai
9098,CUST_208,Electronics,2429,5,09-12-2025,Mumbai
9099,CUST_224,Clothing,2191,4,19-05-2025,Rajasthan
9100,CUST_134,Electronics,2561,2,15-10-2025,Rajasthan
9101,CUST_257,Clothing,1383,3,04-02-2025,Rajasthan
9102,CUST_115,Clothing,685,5,17-07-2025,Mumbai
9103,CUST_132,Electronics,3189,5,17-02-2025,Karnataka
9104,CUST_147,Clothing,1441,5,05-03-2025,Rajasthan
9105,CUST_267,Electronics,775,3,14-02-2025,Karnataka
9106,CUST_210,Books,4555,2,07-01-2025,UP
9107,CUST_276,Clothing,4365,2,24-01-2025,Mumbai
9108,CUST_100,Home Decor,2674,2,16-12-2025,Karnataka
9109,CUST_186,Home Decor,1793,2,22-04-2025,UP
9110,CUST_269,Clothing,3328,2,23-11-2025,Karnataka
9111,CUST_260,Clothing,807,2,12-04-2025,UP
9112,CUST_293,Clothing,1168,2,09-05-2025,UP
9113,CUST_115,Clothing,1779,2,07-07-2025,Mumbai
9114,CUST_163,Clothing,4931,3,19-04-2025,UP
9115,CUST_205,Home Decor,3109,3,14-02-2025,UP
9116,CUST_286,Books,150,5,01-04-2025,Mumbai
9117,CUST_188,Clothing,4778,2,07-12-2025,UP
9118,CUST_243,Home Decor,4243,2,01-05-2025,Mumbai
9119,CUST_247,Clothing,3432,5,15-07-2025,Delhi
9120,CUST_257,Home Decor,3335,1,27-02-2025,Rajasthan
9121,CUST_130,Clothing,3135,3,18-04-2025,Rajasthan
9122,CUST_296,Electronics,1066,4,18-10-2025,Karnataka
9123,CUST_215,Clothing,2724,3,18-06-2025,Karnataka
9124,CUST_237,Home Decor,3517,2,26-08-2025,UP
9125,CUST_259,Books,3319,1,02-06-2025,Karnataka
9126,CUST_175,Books,1110,4,23-04-2025,Mumbai
9127,CUST_121,Electronics,1178,1,04-01-2025,Delhi
9128,CUST_164,Home Decor,1183,4,21-08-2025,UP
9129,CUST_262,Home Decor,3366,2,30-12-2025,Rajasthan
9130,CUST_103,Clothing,4784,3,04-07-2025,UP
9131,CUST_193,Home Decor,3526,4,09-12-2025,Mumbai
9132,CUST_172,Home Decor,2968,5,03-05-2025,Mumbai
9133,CUST_227,Clothing,2034,2,05-05-2025,UP
9134,CUST_273,Electronics,4886,5,17-01-2025,UP
9135,CUST_237,Electronics,1840,4,06-11-2025,Delhi
9136,CUST_182,Electronics,783,4,03-02-2025,UP
9137,CUST_244,Home Decor,4490,2,10-04-2025,UP
9138,CUST_264,Electronics,3574,3,13-02-2025,UP
9139,CUST_107,Home Decor,3011,4,25-08-2025,Mumbai
9140,CUST_182,Electronics,989,3,01-08-2025,UP
9141,CUST_246,Books,4406,4,20-04-2025,Karnataka
9142,CUST_162,Home Decor,3761,1,30-08-2025,Karnataka
9143,CUST_257,Electronics,3180,5,06-10-2025,Rajasthan
9144,CUST_232,Books,1477,1,04-11-2025,Delhi
9145,CUST_173,Clothing,4226,2,03-02-2025,Delhi
9146,CUST_239,Home Decor,203,1,11-04-2025,UP
9147,CUST_285,Clothing,1086,3,05-10-2025,Rajasthan
9148,CUST_200,Books,3507,3,15-01-2025,UP
9149,CUST_138,Books,1589,5,29-01-2025,Karnataka
9150,CUST_190,Clothing,332,2,20-12-2025,Rajasthan
9151,CUST_154,Books,4395,5,09-05-2025,UP
9152,CUST_141,Electronics,1071,2,16-11-2025,Mumbai
9153,CUST_177,Home Decor,623,1,17-09-2025,Mumbai
9154,CUST_162,Home Decor,3993,2,20-05-2025,Mumbai
9155,CUST_151,Clothing,1367,3,16-07-2025,Karnataka
9156,CUST_231,Home Decor,4389,2,17-02-2025,Mumbai
9157,CUST_171,Home Decor,843,3,11-06-2025,Delhi
9158,CUST_200,Books,2414,2,20-08-2025,Rajasthan
9159,CUST_275,Electronics,4247,5,11-02-2025,Karnataka
9160,CUST_300,Electronics,4905,2,02-10-2025,Mumbai
9161,CUST_206,Electronics,3892,5,15-08-2025,Mumbai
9162,CUST_243,Books,3228,1,08-05-2025,Rajasthan
9163,CUST_107,Electronics,4871,3,09-11-2025,Mumbai
9164,CUST_127,Home Decor,1670,3,19-04-2025,Rajasthan
9165,CUST_248,Home Decor,813,3,17-12-2025,Delhi
9166,CUST_114,Electronics,2371,3,11-10-2025,Rajasthan
9167,CUST_116,Books,2110,5,30-09-2025,UP
9168,CUST_111,Books,2102,4,02-07-2025,Delhi
9169,CUST_229,Clothing,2405,1,26-12-2025,Mumbai
9170,CUST_227,Books,705,5,11-07-2025,UP
9171,CUST_255,Home Decor,551,4,29-06-2025,Mumbai
9172,CUST_196,Clothing,4537,1,05-10-2025,Delhi
9173,CUST_196,Books,953,2,03-05-2025,Delhi
9174,CUST_152,Books,3645,5,01-08-2025,Rajasthan
9175,CUST_192,Home Decor,2525,2,31-03-2025,Mumbai
9176,CUST_227,Home Decor,3926,1,10-04-2025,Karnataka
9177,CUST_144,Clothing,271,3,22-01-2025,Delhi
9178,CUST_291,Books,1844,4,11-01-2025,Delhi
9179,CUST_145,Electronics,3559,5,05-02-2025,UP
9180,CUST_262,Home Decor,4440,5,15-07-2025,Karnataka
9181,CUST_238,Clothing,239,2,04-10-2025,Delhi
9182,CUST_299,Clothing,3923,3,09-03-2025,Mumbai
9183,CUST_184,Books,2845,1,02-08-2025,Karnataka
9184,CUST_241,Clothing,3642,1,29-11-2025,Mumbai
9185,CUST_245,Electronics,2022,3,15-06-2025,Delhi
9186,CUST_163,Books,940,1,09-06-2025,Rajasthan
9187,CUST_148,Clothing,4747,4,15-10-2025,Delhi
9188,CUST_286,Clothing,2290,5,11-03-2025,UP
9189,CUST_243,Electronics,4676,2,08-12-2025,Karnataka
9190,CUST_137,Books,1846,5,23-11-2025,UP
9191,CUST_207,Home Decor,1027,2,03-11-2025,Delhi
9192,CUST_111,Clothing,4396,5,17-08-2025,Delhi
9193,CUST_117,Books,2207,1,20-03-2025,Delhi
9194,CUST_237,Home Decor,816,5,09-02-2025,Delhi
9195,CUST_170,Electronics,264,3,20-08-2025,UP
9196,CUST_102,Home Decor,3406,2,07-06-2025,Karnataka
9197,CUST_140,Books,1169,5,21-07-2025,Rajasthan
9198,CUST_286,Electronics,1816,3,15-01-2025,Karnataka
9199,CUST_114,Books,3841,1,30-09-2025,Mumbai
9200,CUST_192,Electronics,4724,2,18-03-2025,UP
9201,CUST_185,Electronics,2165,3,19-05-2025,Delhi
9202,CUST_123,Home Decor,1460,1,10-10-2025,Mumbai
9203,CUST_100,Electronics,1236,1,03-03-2025,Karnataka
9204,CUST_210,Clothing,3452,1,24-04-2025,Delhi
9205,CUST_130,Electronics,1939,3,10-10-2025,Rajasthan
9206,CUST_280,Electronics,3846,5,05-02-2025,Delhi
9207,CUST_168,Home Decor,2799,2,04-10-2025,UP
9208,CUST_279,Electronics,927,2,06-10-2025,Mumbai
9209,CUST_237,Books,739,2,04-09-2025,Delhi
9210,CUST_176,Home Decor,884,1,03-01-2025,Mumbai
9211,CUST_110,Books,279,3,05-05-2025,UP
9212,CUST_180,Books,2433,2,08-11-2025,Delhi
9213,CUST_149,Clothing,200,1,10-04-2025,UP
9214,CUST_236,Electronics,3148,1,18-05-2025,Delhi
9215,CUST_135,Books,4093,2,19-09-2025,UP
9216,CUST_208,Clothing,4979,2,30-07-2025,UP
9217,CUST_134,Books,3199,2,08-04-2025,Rajasthan
9218,CUST_289,Books,4642,2,04-01-2025,Delhi
9219,CUST_298,Home Decor,4784,4,26-05-2025,UP
9220,CUST_190,Electronics,104,4,11-05-2025,Karnataka
9221,CUST_121,Home Decor,1788,5,29-06-2025,Delhi
9222,CUST_163,Books,2287,2,14-06-2025,UP
9223,CUST_277,Electronics,2082,5,26-08-2025,Rajasthan
9224,CUST_218,Electronics,1643,1,29-09-2025,Karnataka
9225,CUST_147,Clothing,3099,5,17-02-2025,UP
9226,CUST_130,Home Decor,2401,5,16-04-2025,Karnataka
9227,CUST_138,Books,1038,3,25-01-2025,Karnataka
9228,CUST_210,Clothing,4820,1,30-11-2025,Delhi
9229,CUST_254,Electronics,1856,4,07-05-2025,Mumbai
9230,CUST_103,Clothing,893,2,16-12-2025,Delhi
9231,CUST_106,Books,2633,5,15-06-2025,Rajasthan
9232,CUST_162,Electronics,1794,3,25-04-2025,Rajasthan
9233,CUST_138,Clothing,275,4,24-04-2025,UP
9234,CUST_260,Home Decor,4581,1,04-12-2025,Karnataka
9235,CUST_117,Books,3364,4,29-05-2025,Delhi
9236,CUST_108,Home Decor,548,4,18-04-2025,Rajasthan
9237,CUST_119,Electronics,687,3,08-09-2025,Mumbai
9238,CUST_268,Electronics,1295,5,08-03-2025,UP
9239,CUST_181,Books,2844,2,14-08-2025,Delhi
9240,CUST_161,Books,2399,4,16-09-2025,Karnataka
9241,CUST_250,Clothing,1256,5,13-08-2025,Delhi
9242,CUST_229,Books,287,4,16-08-2025,Mumbai
9243,CUST_299,Electronics,2916,4,12-10-2025,Rajasthan
9244,CUST_239,Books,2102,5,29-09-2025,Karnataka
9245,CUST_179,Home Decor,1558,1,08-06-2025,Karnataka
9246,CUST_117,Home Decor,4863,3,04-03-2025,UP
9247,CUST_155,Electronics,1658,2,09-01-2025,Rajasthan
9248,CUST_207,Home Decor,3923,2,22-02-2025,UP
9249,CUST_280,Electronics,2427,2,13-05-2025,Delhi
9250,CUST_133,Clothing,4869,1,25-11-2025,Mumbai
9251,CUST_263,Clothing,4312,2,07-12-2025,Delhi
9252,CUST_270,Electronics,498,1,21-06-2025,UP
9253,CUST_148,Clothing,4621,1,15-10-2025,Delhi
9254,CUST_133,Clothing,4135,5,22-01-2025,Karnataka
9255,CUST_168,Electronics,1340,3,10-04-2025,Delhi
9256,CUST_166,Home Decor,2847,2,10-02-2025,Delhi
9257,CUST_272,Electronics,1129,5,15-07-2025,Rajasthan
9258,CUST_155,Clothing,4514,1,17-01-2025,UP
9259,CUST_107,Electronics,2757,4,14-09-2025,Karnataka
9260,CUST_220,Home Decor,4455,3,03-07-2025,Delhi
9261,CUST_280,Clothing,4568,4,27-08-2025,Karnataka
9262,CUST_283,Electronics,3744,3,12-08-2025,Rajasthan
9263,CUST_116,Home Decor,448,3,31-10-2025,Rajasthan
9264,CUST_187,Home Decor,2650,5,17-04-2025,Rajasthan
9265,CUST_114,Home Decor,171,4,07-08-2025,UP
9266,CUST_221,Home Decor,1469,5,22-08-2025,UP
9267,CUST_297,Clothing,649,2,05-10-2025,Mumbai
9268,CUST_212,Books,2694,2,03-11-2025,Mumbai
9269,CUST_246,Electronics,3554,4,14-07-2025,Karnataka
9270,CUST_109,Books,1778,4,29-04-2025,Karnataka
9271,CUST_228,Clothing,3729,3,10-12-2025,UP
9272,CUST_299,Electronics,1835,1,26-11-2025,Mumbai
9273,CUST_241,Clothing,1516,3,28-05-2025,Delhi
9274,CUST_234,Books,581,2,26-03-2025,UP
9275,CUST_255,Books,4312,5,06-12-2025,Karnataka
9276,CUST_252,Books,1003,4,02-10-2025,Delhi
9277,CUST_286,Electronics,942,4,02-05-2025,Karnataka
9278,CUST_294,Clothing,1254,2,24-11-2025,UP
9279,CUST_129,Clothing,2127,5,28-01-2025,Rajasthan
9280,CUST_287,Electronics,2565,5,17-05-2025,Delhi
9281,CUST_257,Electronics,4435,3,08-02-2025,Delhi
9282,CUST_291,Books,2136,5,06-05-2025,Mumbai
9283,CUST_181,Clothing,4272,3,12-01-2025,UP
9284,CUST_166,Home Decor,4047,3,18-10-2025,Delhi
9285,CUST_135,Home Decor,2444,5,20-10-2025,Mumbai
9286,CUST_186,Books,142,3,13-10-2025,Karnataka
9287,CUST_137,Clothing,2927,2,12-04-2025,Delhi
9288,CUST_203,Electronics,979,1,16-09-2025,Rajasthan
9289,CUST_299,Clothing,3441,2,19-12-2025,UP
9290,CUST_155,Books,1531,4,28-03-2025,Karnataka
9291,CUST_126,Books,1997,1,02-04-2025,Karnataka
9292,CUST_146,Clothing,264,3,28-01-2025,Delhi
9293,CUST_159,Books,3793,1,28-09-2025,Delhi
9294,CUST_276,Books,3585,5,16-05-2025,Karnataka
9295,CUST_238,Books,2745,4,05-02-2025,UP
9296,CUST_176,Electronics,861,4,24-01-2025,Mumbai
9297,CUST_116,Electronics,4647,3,29-01-2025,UP
9298,CUST_144,Clothing,2796,5,07-01-2025,Mumbai
9299,CUST_241,Books,2661,3,04-02-2025,Mumbai
9300,CUST_290,Books,662,1,18-06-2025,Rajasthan
9301,CUST_200,Home Decor,3223,5,15-10-2025,Rajasthan
9302,CUST_265,Books,402,1,08-06-2025,Rajasthan
9303,CUST_126,Electronics,1452,1,19-06-2025,Mumbai
9304,CUST_145,Home Decor,1971,4,13-05-2025,Karnataka
9305,CUST_244,Home Decor,4933,2,19-04-2025,UP
9306,CUST_285,Home Decor,2286,5,06-11-2025,Karnataka
9307,CUST_111,Home Decor,167,4,12-04-2025,Karnataka
9308,CUST_248,Books,2360,1,27-06-2025,Delhi
9309,CUST_289,Clothing,1725,3,10-03-2025,UP
9310,CUST_203,Clothing,3743,1,24-01-2025,Karnataka
9311,CUST_201,Books,1001,1,07-07-2025,Rajasthan
9312,CUST_172,Books,286,5,04-09-2025,Rajasthan
9313,CUST_240,Home Decor,3938,3,21-09-2025,UP
9314,CUST_271,Home Decor,3829,2,28-10-2025,Delhi
9315,CUST_201,Books,2645,4,10-01-2025,Karnataka
9316,CUST_181,Clothing,4904,5,23-11-2025,Delhi
9317,CUST_197,Clothing,4040,3,25-12-2025,Mumbai
9318,CUST_269,Home Decor,1896,5,02-10-2025,Mumbai
9319,CUST_284,Electronics,1667,4,21-03-2025,Delhi
9320,CUST_282,Electronics,4186,3,17-03-2025,Mumbai
9321,CUST_276,Electronics,3764,3,01-12-2025,Mumbai
9322,CUST_243,Electronics,659,4,25-03-2025,Rajasthan
9323,CUST_274,Electronics,3055,1,06-01-2025,UP
9324,CUST_202,Clothing,4516,5,25-05-2025,Karnataka
9325,CUST_160,Home Decor,1520,3,17-06-2025,UP
9326,CUST_131,Books,422,4,01-03-2025,Rajasthan
9327,CUST_100,Electronics,643,5,29-10-2025,UP
9328,CUST_157,Books,4607,5,18-08-2025,Mumbai
9329,CUST_111,Books,4999,1,19-05-2025,Mumbai
9330,CUST_144,Clothing,193,3,20-03-2025,Rajasthan
9331,CUST_121,Electronics,1627,3,14-05-2025,Delhi
9332,CUST_130,Books,3372,2,31-08-2025,Mumbai
9333,CUST_245,Books,4910,4,13-06-2025,Mumbai
9334,CUST_156,Clothing,4410,5,24-04-2025,Mumbai
9335,CUST_289,Clothing,3009,5,13-01-2025,Karnataka
9336,CUST_210,Electronics,246,1,03-02-2025,Rajasthan
9337,CUST_288,Clothing,2165,1,05-10-2025,Rajasthan
9338,CUST_248,Home Decor,1744,1,08-06-2025,Rajasthan
9339,CUST_226,Electronics,3053,3,30-07-2025,Karnataka
9340,CUST_152,Home Decor,552,1,03-05-2025,UP
9341,CUST_291,Clothing,1612,1,10-10-2025,Rajasthan
9342,CUST_235,Electronics,4356,2,14-06-2025,Delhi
9343,CUST_291,Electronics,370,1,29-07-2025,Karnataka
9344,CUST_246,Electronics,1924,5,11-10-2025,UP
9345,CUST_124,Home Decor,1606,2,07-02-2025,Delhi
9346,CUST_255,Books,3639,5,08-10-2025,Mumbai
9347,CUST_293,Home Decor,4137,4,08-09-2025,Karnataka
9348,CUST_261,Books,818,2,09-03-2025,Rajasthan
9349,CUST_269,Electronics,512,1,11-06-2025,Rajasthan
9350,CUST_226,Books,235,2,29-11-2025,Rajasthan
9351,CUST_122,Electronics,580,5,23-09-2025,UP
9352,CUST_209,Home Decor,3427,5,25-02-2025,Karnataka
9353,CUST_193,Home Decor,2246,5,25-03-2025,UP
9354,CUST_192,Electronics,3979,2,23-10-2025,Rajasthan
9355,CUST_227,Books,1148,4,27-05-2025,Rajasthan
9356,CUST_150,Books,4958,2,10-05-2025,Mumbai
9357,CUST_138,Electronics,1292,3,08-12-2025,UP
9358,CUST_109,Electronics,3804,2,10-04-2025,Rajasthan
9359,CUST_117,Books,3575,1,22-10-2025,Delhi
9360,CUST_157,Home Decor,4147,4,13-12-2025,UP
9361,CUST_149,Books,2785,3,07-12-2025,Karnataka
9362,CUST_274,Clothing,2985,4,05-11-2025,Mumbai
9363,CUST_259,Books,2990,2,08-08-2025,Mumbai
9364,CUST_127,Clothing,455,1,15-06-2025,Delhi
9365,CUST_225,Books,682,5,17-02-2025,UP
9366,CUST_244,Clothing,1691,5,18-04-2025,Mumbai
9367,CUST_201,Clothing,3427,3,08-03-2025,Mumbai
9368,CUST_231,Electronics,2763,3,28-01-2025,Delhi
9369,CUST_266,Home Decor,2721,4,27-12-2025,Rajasthan
9370,CUST_141,Books,4156,3,09-09-2025,Delhi
9371,CUST_296,Books,1531,3,13-10-2025,Rajasthan
9372,CUST_136,Home Decor,3902,3,09-01-2025,Delhi
9373,CUST_200,Electronics,4491,1,05-01-2025,Delhi
9374,CUST_122,Electronics,3585,3,08-05-2025,Delhi
9375,CUST_204,Electronics,1839,4,11-10-2025,Rajasthan
9376,CUST_107,Clothing,2924,1,25-06-2025,Delhi
9377,CUST_165,Books,4628,3,05-05-2025,UP
9378,CUST_115,Home Decor,3161,3,11-04-2025,UP
9379,CUST_192,Books,2753,4,09-02-2025,Karnataka
9380,CUST_293,Books,404,2,26-08-2025,Mumbai
9381,CUST_225,Clothing,3985,3,02-02-2025,Delhi
9382,CUST_169,Electronics,668,4,01-02-2025,Delhi
9383,CUST_183,Books,2750,5,18-09-2025,Delhi
9384,CUST_296,Clothing,3479,1,12-03-2025,Mumbai
9385,CUST_288,Electronics,994,1,28-12-2025,Karnataka
9386,CUST_289,Clothing,3888,4,02-07-2025,Rajasthan
9387,CUST_195,Books,1670,2,09-02-2025,Karnataka
9388,CUST_149,Clothing,2357,2,23-04-2025,Delhi
9389,CUST_114,Books,1641,3,27-08-2025,Rajasthan
9390,CUST_254,Electronics,2508,2,08-03-2025,UP
9391,CUST_193,Clothing,4670,3,15-11-2025,Rajasthan
9392,CUST_163,Home Decor,312,2,27-01-2025,Karnataka
9393,CUST_299,Clothing,2881,2,07-02-2025,Rajasthan
9394,CUST_245,Books,1207,2,28-09-2025,Karnataka
9395,CUST_219,Home Decor,2563,1,01-03-2025,UP
9396,CUST_211,Clothing,2339,4,09-11-2025,UP
9397,CUST_120,Electronics,1182,5,04-01-2025,Karnataka
9398,CUST_223,Electronics,4925,2,01-09-2025,Delhi
9399,CUST_287,Books,1348,3,26-04-2025,Rajasthan
9400,CUST_288,Books,2121,1,21-01-2025,Karnataka
9401,CUST_121,Home Decor,4389,5,20-02-2025,Mumbai
9402,CUST_223,Books,764,4,26-07-2025,UP
9403,CUST_186,Clothing,949,2,07-06-2025,Mumbai
9404,CUST_223,Electronics,4136,5,28-12-2025,Karnataka
9405,CUST_108,Electronics,654,1,12-05-2025,Delhi
9406,CUST_111,Electronics,1627,2,23-07-2025,Rajasthan
9407,CUST_195,Clothing,467,3,08-12-2025,Mumbai
9408,CUST_251,Books,3089,3,20-11-2025,Rajasthan
9409,CUST_292,Home Decor,2490,3,26-06-2025,Delhi
9410,CUST_177,Books,2294,1,10-02-2025,Mumbai
9411,CUST_299,Clothing,1622,1,26-01-2025,Delhi
9412,CUST_236,Clothing,3722,5,05-05-2025,Karnataka
9413,CUST_218,Books,3648,3,22-04-2025,Karnataka
9414,CUST_279,Home Decor,1573,4,27-05-2025,UP
9415,CUST_142,Electronics,2816,5,20-08-2025,UP
9416,CUST_270,Electronics,4750,4,23-11-2025,Karnataka
9417,CUST_163,Clothing,4449,2,13-08-2025,Rajasthan
9418,CUST_107,Clothing,219,2,06-01-2025,Delhi
9419,CUST_146,Electronics,1328,5,20-11-2025,UP
9420,CUST_232,Clothing,4407,2,13-10-2025,UP
9421,CUST_168,Home Decor,4352,4,04-10-2025,Mumbai
9422,CUST_102,Electronics,4517,4,26-07-2025,Rajasthan
9423,CUST_217,Home Decor,158,5,17-08-2025,Karnataka
9424,CUST_265,Electronics,4514,2,13-07-2025,Mumbai
9425,CUST_139,Clothing,4379,5,18-11-2025,Mumbai
9426,CUST_139,Books,2022,4,30-11-2025,Mumbai
9427,CUST_199,Clothing,3418,2,27-08-2025,Delhi
9428,CUST_260,Books,594,1,12-01-2025,Delhi
9429,CUST_276,Electronics,4441,2,19-07-2025,Rajasthan
9430,CUST_133,Books,3961,1,06-11-2025,UP
9431,CUST_238,Home Decor,1560,2,05-09-2025,Delhi
9432,CUST_229,Electronics,3728,3,13-11-2025,Rajasthan
9433,CUST_248,Home Decor,815,5,20-11-2025,UP
9434,CUST_139,Clothing,2431,5,03-10-2025,UP
9435,CUST_213,Electronics,4159,3,07-05-2025,Mumbai
9436,CUST_199,Clothing,3107,2,06-05-2025,Karnataka
9437,CUST_162,Clothing,4247,1,18-08-2025,Rajasthan
9438,CUST_192,Clothing,505,1,23-03-2025,Karnataka
9439,CUST_243,Home Decor,3579,1,24-02-2025,Rajasthan
9440,CUST_186,Clothing,3161,2,18-09-2025,Mumbai
9441,CUST_192,Electronics,4421,1,22-05-2025,Karnataka
9442,CUST_170,Clothing,2843,2,17-01-2025,Karnataka
9443,CUST_194,Electronics,4934,2,30-06-2025,Mumbai
9444,CUST_202,Home Decor,4565,5,24-05-2025,UP
9445,CUST_194,Home Decor,2077,2,16-01-2025,UP
9446,CUST_178,Home Decor,3117,1,17-01-2025,Rajasthan
9447,CUST_215,Home Decor,4298,4,21-03-2025,Karnataka
9448,CUST_269,Electronics,166,2,14-02-2025,Karnataka
9449,CUST_231,Clothing,3837,5,14-09-2025,UP
9450,CUST_224,Home Decor,2095,1,15-05-2025,Mumbai
9451,CUST_105,Books,2353,2,23-02-2025,Mumbai
9452,CUST_289,Books,4181,2,11-09-2025,Delhi
9453,CUST_120,Electronics,924,1,16-07-2025,Rajasthan
9454,CUST_294,Electronics,833,4,17-03-2025,Rajasthan
9455,CUST_184,Electronics,3426,5,03-12-2025,UP
9456,CUST_260,Books,147,1,25-03-2025,Mumbai
9457,CUST_284,Books,1488,1,19-06-2025,Rajasthan
9458,CUST_154,Books,3032,3,04-01-2025,Delhi
9459,CUST_110,Clothing,3679,3,22-07-2025,Mumbai
9460,CUST_164,Home Decor,3995,3,23-09-2025,Karnataka
9461,CUST_235,Electronics,4169,4,02-11-2025,Mumbai
9462,CUST_268,Books,606,1,26-05-2025,Rajasthan
9463,CUST_159,Electronics,2908,4,13-04-2025,Mumbai
9464,CUST_210,Books,3453,1,01-08-2025,Mumbai
9465,CUST_154,Clothing,1756,2,24-06-2025,Mumbai
9466,CUST_297,Home Decor,2036,2,08-06-2025,Karnataka
9467,CUST_231,Clothing,494,3,07-06-2025,UP
9468,CUST_296,Books,4175,5,04-08-2025,Delhi
9469,CUST_176,Clothing,1287,5,13-11-2025,UP
9470,CUST_195,Electronics,4603,3,09-05-2025,Karnataka
9471,CUST_136,Clothing,3588,1,05-10-2025,Mumbai
9472,CUST_179,Home Decor,2348,2,25-01-2025,Mumbai
9473,CUST_200,Clothing,1841,1,06-11-2025,Mumbai
9474,CUST_188,Books,2403,3,09-07-2025,Rajasthan
9475,CUST_211,Home Decor,3206,4,01-07-2025,Delhi
9476,CUST_285,Electronics,4950,4,20-02-2025,Delhi
9477,CUST_100,Electronics,3192,1,23-08-2025,Rajasthan
9478,CUST_127,Books,2869,5,27-04-2025,Karnataka
9479,CUST_271,Books,2744,4,23-05-2025,Mumbai
9480,CUST_252,Books,1293,2,30-11-2025,Rajasthan
9481,CUST_275,Home Decor,414,5,18-04-2025,Karnataka
9482,CUST_182,Books,303,4,20-02-2025,Mumbai
9483,CUST_142,Clothing,1677,3,13-02-2025,Karnataka
9484,CUST_227,Home Decor,4206,3,17-08-2025,Delhi
9485,CUST_102,Clothing,2920,3,23-12-2025,Rajasthan
9486,CUST_269,Electronics,4603,3,09-01-2025,Delhi
9487,CUST_167,Clothing,834,2,07-06-2025,Delhi
9488,CUST_239,Clothing,2300,4,10-10-2025,Karnataka
9489,CUST_237,Home Decor,3424,1,18-06-2025,Rajasthan
9490,CUST_137,Books,805,2,03-02-2025,Delhi
9491,CUST_217,Clothing,1114,1,23-03-2025,UP
9492,CUST_150,Clothing,4689,2,21-12-2025,Mumbai
9493,CUST_152,Clothing,903,3,25-09-2025,Rajasthan
9494,CUST_261,Home Decor,2510,4,24-08-2025,Mumbai
9495,CUST_173,Electronics,4989,5,06-12-2025,Mumbai
9496,CUST_298,Electronics,1353,2,08-02-2025,Delhi
9497,CUST_252,Clothing,1706,4,28-08-2025,Delhi
9498,CUST_280,Clothing,800,2,23-12-2025,Mumbai
9499,CUST_299,Electronics,2913,2,22-03-2025,Mumbai
9500,CUST_116,Home Decor,958,1,15-03-2025,Karnataka
9501,CUST_220,Books,755,4,11-02-2025,Karnataka
9502,CUST_187,Books,3921,3,21-01-2025,Karnataka
9503,CUST_288,Clothing,1449,4,30-08-2025,Karnataka
9504,CUST_199,Clothing,1033,2,17-01-2025,UP
9505,CUST_144,Home Decor,886,4,13-10-2025,Delhi
9506,CUST_296,Clothing,3924,4,27-12-2025,Delhi
9507,CUST_228,Electronics,3579,3,21-02-2025,UP
9508,CUST_245,Electronics,2468,3,25-07-2025,Delhi
9509,CUST_268,Electronics,2225,2,03-03-2025,Delhi
9510,CUST_249,Clothing,1065,4,05-05-2025,UP
9511,CUST_257,Clothing,1067,4,13-03-2025,Delhi
9512,CUST_211,Books,4937,2,01-10-2025,UP
9513,CUST_171,Clothing,2614,2,12-12-2025,Mumbai
9514,CUST_114,Books,3200,2,07-05-2025,Delhi
9515,CUST_201,Clothing,4225,3,18-02-2025,Karnataka
9516,CUST_123,Home Decor,1300,5,07-01-2025,Karnataka
9517,CUST_234,Clothing,2841,2,19-12-2025,UP
9518,CUST_175,Clothing,305,5,03-06-2025,Delhi
9519,CUST_138,Books,1273,3,25-07-2025,UP
9520,CUST_217,Books,863,3,16-07-2025,Mumbai
9521,CUST_261,Electronics,586,5,20-07-2025,Rajasthan
9522,CUST_127,Clothing,979,2,06-08-2025,Rajasthan
9523,CUST_112,Home Decor,2203,5,14-07-2025,Karnataka
9524,CUST_216,Home Decor,337,4,15-06-2025,Delhi
9525,CUST_271,Home Decor,4010,4,04-08-2025,Mumbai
9526,CUST_300,Books,4645,4,22-08-2025,Rajasthan
9527,CUST_117,Clothing,4351,5,20-09-2025,UP
9528,CUST_197,Home Decor,3163,2,21-08-2025,Rajasthan
9529,CUST_225,Clothing,349,4,27-09-2025,Delhi
9530,CUST_246,Home Decor,4990,2,29-05-2025,Delhi
9531,CUST_199,Electronics,2555,4,30-01-2025,Mumbai
9532,CUST_251,Clothing,4125,4,20-11-2025,UP
9533,CUST_100,Clothing,1356,3,12-05-2025,Delhi
9534,CUST_262,Books,1935,1,29-06-2025,UP
9535,CUST_219,Books,2850,4,21-06-2025,UP
9536,CUST_217,Electronics,4302,4,18-07-2025,Rajasthan
9537,CUST_163,Home Decor,4100,3,26-08-2025,UP
9538,CUST_106,Books,1968,1,31-12-2025,Rajasthan
9539,CUST_255,Clothing,2319,3,01-11-2025,Mumbai
9540,CUST_243,Clothing,1384,4,05-09-2025,Mumbai
9541,CUST_123,Books,3676,4,17-10-2025,Mumbai
9542,CUST_210,Home Decor,3175,2,04-08-2025,UP
9543,CUST_284,Books,667,4,07-03-2025,Mumbai
9544,CUST_296,Clothing,3147,2,15-02-2025,UP
9545,CUST_121,Electronics,226,1,25-06-2025,UP
9546,CUST_149,Home Decor,1580,4,24-11-2025,Karnataka
9547,CUST_253,Electronics,1455,5,04-01-2025,UP
9548,CUST_257,Books,3686,3,09-09-2025,Mumbai
9549,CUST_113,Electronics,3867,2,03-10-2025,Rajasthan
9550,CUST_123,Electronics,4907,1,30-04-2025,Karnataka
9551,CUST_240,Clothing,4539,5,08-02-2025,Rajasthan
9552,CUST_262,Electronics,2066,1,16-11-2025,Mumbai
9553,CUST_284,Electronics,2446,5,13-01-2025,Karnataka
9554,CUST_107,Books,2918,3,24-10-2025,Karnataka
9555,CUST_294,Electronics,1072,5,11-07-2025,Delhi
9556,CUST_188,Home Decor,316,1,18-03-2025,Delhi
9557,CUST_132,Clothing,3833,3,07-11-2025,Delhi
9558,CUST_226,Home Decor,1939,3,13-11-2025,Karnataka
9559,CUST_273,Electronics,1497,1,29-01-2025,Rajasthan
9560,CUST_248,Clothing,4706,2,25-11-2025,Rajasthan
9561,CUST_132,Home Decor,3102,5,06-12-2025,Karnataka
9562,CUST_123,Clothing,4822,2,31-05-2025,Rajasthan
9563,CUST_142,Clothing,3812,1,07-04-2025,Rajasthan
9564,CUST_139,Books,3542,5,27-07-2025,Rajasthan
9565,CUST_215,Books,3104,1,17-05-2025,Delhi
9566,CUST_234,Home Decor,1724,4,05-02-2025,Delhi
9567,CUST_123,Home Decor,3004,1,22-10-2025,Karnataka
9568,CUST_248,Home Decor,739,2,15-11-2025,Rajasthan
9569,CUST_233,Clothing,1890,4,28-12-2025,UP
9570,CUST_221,Electronics,2116,4,07-01-2025,Rajasthan
9571,CUST_283,Books,2651,2,07-07-2025,Mumbai
9572,CUST_228,Home Decor,2676,4,09-06-2025,Mumbai
9573,CUST_299,Books,1021,3,03-09-2025,Delhi
9574,CUST_211,Clothing,3491,3,22-10-2025,UP
9575,CUST_220,Electronics,1856,3,27-05-2025,Mumbai
9576,CUST_170,Home Decor,2402,4,23-11-2025,Rajasthan
9577,CUST_215,Electronics,1181,1,17-05-2025,Rajasthan
9578,CUST_249,Electronics,4569,5,10-06-2025,Rajasthan
9579,CUST_269,Home Decor,4095,5,02-01-2025,Mumbai
9580,CUST_182,Books,2668,1,21-02-2025,Delhi
9581,CUST_210,Home Decor,4211,1,27-09-2025,Karnataka
9582,CUST_268,Electronics,356,2,27-12-2025,Mumbai
9583,CUST_155,Clothing,2906,4,31-12-2025,Delhi
9584,CUST_248,Home Decor,539,3,10-04-2025,Delhi
9585,CUST_184,Electronics,2758,3,25-06-2025,Delhi
9586,CUST_182,Electronics,4877,2,31-01-2025,Karnataka
9587,CUST_261,Electronics,461,4,02-12-2025,Rajasthan
9588,CUST_108,Books,641,3,02-03-2025,Delhi
9589,CUST_251,Clothing,2923,5,25-01-2025,Mumbai
9590,CUST_211,Clothing,4965,4,02-07-2025,Delhi
9591,CUST_121,Electronics,3104,2,28-02-2025,UP
9592,CUST_188,Books,3035,3,18-02-2025,UP
9593,CUST_185,Clothing,3400,2,23-02-2025,UP
9594,CUST_260,Electronics,4244,2,26-12-2025,Karnataka
9595,CUST_177,Home Decor,2707,2,01-06-2025,UP
9596,CUST_143,Clothing,4331,2,08-01-2025,Delhi
9597,CUST_135,Electronics,838,5,17-07-2025,UP
9598,CUST_264,Books,2884,1,07-05-2025,Delhi
9599,CUST_120,Home Decor,359,1,14-03-2025,Rajasthan
9600,CUST_223,Books,2568,4,07-06-2025,UP
9601,CUST_273,Clothing,4557,1,31-12-2025,Karnataka
9602,CUST_101,Books,1622,4,30-05-2025,Mumbai
9603,CUST_140,Books,3671,1,13-07-2025,Rajasthan
9604,CUST_148,Clothing,2743,4,11-12-2025,Karnataka
9605,CUST_182,Home Decor,3040,4,04-03-2025,Delhi
9606,CUST_295,Clothing,3996,5,12-04-2025,Rajasthan
9607,CUST_148,Home Decor,2629,1,25-08-2025,Rajasthan
9608,CUST_119,Clothing,1516,1,22-05-2025,UP
9609,CUST_247,Home Decor,2642,3,09-04-2025,UP
9610,CUST_214,Clothing,2516,2,12-12-2025,UP
9611,CUST_297,Clothing,1700,5,03-09-2025,Delhi
9612,CUST_189,Electronics,1296,2,13-09-2025,Mumbai
9613,CUST_119,Books,2165,5,04-10-2025,Rajasthan
9614,CUST_144,Clothing,3080,4,30-07-2025,UP
9615,CUST_265,Books,536,2,23-02-2025,UP
9616,CUST_279,Home Decor,2817,1,27-05-2025,Rajasthan
9617,CUST_189,Clothing,234,3,25-01-2025,Delhi
9618,CUST_284,Clothing,231,5,06-01-2025,Delhi
9619,CUST_182,Home Decor,1937,1,25-03-2025,UP
9620,CUST_200,Home Decor,2425,4,02-05-2025,UP
9621,CUST_138,Clothing,4962,2,30-06-2025,Delhi
9622,CUST_296,Electronics,3330,4,05-04-2025,UP
9623,CUST_223,Books,1146,5,03-11-2025,UP
9624,CUST_299,Books,2822,2,14-03-2025,UP
9625,CUST_272,Clothing,3731,1,03-06-2025,Karnataka
9626,CUST_110,Books,3268,4,07-10-2025,Karnataka
9627,CUST_196,Clothing,2727,2,01-07-2025,Karnataka
9628,CUST_175,Clothing,297,4,01-05-2025,Rajasthan
9629,CUST_240,Electronics,2805,5,04-12-2025,Mumbai
9630,CUST_121,Electronics,1137,1,31-01-2025,Karnataka
9631,CUST_290,Electronics,2775,3,15-09-2025,Delhi
9632,CUST_181,Electronics,3644,2,16-11-2025,Delhi
9633,CUST_283,Home Decor,2616,3,28-06-2025,Mumbai
9634,CUST_101,Electronics,1077,2,06-04-2025,Karnataka
9635,CUST_230,Electronics,1681,3,17-09-2025,Rajasthan
9636,CUST_242,Electronics,3957,3,25-09-2025,UP
9637,CUST_108,Books,2646,5,23-12-2025,Delhi
9638,CUST_156,Clothing,4481,5,17-08-2025,UP
9639,CUST_289,Home Decor,1787,2,21-03-2025,Delhi
9640,CUST_115,Electronics,1578,1,04-02-2025,Rajasthan
9641,CUST_290,Home Decor,1397,3,03-08-2025,Mumbai
9642,CUST_214,Electronics,995,5,27-07-2025,Delhi
9643,CUST_296,Home Decor,3290,4,04-01-2025,Delhi
9644,CUST_274,Home Decor,3151,2,14-12-2025,Rajasthan
9645,CUST_271,Home Decor,694,5,02-02-2025,Delhi
9646,CUST_293,Books,953,2,22-01-2025,Rajasthan
9647,CUST_147,Home Decor,1848,4,22-10-2025,Rajasthan
9648,CUST_100,Clothing,2185,3,10-06-2025,Karnataka
9649,CUST_224,Home Decor,2981,1,07-12-2025,Mumbai
9650,CUST_162,Home Decor,1968,4,01-07-2025,UP
9651,CUST_162,Books,3106,5,18-01-2025,Karnataka
9652,CUST_256,Electronics,3798,2,20-04-2025,Delhi
9653,CUST_208,Electronics,3004,3,19-10-2025,Karnataka
9654,CUST_216,Books,2266,5,30-01-2025,Rajasthan
9655,CUST_244,Books,447,4,21-01-2025,Mumbai
9656,CUST_297,Electronics,2842,1,15-04-2025,Rajasthan
9657,CUST_163,Home Decor,3712,5,02-09-2025,Mumbai
9658,CUST_260,Home Decor,4917,3,09-09-2025,Delhi
9659,CUST_138,Clothing,255,2,24-07-2025,Delhi
9660,CUST_166,Electronics,1190,1,07-10-2025,Rajasthan
9661,CUST_149,Electronics,2965,1,09-10-2025,UP
9662,CUST_148,Home Decor,1205,1,15-08-2025,Karnataka
9663,CUST_148,Clothing,3470,5,27-08-2025,Karnataka
9664,CUST_289,Electronics,4406,4,30-06-2025,UP
9665,CUST_162,Clothing,711,1,23-01-2025,Rajasthan
9666,CUST_180,Clothing,4219,1,28-03-2025,Delhi
9667,CUST_100,Books,3004,1,02-10-2025,Rajasthan
9668,CUST_124,Electronics,2344,4,18-10-2025,Rajasthan
9669,CUST_252,Clothing,1850,4,02-03-2025,Mumbai
9670,CUST_115,Electronics,4488,3,18-04-2025,Rajasthan
9671,CUST_146,Electronics,4305,2,08-05-2025,Rajasthan
9672,CUST_187,Books,4913,1,20-02-2025,Mumbai
9673,CUST_282,Books,468,5,12-02-2025,Rajasthan
9674,CUST_144,Books,1696,3,30-11-2025,UP
9675,CUST_272,Clothing,4610,3,27-12-2025,Karnataka
9676,CUST_293,Books,3680,3,03-12-2025,Rajasthan
9677,CUST_225,Clothing,1593,3,27-09-2025,Karnataka
9678,CUST_105,Electronics,3648,4,09-06-2025,Karnataka
9679,CUST_126,Books,1361,3,03-09-2025,Mumbai
9680,CUST_153,Home Decor,1033,5,14-08-2025,Mumbai
9681,CUST_226,Books,2951,2,17-03-2025,Karnataka
9682,CUST_206,Electronics,784,5,06-02-2025,Karnataka
9683,CUST_166,Electronics,4242,4,23-01-2025,Rajasthan
9684,CUST_211,Electronics,714,3,07-11-2025,Karnataka
9685,CUST_114,Clothing,1797,5,16-05-2025,Karnataka
9686,CUST_270,Books,4576,5,15-03-2025,Mumbai
9687,CUST_125,Clothing,1449,4,12-10-2025,Mumbai
9688,CUST_263,Books,1943,5,08-09-2025,Rajasthan
9689,CUST_280,Books,3300,2,03-09-2025,Karnataka
9690,CUST_267,Books,1893,3,12-10-2025,Karnataka
9691,CUST_222,Clothing,4889,5,26-06-2025,Mumbai
9692,CUST_287,Electronics,4905,4,15-04-2025,Delhi
9693,CUST_216,Home Decor,3697,4,20-06-2025,Karnataka
9694,CUST_128,Clothing,2125,3,21-11-2025,Rajasthan
9695,CUST_126,Electronics,2846,5,01-01-2025,UP
9696,CUST_131,Books,3902,2,08-09-2025,Delhi
9697,CUST_203,Electronics,927,1,04-03-2025,Delhi
9698,CUST_101,Clothing,3084,1,14-07-2025,Karnataka
9699,CUST_216,Books,1945,5,22-08-2025,Rajasthan
9700,CUST_199,Clothing,1994,5,27-05-2025,Mumbai
9701,CUST_287,Electronics,2545,1,02-04-2025,Mumbai
9702,CUST_168,Clothing,2325,3,24-12-2025,Mumbai
9703,CUST_264,Books,4913,5,24-11-2025,Delhi
9704,CUST_140,Books,1080,3,23-10-2025,UP
9705,CUST_205,Books,2894,4,13-11-2025,Delhi
9706,CUST_108,Home Decor,1129,1,26-11-2025,Karnataka
9707,CUST_234,Electronics,4403,3,04-04-2025,UP
9708,CUST_264,Electronics,4042,1,14-10-2025,Mumbai
9709,CUST_182,Clothing,2781,2,17-11-2025,Mumbai
9710,CUST_199,Books,2241,5,14-11-2025,Mumbai
9711,CUST_219,Electronics,4649,2,01-03-2025,UP
9712,CUST_257,Home Decor,4284,4,29-11-2025,UP
9713,CUST_114,Electronics,1710,1,14-03-2025,Rajasthan
9714,CUST_255,Clothing,4628,2,15-04-2025,Delhi
9715,CUST_191,Electronics,2714,5,26-06-2025,UP
9716,CUST_114,Books,2090,3,02-08-2025,Delhi
9717,CUST_125,Home Decor,513,5,24-09-2025,Karnataka
9718,CUST_149,Books,378,1,19-04-2025,Mumbai
9719,CUST_182,Clothing,1353,5,12-06-2025,Mumbai
9720,CUST_126,Clothing,3801,3,19-03-2025,Mumbai
9721,CUST_172,Books,2217,5,08-02-2025,Mumbai
9722,CUST_100,Clothing,4852,4,09-10-2025,Delhi
9723,CUST_207,Clothing,2515,2,20-04-2025,Rajasthan
9724,CUST_120,Books,637,5,24-09-2025,UP
9725,CUST_250,Home Decor,1993,3,06-10-2025,UP
9726,CUST_185,Books,3543,3,23-05-2025,UP
9727,CUST_264,Home Decor,2927,5,16-03-2025,Karnataka
9728,CUST_274,Books,4047,5,17-08-2025,Karnataka
9729,CUST_105,Electronics,111,3,04-12-2025,UP
9730,CUST_206,Clothing,1440,2,13-11-2025,Delhi
9731,CUST_248,Electronics,980,3,04-12-2025,UP
9732,CUST_110,Electronics,120,1,18-07-2025,Mumbai
9733,CUST_214,Clothing,2962,1,23-04-2025,Rajasthan
9734,CUST_259,Home Decor,961,1,30-05-2025,Karnataka
9735,CUST_177,Clothing,4562,5,26-07-2025,Rajasthan
9736,CUST_170,Home Decor,545,1,19-05-2025,Mumbai
9737,CUST_135,Books,1766,2,10-12-2025,UP
9738,CUST_183,Home Decor,1260,5,24-01-2025,Delhi
9739,CUST_108,Home Decor,3607,4,11-12-2025,Karnataka
9740,CUST_262,Clothing,3658,5,28-08-2025,UP
9741,CUST_219,Books,2260,1,09-07-2025,Delhi
9742,CUST_118,Electronics,4286,3,14-03-2025,Mumbai
9743,CUST_173,Home Decor,1790,2,09-06-2025,Rajasthan
9744,CUST_298,Home Decor,765,4,31-05-2025,UP
9745,CUST_146,Books,2901,1,10-11-2025,Mumbai
9746,CUST_135,Books,1408,5,15-11-2025,Rajasthan
9747,CUST_170,Home Decor,3931,2,30-10-2025,UP
9748,CUST_155,Books,3658,2,23-07-2025,UP
9749,CUST_141,Clothing,2362,1,15-12-2025,Karnataka
9750,CUST_280,Books,3067,5,08-06-2025,Karnataka
9751,CUST_199,Books,1965,2,16-12-2025,UP
9752,CUST_206,Clothing,4236,2,20-07-2025,Mumbai
9753,CUST_270,Home Decor,3266,2,18-02-2025,Rajasthan
9754,CUST_206,Electronics,607,3,06-10-2025,Rajasthan
9755,CUST_193,Home Decor,1085,3,11-06-2025,Delhi
9756,CUST_286,Home Decor,1264,3,06-01-2025,Rajasthan
9757,CUST_194,Home Decor,4438,5,16-08-2025,UP
9758,CUST_202,Clothing,4267,2,09-03-2025,Delhi
9759,CUST_205,Books,2257,1,02-01-2025,Delhi
9760,CUST_215,Electronics,1733,1,24-10-2025,Karnataka
9761,CUST_254,Home Decor,4000,3,08-05-2025,Karnataka
9762,CUST_297,Home Decor,1055,3,22-07-2025,Mumbai
9763,CUST_235,Clothing,1208,4,01-11-2025,Delhi
9764,CUST_204,Electronics,2602,1,26-12-2025,UP
9765,CUST_292,Home Decor,4690,3,04-06-2025,Karnataka
9766,CUST_115,Electronics,2955,3,04-03-2025,Mumbai
9767,CUST_114,Electronics,2562,3,23-05-2025,UP
9768,CUST_261,Books,4832,2,15-09-2025,Mumbai
9769,CUST_255,Clothing,3018,4,21-07-2025,Mumbai
9770,CUST_267,Home Decor,2649,1,21-11-2025,Delhi
9771,CUST_160,Books,2881,5,08-02-2025,Delhi
9772,CUST_220,Books,643,3,24-08-2025,UP
9773,CUST_223,Clothing,901,2,31-07-2025,Rajasthan
9774,CUST_294,Clothing,923,4,12-10-2025,Karnataka
9775,CUST_271,Clothing,4810,3,23-05-2025,Karnataka
9776,CUST_242,Books,4211,2,18-11-2025,Mumbai
9777,CUST_105,Electronics,1430,5,12-03-2025,Mumbai
9778,CUST_244,Clothing,4023,2,28-02-2025,Delhi
9779,CUST_293,Home Decor,3365,1,28-03-2025,UP
9780,CUST_158,Home Decor,1356,5,26-11-2025,Rajasthan
9781,CUST_112,Clothing,3616,1,15-11-2025,Rajasthan
9782,CUST_108,Electronics,1897,2,27-04-2025,UP
9783,CUST_151,Books,2643,4,09-02-2025,Mumbai
9784,CUST_130,Books,2862,2,18-06-2025,Mumbai
9785,CUST_151,Books,1272,3,17-04-2025,Mumbai
9786,CUST_136,Clothing,578,3,06-03-2025,Delhi
9787,CUST_185,Home Decor,208,3,04-07-2025,Mumbai
9788,CUST_186,Books,879,4,22-12-2025,Karnataka
9789,CUST_149,Books,2608,2,11-06-2025,Delhi
9790,CUST_236,Clothing,2472,4,25-11-2025,Rajasthan
9791,CUST_201,Home Decor,3619,3,10-04-2025,Karnataka
9792,CUST_292,Electronics,1865,1,22-10-2025,Mumbai
9793,CUST_299,Home Decor,563,2,01-02-2025,Karnataka
9794,CUST_212,Home Decor,3084,1,06-07-2025,Delhi
9795,CUST_132,Home Decor,4339,2,29-01-2025,UP
9796,CUST_169,Home Decor,4928,4,24-04-2025,Mumbai
9797,CUST_237,Home Decor,3115,1,08-09-2025,Mumbai
9798,CUST_134,Electronics,1935,1,08-06-2025,Delhi
9799,CUST_256,Clothing,1239,2,12-09-2025,UP
9800,CUST_197,Books,4622,4,20-09-2025,Rajasthan
9801,CUST_185,Clothing,4409,3,27-06-2025,Karnataka
9802,CUST_136,Clothing,4367,3,28-09-2025,Rajasthan
9803,CUST_195,Electronics,3263,5,19-09-2025,UP
9804,CUST_239,Electronics,1237,2,16-10-2025,UP
9805,CUST_195,Clothing,135,1,25-07-2025,Rajasthan
9806,CUST_273,Clothing,4194,4,07-03-2025,Rajasthan
9807,CUST_149,Electronics,3742,2,02-02-2025,Rajasthan
9808,CUST_179,Home Decor,1750,4,30-11-2025,Delhi
9809,CUST_178,Electronics,712,2,13-08-2025,Rajasthan
9810,CUST_290,Books,1760,5,29-05-2025,Delhi
9811,CUST_223,Electronics,4618,5,04-01-2025,Delhi
9812,CUST_157,Electronics,2130,3,09-04-2025,UP
9813,CUST_204,Electronics,4148,4,02-06-2025,Delhi
9814,CUST_101,Clothing,1063,3,09-06-2025,Rajasthan
9815,CUST_140,Clothing,4248,4,19-12-2025,UP
9816,CUST_237,Clothing,2102,3,20-06-2025,UP
9817,CUST_275,Electronics,2414,5,20-08-2025,UP
9818,CUST_190,Electronics,3622,3,29-12-2025,UP
9819,CUST_146,Home Decor,3318,1,11-01-2025,Delhi
9820,CUST_242,Home Decor,2715,3,13-08-2025,Karnataka
9821,CUST_289,Home Decor,3053,4,09-10-2025,Rajasthan
9822,CUST_170,Books,1186,1,29-07-2025,Karnataka
9823,CUST_196,Clothing,4927,4,07-10-2025,Mumbai
9824,CUST_138,Clothing,1134,2,15-10-2025,Rajasthan
9825,CUST_244,Clothing,1321,3,28-02-2025,Karnataka
9826,CUST_288,Books,2146,5,17-12-2025,Delhi
9827,CUST_128,Home Decor,1153,2,11-06-2025,Rajasthan
9828,CUST_176,Books,3446,3,26-09-2025,Rajasthan
9829,CUST_128,Books,534,2,27-04-2025,Karnataka
9830,CUST_141,Home Decor,2364,5,13-02-2025,Mumbai
9831,CUST_115,Clothing,626,1,18-11-2025,Rajasthan
9832,CUST_291,Books,2812,5,05-07-2025,UP
9833,CUST_125,Electronics,2359,1,04-05-2025,Delhi
9834,CUST_112,Books,3678,1,24-07-2025,Delhi
9835,CUST_150,Books,3904,2,27-12-2025,Rajasthan
9836,CUST_100,Clothing,1516,3,01-07-2025,Rajasthan
9837,CUST_100,Books,3718,2,06-12-2025,Karnataka
9838,CUST_200,Books,1113,3,02-02-2025,Mumbai
9839,CUST_138,Clothing,4561,3,31-01-2025,Delhi
9840,CUST_107,Clothing,4727,2,06-08-2025,Karnataka
9841,CUST_260,Home Decor,809,4,25-01-2025,UP
9842,CUST_150,Clothing,1760,5,30-10-2025,Rajasthan
9843,CUST_192,Books,1123,4,01-12-2025,Karnataka
9844,CUST_154,Clothing,3104,3,24-10-2025,Rajasthan
9845,CUST_119,Books,4346,1,06-10-2025,Karnataka
9846,CUST_158,Home Decor,2590,3,21-05-2025,Delhi
9847,CUST_195,Clothing,2118,4,21-12-2025,Rajasthan
9848,CUST_170,Books,1292,4,14-03-2025,Rajasthan
9849,CUST_119,Home Decor,2396,3,15-04-2025,UP
9850,CUST_198,Clothing,4625,5,24-02-2025,Mumbai
9851,CUST_213,Electronics,2381,2,20-04-2025,Karnataka
9852,CUST_260,Books,4101,3,24-02-2025,Mumbai
9853,CUST_294,Electronics,4881,3,19-02-2025,UP
9854,CUST_131,Home Decor,2452,4,29-10-2025,Mumbai
9855,CUST_204,Home Decor,925,4,26-03-2025,Delhi
9856,CUST_268,Books,3421,1,13-10-2025,UP
9857,CUST_146,Books,4995,1,03-06-2025,Rajasthan
9858,CUST_172,Home Decor,1771,5,10-11-2025,Rajasthan
9859,CUST_227,Home Decor,2246,1,14-11-2025,Karnataka
9860,CUST_273,Home Decor,4122,4,12-04-2025,Mumbai
9861,CUST_260,Clothing,2719,5,25-04-2025,Rajasthan
9862,CUST_104,Clothing,363,1,21-07-2025,Karnataka
9863,CUST_231,Clothing,4250,2,20-02-2025,Mumbai
9864,CUST_102,Books,900,4,16-09-2025,Rajasthan
9865,CUST_143,Books,1650,2,19-02-2025,Rajasthan
9866,CUST_125,Books,4366,4,30-06-2025,UP
9867,CUST_242,Home Decor,1662,2,08-05-2025,Karnataka
9868,CUST_245,Home Decor,787,2,10-11-2025,Mumbai
9869,CUST_123,Clothing,1514,2,30-12-2025,Delhi
9870,CUST_249,Books,3723,3,02-03-2025,Delhi
9871,CUST_297,Books,3238,2,14-02-2025,Karnataka
9872,CUST_234,Electronics,563,5,26-03-2025,Rajasthan
9873,CUST_257,Home Decor,2541,1,17-02-2025,Delhi
9874,CUST_274,Books,1230,3,10-08-2025,UP
9875,CUST_185,Home Decor,2120,5,27-06-2025,Rajasthan
9876,CUST_283,Home Decor,3220,3,12-11-2025,Mumbai
9877,CUST_116,Home Decor,2859,1,04-02-2025,Mumbai
9878,CUST_161,Electronics,4260,1,29-08-2025,Karnataka
9879,CUST_244,Electronics,1626,1,10-02-2025,Delhi
9880,CUST_103,Home Decor,4822,1,09-11-2025,Mumbai
9881,CUST_144,Home Decor,3829,2,23-02-2025,Mumbai
9882,CUST_136,Electronics,392,3,19-12-2025,Mumbai
9883,CUST_257,Electronics,4427,1,08-10-2025,Mumbai
9884,CUST_269,Clothing,2555,1,10-07-2025,Rajasthan
9885,CUST_268,Electronics,367,4,10-01-2025,Rajasthan
9886,CUST_130,Electronics,1672,1,04-03-2025,Delhi
9887,CUST_264,Home Decor,3915,1,09-01-2025,Rajasthan
9888,CUST_130,Clothing,291,4,27-10-2025,UP
9889,CUST_116,Books,3351,2,28-03-2025,Delhi
9890,CUST_272,Electronics,3363,3,07-01-2025,Delhi
9891,CUST_279,Home Decor,2700,4,02-03-2025,Mumbai
9892,CUST_107,Electronics,396,2,13-01-2025,Karnataka
9893,CUST_282,Electronics,1194,1,06-07-2025,Karnataka
9894,CUST_291,Home Decor,4166,1,04-12-2025,Mumbai
9895,CUST_201,Clothing,1208,1,25-02-2025,Mumbai
9896,CUST_242,Home Decor,3572,5,05-01-2025,Mumbai
9897,CUST_231,Electronics,2391,2,15-06-2025,UP
9898,CUST_253,Books,908,1,09-05-2025,Rajasthan
9899,CUST_170,Home Decor,1755,4,17-04-2025,UP
9900,CUST_250,Home Decor,1659,5,26-05-2025,Rajasthan
9901,CUST_256,Electronics,1973,5,25-01-2025,Rajasthan
9902,CUST_261,Books,3152,4,22-10-2025,UP
9903,CUST_145,Books,1486,2,23-06-2025,Karnataka
9904,CUST_181,Home Decor,1745,4,25-11-2025,UP
9905,CUST_190,Clothing,3409,5,14-04-2025,UP
9906,CUST_147,Clothing,2299,5,09-05-2025,Delhi
9907,CUST_123,Books,4921,5,17-11-2025,Delhi
9908,CUST_101,Books,576,4,15-12-2025,Mumbai
9909,CUST_131,Books,2742,5,24-07-2025,UP
9910,CUST_124,Electronics,3082,5,04-04-2025,Rajasthan
9911,CUST_189,Electronics,2811,4,11-01-2025,Delhi
9912,CUST_293,Electronics,2362,4,15-02-2025,Delhi
9913,CUST_181,Books,4819,4,24-04-2025,UP
9914,CUST_240,Electronics,2169,4,22-12-2025,Karnataka
9915,CUST_206,Home Decor,2953,5,02-04-2025,Karnataka
9916,CUST_219,Clothing,545,3,08-05-2025,UP
9917,CUST_215,Clothing,1239,1,17-11-2025,Mumbai
9918,CUST_117,Books,1502,4,01-02-2025,Mumbai
9919,CUST_234,Electronics,2471,2,06-03-2025,Mumbai
9920,CUST_265,Electronics,4056,1,30-08-2025,Karnataka
9921,CUST_134,Books,1362,5,05-09-2025,Karnataka
9922,CUST_260,Clothing,1840,5,21-11-2025,Delhi
9923,CUST_241,Home Decor,4313,2,03-03-2025,UP
9924,CUST_293,Books,166,4,30-10-2025,Rajasthan
9925,CUST_277,Electronics,415,1,04-06-2025,Delhi
9926,CUST_255,Books,2565,5,13-02-2025,Karnataka
9927,CUST_190,Electronics,2748,3,22-12-2025,Mumbai
9928,CUST_109,Home Decor,1238,3,02-07-2025,UP
9929,CUST_145,Electronics,1388,4,09-04-2025,UP
9930,CUST_225,Clothing,2201,5,07-07-2025,Delhi
9931,CUST_215,Books,3099,5,17-08-2025,Karnataka
9932,CUST_102,Electronics,3309,4,01-07-2025,Delhi
9933,CUST_134,Home Decor,3612,3,09-09-2025,UP
9934,CUST_139,Books,3470,2,21-12-2025,UP
9935,CUST_187,Home Decor,1627,2,04-10-2025,Delhi
9936,CUST_153,Home Decor,3937,4,02-05-2025,Rajasthan
9937,CUST_172,Electronics,3518,2,19-03-2025,Mumbai
9938,CUST_288,Home Decor,2748,1,10-12-2025,Mumbai
9939,CUST_183,Home Decor,3216,1,28-01-2025,UP
9940,CUST_227,Electronics,1258,3,13-12-2025,UP
9941,CUST_240,Books,229,3,09-08-2025,Delhi
9942,CUST_281,Clothing,3993,2,20-10-2025,Karnataka
9943,CUST_222,Books,4806,5,27-03-2025,Mumbai
9944,CUST_144,Clothing,2014,5,18-12-2025,Karnataka
9945,CUST_272,Home Decor,2460,3,12-11-2025,Mumbai
9946,CUST_189,Books,1268,4,21-10-2025,Mumbai
9947,CUST_159,Books,1103,1,04-08-2025,Rajasthan
9948,CUST_128,Clothing,4390,5,21-09-2025,Delhi
9949,CUST_185,Home Decor,2927,1,24-08-2025,Mumbai
9950,CUST_150,Electronics,3961,4,13-04-2025,Mumbai
9951,CUST_192,Clothing,293,2,27-08-2025,Karnataka
9952,CUST_121,Home Decor,275,1,29-11-2025,UP
9953,CUST_269,Home Decor,3675,1,04-07-2025,Rajasthan
9954,CUST_146,Clothing,1304,1,08-02-2025,Delhi
9955,CUST_142,Clothing,2543,3,01-06-2025,Mumbai
9956,CUST_292,Home Decor,301,4,11-11-2025,Karnataka
9957,CUST_276,Clothing,4141,5,13-05-2025,Karnataka
9958,CUST_172,Books,1262,5,26-06-2025,UP
9959,CUST_235,Home Decor,481,5,12-01-2025,Delhi
9960,CUST_291,Home Decor,1575,4,28-10-2025,Delhi
9961,CUST_209,Clothing,3644,2,02-08-2025,UP
9962,CUST_230,Home Decor,3947,2,21-07-2025,Mumbai
9963,CUST_191,Home Decor,4648,4,21-08-2025,UP
9964,CUST_273,Home Decor,4980,2,29-04-2025,UP
9965,CUST_281,Books,2824,3,08-02-2025,Rajasthan
9966,CUST_254,Books,4837,1,14-06-2025,Mumbai
9967,CUST_236,Home Decor,3428,5,18-01-2025,Delhi
9968,CUST_138,Books,4194,3,05-02-2025,Delhi
9969,CUST_264,Clothing,1175,1,08-05-2025,UP
9970,CUST_299,Electronics,386,3,03-04-2025,UP
9971,CUST_156,Home Decor,2415,5,21-05-2025,Delhi
9972,CUST_256,Clothing,101,3,10-09-2025,Mumbai
9973,CUST_199,Home Decor,1406,3,02-05-2025,Mumbai
9974,CUST_163,Electronics,1259,2,07-03-2025,Delhi
9975,CUST_100,Clothing,4533,1,27-12-2025,Karnataka
9976,CUST_258,Electronics,2622,5,04-08-2025,Rajasthan
9977,CUST_253,Home Decor,1772,5,04-07-2025,Karnataka
9978,CUST_219,Electronics,3566,3,23-10-2025,UP
9979,CUST_169,Electronics,4478,5,25-11-2025,Delhi
9980,CUST_137,Books,3332,1,28-01-2025,Mumbai
9981,CUST_153,Electronics,3686,5,22-02-2025,Karnataka
9982,CUST_120,Home Decor,212,2,07-11-2025,Mumbai
9983,CUST_139,Electronics,3514,3,24-04-2025,Karnataka
9984,CUST_116,Clothing,1337,2,25-02-2025,UP
9985,CUST_280,Clothing,3721,2,17-02-2025,UP
9986,CUST_107,Electronics,3873,3,14-10-2025,Rajasthan
9987,CUST_202,Home Decor,3725,1,19-04-2025,Karnataka
9988,CUST_127,Books,1409,4,17-02-2025,Delhi
9989,CUST_226,Home Decor,4076,3,19-02-2025,UP
9990,CUST_282,Home Decor,1258,5,24-01-2025,Karnataka
9991,CUST_158,Clothing,1738,3,15-06-2025,UP
9992,CUST_247,Home Decor,2003,4,05-06-2025,Rajasthan
9993,CUST_203,Electronics,1197,3,24-03-2025,Karnataka
9994,CUST_179,Electronics,1935,2,23-07-2025,Karnataka
9995,CUST_250,Clothing,1447,1,28-11-2025,Rajasthan
9996,CUST_182,Home Decor,2433,3,24-08-2025,UP
9997,CUST_193,Home Decor,3667,3,25-04-2025,UP
9998,CUST_205,Electronics,2159,4,08-08-2025,UP
9999,CUST_271,Home Decor,1802,5,17-04-2025,UP
10000,CUST_134,Home Decor,1740,5,27-04-2025,UP
10001,CUST_260,Electronics,4157,1,22-03-2025,Rajasthan
10002,CUST_203,Electronics,760,1,18-01-2025,UP
10003,CUST_194,Books,2332,5,15-01-2025,Delhi
10004,CUST_171,Electronics,3781,1,30-06-2025,Rajasthan
10005,CUST_224,Electronics,4363,3,09-02-2025,Delhi
10006,CUST_196,Electronics,3939,2,01-04-2025,Karnataka
10007,CUST_234,Books,3239,3,01-08-2025,Mumbai
10008,CUST_201,Clothing,3452,5,07-08-2025,Rajasthan
10009,CUST_294,Home Decor,1243,4,29-06-2025,Karnataka
10010,CUST_233,Books,1683,2,21-01-2025,Mumbai
10011,CUST_114,Books,558,3,14-08-2025,Rajasthan
10012,CUST_170,Home Decor,2237,3,27-10-2025,Mumbai
10013,CUST_266,Clothing,2017,2,12-02-2025,Delhi
10014,CUST_251,Electronics,454,1,24-06-2025,UP
10015,CUST_273,Electronics,4144,5,12-10-2025,Karnataka
10016,CUST_223,Electronics,870,2,09-08-2025,Karnataka
10017,CUST_173,Home Decor,3532,2,21-07-2025,Delhi
10018,CUST_225,Books,101,1,12-12-2025,Delhi
10019,CUST_266,Books,2231,5,04-06-2025,Mumbai
10020,CUST_277,Clothing,1936,1,30-10-2025,Karnataka
10021,CUST_286,Electronics,3523,3,29-05-2025,Mumbai
10022,CUST_115,Electronics,3726,2,19-05-2025,Delhi
10023,CUST_211,Electronics,143,1,11-09-2025,UP
10024,CUST_257,Electronics,4574,3,12-06-2025,Delhi
10025,CUST_201,Home Decor,3798,3,08-01-2025,Karnataka
10026,CUST_285,Clothing,3924,4,06-01-2025,UP
10027,CUST_278,Electronics,3135,3,21-09-2025,Rajasthan
10028,CUST_118,Clothing,3691,5,09-05-2025,Karnataka
10029,CUST_104,Books,3312,5,26-03-2025,Karnataka
10030,CUST_116,Electronics,4936,2,16-04-2025,UP
10031,CUST_202,Books,3916,5,06-05-2025,Rajasthan
10032,CUST_137,Books,833,5,08-03-2025,Karnataka
10033,CUST_254,Electronics,2387,1,30-07-2025,UP
10034,CUST_275,Electronics,2403,1,01-02-2025,Delhi
10035,CUST_288,Home Decor,4362,1,15-01-2025,Karnataka
10036,CUST_245,Clothing,3397,1,20-10-2025,UP
10037,CUST_155,Books,807,2,20-12-2025,Karnataka
10038,CUST_214,Clothing,4041,2,09-12-2025,Mumbai
10039,CUST_286,Electronics,1043,3,17-01-2025,Rajasthan
10040,CUST_232,Books,1839,5,28-09-2025,UP
10041,CUST_193,Home Decor,768,1,14-12-2025,Karnataka
10042,CUST_169,Electronics,4762,2,14-06-2025,Karnataka
10043,CUST_197,Electronics,3034,2,15-06-2025,Mumbai
10044,CUST_146,Clothing,2158,5,13-08-2025,Mumbai
10045,CUST_156,Clothing,2145,2,01-05-2025,Karnataka
10046,CUST_261,Clothing,147,5,05-06-2025,Delhi
10047,CUST_187,Books,2676,3,30-11-2025,UP
10048,CUST_163,Home Decor,888,3,04-12-2025,Karnataka
10049,CUST_165,Electronics,3320,3,10-11-2025,Rajasthan
10050,CUST_163,Clothing,1217,3,19-04-2025,Mumbai
